solid OpenSCAD_Model
  facet normal 0.954729 -0.297478 0
    outer loop
      vertex 247.292 1.72774 2
      vertex 248 4 0
      vertex 248 4 2
    endloop
  endfacet
  facet normal 0.954729 -0.297478 0
    outer loop
      vertex 248 4 0
      vertex 247.292 1.72774 2
      vertex 247.292 1.72774 0
    endloop
  endfacet
  facet normal -0.66325 0.748398 0
    outer loop
      vertex 2.14111 149.542 0
      vertex 0.708069 148.272 2
      vertex 2.14111 149.542 2
    endloop
  endfacet
  facet normal -0.66325 0.748398 0
    outer loop
      vertex 0.708069 148.272 2
      vertex 2.14111 149.542 0
      vertex 0.708069 148.272 0
    endloop
  endfacet
  facet normal 0.663133 -0.748501 0
    outer loop
      vertex 245.859 0.458176 0
      vertex 247.292 1.72774 2
      vertex 245.859 0.458176 2
    endloop
  endfacet
  facet normal 0.663133 -0.748501 0
    outer loop
      vertex 247.292 1.72774 2
      vertex 245.859 0.458176 0
      vertex 247.292 1.72774 0
    endloop
  endfacet
  facet normal 0 0 -1
    outer loop
      vertex 243.1 144.3 0
      vertex 248 146 0
      vertex 248 4 0
    endloop
  endfacet
  facet normal 0 0 -1
    outer loop
      vertex 243.1 5.7 0
      vertex 248 4 0
      vertex 247.292 1.72774 0
    endloop
  endfacet
  facet normal 0 0 -1
    outer loop
      vertex 243.1 144.3 0
      vertex 248 4 0
      vertex 243.1 5.7 0
    endloop
  endfacet
  facet normal 0 0 -1
    outer loop
      vertex 242.3 4.9 0
      vertex 247.292 1.72774 0
      vertex 245.859 0.458176 0
    endloop
  endfacet
  facet normal 0 0 -1
    outer loop
      vertex 242.3 4.9 0
      vertex 245.859 0.458176 0
      vertex 244 0 0
    endloop
  endfacet
  facet normal -0 0 -1
    outer loop
      vertex 248 146 0
      vertex 243.1 144.3 0
      vertex 247.542 147.859 0
    endloop
  endfacet
  facet normal -0 0 -1
    outer loop
      vertex 247.542 147.859 0
      vertex 243.1 144.3 0
      vertex 246.272 149.292 0
    endloop
  endfacet
  facet normal 0 0 -1
    outer loop
      vertex 247.292 1.72774 0
      vertex 242.3 4.9 0
      vertex 243.1 5.7 0
    endloop
  endfacet
  facet normal 0 0 -1
    outer loop
      vertex 244 0 0
      vertex 5.7 4.9 0
      vertex 242.3 4.9 0
    endloop
  endfacet
  facet normal -0 0 -1
    outer loop
      vertex 5.7 4.9 0
      vertex 1.72774 0.708069 0
      vertex 4.9 5.7 0
    endloop
  endfacet
  facet normal 0 0 -1
    outer loop
      vertex 1.72774 0.708069 0
      vertex 5.7 4.9 0
      vertex 4 0 0
    endloop
  endfacet
  facet normal 0 0 -1
    outer loop
      vertex 4 0 0
      vertex 5.7 4.9 0
      vertex 244 0 0
    endloop
  endfacet
  facet normal 0 0 -1
    outer loop
      vertex 242.3 145.1 0
      vertex 246.272 149.292 0
      vertex 243.1 144.3 0
    endloop
  endfacet
  facet normal -0 0 -1
    outer loop
      vertex 246.272 149.292 0
      vertex 242.3 145.1 0
      vertex 244 150 0
    endloop
  endfacet
  facet normal 0 0 -1
    outer loop
      vertex 5.7 145.1 0
      vertex 244 150 0
      vertex 242.3 145.1 0
    endloop
  endfacet
  facet normal 0 0 -1
    outer loop
      vertex 5.7 145.1 0
      vertex 4 150 0
      vertex 244 150 0
    endloop
  endfacet
  facet normal 0 0 -1
    outer loop
      vertex 0.708069 148.272 0
      vertex 5.7 145.1 0
      vertex 4.9 144.3 0
    endloop
  endfacet
  facet normal -0 0 -1
    outer loop
      vertex 4.9 5.7 0
      vertex 0 4 0
      vertex 4.9 144.3 0
    endloop
  endfacet
  facet normal 0 -0 -1
    outer loop
      vertex 0.708069 148.272 0
      vertex 4.9 144.3 0
      vertex 0 146 0
    endloop
  endfacet
  facet normal 0 0 -1
    outer loop
      vertex 0.458176 2.14111 0
      vertex 4.9 5.7 0
      vertex 1.72774 0.708069 0
    endloop
  endfacet
  facet normal -0 0 -1
    outer loop
      vertex 4.9 144.3 0
      vertex 0 4 0
      vertex 0 146 0
    endloop
  endfacet
  facet normal 0 0 -1
    outer loop
      vertex 4.9 5.7 0
      vertex 0.458176 2.14111 0
      vertex 0 4 0
    endloop
  endfacet
  facet normal 0 0 -1
    outer loop
      vertex 5.7 145.1 0
      vertex 2.14111 149.542 0
      vertex 4 150 0
    endloop
  endfacet
  facet normal 0 0 -1
    outer loop
      vertex 5.7 145.1 0
      vertex 0.708069 148.272 0
      vertex 2.14111 149.542 0
    endloop
  endfacet
  facet normal 0.748388 0.663261 0
    outer loop
      vertex 247.542 147.859 2
      vertex 246.272 149.292 0
      vertex 246.272 149.292 2
    endloop
  endfacet
  facet normal 0.748388 0.663261 0
    outer loop
      vertex 246.272 149.292 0
      vertex 247.542 147.859 2
      vertex 247.542 147.859 0
    endloop
  endfacet
  facet normal -0.297505 -0.95472 0
    outer loop
      vertex 1.72774 0.708069 0
      vertex 4 0 2
      vertex 1.72774 0.708069 2
    endloop
  endfacet
  facet normal -0.297505 -0.95472 -0
    outer loop
      vertex 4 0 2
      vertex 1.72774 0.708069 0
      vertex 4 0 0
    endloop
  endfacet
  facet normal 1 -0 0
    outer loop
      vertex 248 4 2
      vertex 248 146 0
      vertex 248 146 2
    endloop
  endfacet
  facet normal 1 0 0
    outer loop
      vertex 248 146 0
      vertex 248 4 2
      vertex 248 4 0
    endloop
  endfacet
  facet normal -1 0 0
    outer loop
      vertex 0 4 0
      vertex 0 146 2
      vertex 0 146 0
    endloop
  endfacet
  facet normal -1 -0 0
    outer loop
      vertex 0 146 2
      vertex 0 4 0
      vertex 0 4 2
    endloop
  endfacet
  facet normal -0.954711 0.297536 0
    outer loop
      vertex 0 146 0
      vertex 0.708069 148.272 2
      vertex 0.708069 148.272 0
    endloop
  endfacet
  facet normal -0.954711 0.297536 0
    outer loop
      vertex 0.708069 148.272 2
      vertex 0 146 0
      vertex 0 146 2
    endloop
  endfacet
  facet normal -0.970942 -0.239316 0
    outer loop
      vertex 0.458176 2.14111 0
      vertex 0 4 2
      vertex 0 4 0
    endloop
  endfacet
  facet normal -0.970942 -0.239316 0
    outer loop
      vertex 0 4 2
      vertex 0.458176 2.14111 0
      vertex 0.458176 2.14111 2
    endloop
  endfacet
  facet normal 0 -1 0
    outer loop
      vertex 4 0 0
      vertex 244 0 2
      vertex 4 0 2
    endloop
  endfacet
  facet normal 0 -1 -0
    outer loop
      vertex 244 0 2
      vertex 4 0 0
      vertex 244 0 0
    endloop
  endfacet
  facet normal 0 1 -0
    outer loop
      vertex 244 150 0
      vertex 4 150 2
      vertex 244 150 2
    endloop
  endfacet
  facet normal 0 1 0
    outer loop
      vertex 4 150 2
      vertex 244 150 0
      vertex 4 150 0
    endloop
  endfacet
  facet normal 0.297509 0.954719 -0
    outer loop
      vertex 246.272 149.292 0
      vertex 244 150 2
      vertex 246.272 149.292 2
    endloop
  endfacet
  facet normal 0.297509 0.954719 0
    outer loop
      vertex 244 150 2
      vertex 246.272 149.292 0
      vertex 244 150 0
    endloop
  endfacet
  facet normal -0.239229 0.970963 0
    outer loop
      vertex 4 150 0
      vertex 2.14111 149.542 2
      vertex 4 150 2
    endloop
  endfacet
  facet normal -0.239229 0.970963 0
    outer loop
      vertex 2.14111 149.542 2
      vertex 4 150 0
      vertex 2.14111 149.542 0
    endloop
  endfacet
  facet normal 0.970966 0.239216 0
    outer loop
      vertex 248 146 2
      vertex 247.542 147.859 0
      vertex 247.542 147.859 2
    endloop
  endfacet
  facet normal 0.970966 0.239216 0
    outer loop
      vertex 247.542 147.859 0
      vertex 248 146 2
      vertex 248 146 0
    endloop
  endfacet
  facet normal -0 0 1
    outer loop
      vertex 10.9944 137.978 2
      vertex 19 87.5981 2
      vertex 11.4405 138.206 2
    endloop
  endfacet
  facet normal 0 0 1
    outer loop
      vertex 14.5 85 2
      vertex 12.0217 10.9944 2
      vertex 12.1 10.5 2
    endloop
  endfacet
  facet normal 0 0 1
    outer loop
      vertex 19 87.5981 2
      vertex 10.9944 137.978 2
      vertex 16 87.5981 2
    endloop
  endfacet
  facet normal 0 0 1
    outer loop
      vertex 14.5 85 2
      vertex 11.7944 11.4405 2
      vertex 12.0217 10.9944 2
    endloop
  endfacet
  facet normal -0 0 1
    outer loop
      vertex 10.5 137.9 2
      vertex 16 87.5981 2
      vertex 10.9944 137.978 2
    endloop
  endfacet
  facet normal 0 0 1
    outer loop
      vertex 14.5 85 2
      vertex 11.4405 11.7944 2
      vertex 11.7944 11.4405 2
    endloop
  endfacet
  facet normal 0 0 1
    outer loop
      vertex 10.0056 137.978 2
      vertex 16 87.5981 2
      vertex 10.5 137.9 2
    endloop
  endfacet
  facet normal 0 0 1
    outer loop
      vertex 14.5 85 2
      vertex 10.9944 12.0217 2
      vertex 11.4405 11.7944 2
    endloop
  endfacet
  facet normal 0 0 1
    outer loop
      vertex 9.55954 138.206 2
      vertex 16 87.5981 2
      vertex 10.0056 137.978 2
    endloop
  endfacet
  facet normal 0 0 1
    outer loop
      vertex 14.5 85 2
      vertex 10.5 12.1 2
      vertex 10.9944 12.0217 2
    endloop
  endfacet
  facet normal 0 0 1
    outer loop
      vertex 9.20557 138.56 2
      vertex 16 87.5981 2
      vertex 9.55954 138.206 2
    endloop
  endfacet
  facet normal 0 0 1
    outer loop
      vertex 14.5 85 2
      vertex 10.0056 12.0217 2
      vertex 10.5 12.1 2
    endloop
  endfacet
  facet normal 0 0 1
    outer loop
      vertex 16 87.5981 2
      vertex 9.20557 138.56 2
      vertex 14.5 85 2
    endloop
  endfacet
  facet normal 0 0 1
    outer loop
      vertex 14.5 85 2
      vertex 9.55954 11.7944 2
      vertex 10.0056 12.0217 2
    endloop
  endfacet
  facet normal 0 0 1
    outer loop
      vertex 14.5 85 2
      vertex 9.20557 138.56 2
      vertex 0 146 2
    endloop
  endfacet
  facet normal 0 0 1
    outer loop
      vertex 0 4 2
      vertex 14.5 85 2
      vertex 0 146 2
    endloop
  endfacet
  facet normal 0 0 1
    outer loop
      vertex 0 146 2
      vertex 9.20557 138.56 2
      vertex 8.97831 139.006 2
    endloop
  endfacet
  facet normal 0 0 1
    outer loop
      vertex 14.5 85 2
      vertex 0 4 2
      vertex 9.55954 11.7944 2
    endloop
  endfacet
  facet normal 0 0 1
    outer loop
      vertex 0 146 2
      vertex 8.97831 139.006 2
      vertex 8.9 139.5 2
    endloop
  endfacet
  facet normal 0 0 1
    outer loop
      vertex 9.55954 11.7944 2
      vertex 0 4 2
      vertex 9.20557 11.4405 2
    endloop
  endfacet
  facet normal 0 0 1
    outer loop
      vertex 19 24.5981 2
      vertex 23.5 26.5 2
      vertex 19 28.4019 2
    endloop
  endfacet
  facet normal 0 0 1
    outer loop
      vertex 23.5 26.5 2
      vertex 19 24.5981 2
      vertex 20.5 22 2
    endloop
  endfacet
  facet normal -0 0 1
    outer loop
      vertex 16 28.4019 2
      vertex 19 24.5981 2
      vertex 19 28.4019 2
    endloop
  endfacet
  facet normal 0 0 1
    outer loop
      vertex 16 28.4019 2
      vertex 16 24.5981 2
      vertex 19 24.5981 2
    endloop
  endfacet
  facet normal 0 0 1
    outer loop
      vertex 14.5 31 2
      vertex 16 24.5981 2
      vertex 16 28.4019 2
    endloop
  endfacet
  facet normal 0 0 1
    outer loop
      vertex 16 24.5981 2
      vertex 14.5 31 2
      vertex 14.5 22 2
    endloop
  endfacet
  facet normal 0 0 1
    outer loop
      vertex 19 33.5981 2
      vertex 23.5 35.5 2
      vertex 19 37.4019 2
    endloop
  endfacet
  facet normal 0 0 1
    outer loop
      vertex 23.5 35.5 2
      vertex 19 33.5981 2
      vertex 20.5 31 2
    endloop
  endfacet
  facet normal -0 0 1
    outer loop
      vertex 16 37.4019 2
      vertex 19 33.5981 2
      vertex 19 37.4019 2
    endloop
  endfacet
  facet normal 0 0 1
    outer loop
      vertex 16 37.4019 2
      vertex 16 33.5981 2
      vertex 19 33.5981 2
    endloop
  endfacet
  facet normal 0 0 1
    outer loop
      vertex 14.5 40 2
      vertex 16 33.5981 2
      vertex 16 37.4019 2
    endloop
  endfacet
  facet normal 0 0 1
    outer loop
      vertex 16 33.5981 2
      vertex 14.5 40 2
      vertex 14.5 31 2
    endloop
  endfacet
  facet normal 0 0 1
    outer loop
      vertex 19 42.5981 2
      vertex 23.5 44.5 2
      vertex 19 46.4019 2
    endloop
  endfacet
  facet normal 0 0 1
    outer loop
      vertex 23.5 44.5 2
      vertex 19 42.5981 2
      vertex 20.5 40 2
    endloop
  endfacet
  facet normal -0 0 1
    outer loop
      vertex 16 46.4019 2
      vertex 19 42.5981 2
      vertex 19 46.4019 2
    endloop
  endfacet
  facet normal 0 0 1
    outer loop
      vertex 16 46.4019 2
      vertex 16 42.5981 2
      vertex 19 42.5981 2
    endloop
  endfacet
  facet normal 0 0 1
    outer loop
      vertex 14.5 49 2
      vertex 16 42.5981 2
      vertex 16 46.4019 2
    endloop
  endfacet
  facet normal 0 0 1
    outer loop
      vertex 16 42.5981 2
      vertex 14.5 49 2
      vertex 14.5 40 2
    endloop
  endfacet
  facet normal 0 0 1
    outer loop
      vertex 19 51.5981 2
      vertex 23.5 53.5 2
      vertex 19 55.4019 2
    endloop
  endfacet
  facet normal 0 0 1
    outer loop
      vertex 23.5 53.5 2
      vertex 19 51.5981 2
      vertex 20.5 49 2
    endloop
  endfacet
  facet normal -0 0 1
    outer loop
      vertex 16 55.4019 2
      vertex 19 51.5981 2
      vertex 19 55.4019 2
    endloop
  endfacet
  facet normal 0 0 1
    outer loop
      vertex 16 55.4019 2
      vertex 16 51.5981 2
      vertex 19 51.5981 2
    endloop
  endfacet
  facet normal 0 0 1
    outer loop
      vertex 14.5 58 2
      vertex 16 51.5981 2
      vertex 16 55.4019 2
    endloop
  endfacet
  facet normal 0 0 1
    outer loop
      vertex 16 51.5981 2
      vertex 14.5 58 2
      vertex 14.5 49 2
    endloop
  endfacet
  facet normal 0 0 1
    outer loop
      vertex 19 60.5981 2
      vertex 23.5 62.5 2
      vertex 19 64.4019 2
    endloop
  endfacet
  facet normal 0 0 1
    outer loop
      vertex 23.5 62.5 2
      vertex 19 60.5981 2
      vertex 20.5 58 2
    endloop
  endfacet
  facet normal -0 0 1
    outer loop
      vertex 16 64.4019 2
      vertex 19 60.5981 2
      vertex 19 64.4019 2
    endloop
  endfacet
  facet normal 0 0 1
    outer loop
      vertex 16 64.4019 2
      vertex 16 60.5981 2
      vertex 19 60.5981 2
    endloop
  endfacet
  facet normal 0 0 1
    outer loop
      vertex 14.5 67 2
      vertex 16 60.5981 2
      vertex 16 64.4019 2
    endloop
  endfacet
  facet normal 0 0 1
    outer loop
      vertex 16 60.5981 2
      vertex 14.5 67 2
      vertex 14.5 58 2
    endloop
  endfacet
  facet normal 0 0 1
    outer loop
      vertex 19 69.5981 2
      vertex 23.5 71.5 2
      vertex 19 73.4019 2
    endloop
  endfacet
  facet normal 0 0 1
    outer loop
      vertex 23.5 71.5 2
      vertex 19 69.5981 2
      vertex 20.5 67 2
    endloop
  endfacet
  facet normal -0 0 1
    outer loop
      vertex 16 73.4019 2
      vertex 19 69.5981 2
      vertex 19 73.4019 2
    endloop
  endfacet
  facet normal 0 0 1
    outer loop
      vertex 16 73.4019 2
      vertex 16 69.5981 2
      vertex 19 69.5981 2
    endloop
  endfacet
  facet normal 0 0 1
    outer loop
      vertex 14.5 76 2
      vertex 16 69.5981 2
      vertex 16 73.4019 2
    endloop
  endfacet
  facet normal 0 0 1
    outer loop
      vertex 16 69.5981 2
      vertex 14.5 76 2
      vertex 14.5 67 2
    endloop
  endfacet
  facet normal 0 0 1
    outer loop
      vertex 19 78.5981 2
      vertex 23.5 80.5 2
      vertex 19 82.4019 2
    endloop
  endfacet
  facet normal 0 0 1
    outer loop
      vertex 23.5 80.5 2
      vertex 19 78.5981 2
      vertex 20.5 76 2
    endloop
  endfacet
  facet normal -0 0 1
    outer loop
      vertex 16 82.4019 2
      vertex 19 78.5981 2
      vertex 19 82.4019 2
    endloop
  endfacet
  facet normal 0 0 1
    outer loop
      vertex 16 82.4019 2
      vertex 16 78.5981 2
      vertex 19 78.5981 2
    endloop
  endfacet
  facet normal 0 0 1
    outer loop
      vertex 14.5 85 2
      vertex 16 78.5981 2
      vertex 16 82.4019 2
    endloop
  endfacet
  facet normal 0 0 1
    outer loop
      vertex 16 78.5981 2
      vertex 14.5 85 2
      vertex 14.5 76 2
    endloop
  endfacet
  facet normal 0 0 1
    outer loop
      vertex 28 20.0981 2
      vertex 32.5 22 2
      vertex 28 23.9019 2
    endloop
  endfacet
  facet normal 0 0 1
    outer loop
      vertex 32.5 22 2
      vertex 28 20.0981 2
      vertex 29.5 17.5 2
    endloop
  endfacet
  facet normal -0 0 1
    outer loop
      vertex 25 23.9019 2
      vertex 28 20.0981 2
      vertex 28 23.9019 2
    endloop
  endfacet
  facet normal 0 0 1
    outer loop
      vertex 25 23.9019 2
      vertex 25 20.0981 2
      vertex 28 20.0981 2
    endloop
  endfacet
  facet normal 0 0 1
    outer loop
      vertex 20.5 22 2
      vertex 25 23.9019 2
      vertex 23.5 26.5 2
    endloop
  endfacet
  facet normal 0 0 1
    outer loop
      vertex 25 23.9019 2
      vertex 20.5 22 2
      vertex 25 20.0981 2
    endloop
  endfacet
  facet normal 0 0 1
    outer loop
      vertex 28 29.0981 2
      vertex 32.5 31 2
      vertex 28 32.9019 2
    endloop
  endfacet
  facet normal 0 0 1
    outer loop
      vertex 32.5 31 2
      vertex 28 29.0981 2
      vertex 29.5 26.5 2
    endloop
  endfacet
  facet normal -0 0 1
    outer loop
      vertex 25 32.9019 2
      vertex 28 29.0981 2
      vertex 28 32.9019 2
    endloop
  endfacet
  facet normal 0 0 1
    outer loop
      vertex 25 32.9019 2
      vertex 25 29.0981 2
      vertex 28 29.0981 2
    endloop
  endfacet
  facet normal 0 0 1
    outer loop
      vertex 20.5 31 2
      vertex 25 32.9019 2
      vertex 23.5 35.5 2
    endloop
  endfacet
  facet normal 0 0 1
    outer loop
      vertex 25 32.9019 2
      vertex 20.5 31 2
      vertex 25 29.0981 2
    endloop
  endfacet
  facet normal 0 0 1
    outer loop
      vertex 28 38.0981 2
      vertex 32.5 40 2
      vertex 28 41.9019 2
    endloop
  endfacet
  facet normal 0 0 1
    outer loop
      vertex 32.5 40 2
      vertex 28 38.0981 2
      vertex 29.5 35.5 2
    endloop
  endfacet
  facet normal -0 0 1
    outer loop
      vertex 25 41.9019 2
      vertex 28 38.0981 2
      vertex 28 41.9019 2
    endloop
  endfacet
  facet normal 0 0 1
    outer loop
      vertex 25 41.9019 2
      vertex 25 38.0981 2
      vertex 28 38.0981 2
    endloop
  endfacet
  facet normal 0 0 1
    outer loop
      vertex 20.5 40 2
      vertex 25 41.9019 2
      vertex 23.5 44.5 2
    endloop
  endfacet
  facet normal 0 0 1
    outer loop
      vertex 25 41.9019 2
      vertex 20.5 40 2
      vertex 25 38.0981 2
    endloop
  endfacet
  facet normal 0 0 1
    outer loop
      vertex 28 47.0981 2
      vertex 32.5 49 2
      vertex 28 50.9019 2
    endloop
  endfacet
  facet normal 0 0 1
    outer loop
      vertex 32.5 49 2
      vertex 28 47.0981 2
      vertex 29.5 44.5 2
    endloop
  endfacet
  facet normal -0 0 1
    outer loop
      vertex 25 50.9019 2
      vertex 28 47.0981 2
      vertex 28 50.9019 2
    endloop
  endfacet
  facet normal 0 0 1
    outer loop
      vertex 25 50.9019 2
      vertex 25 47.0981 2
      vertex 28 47.0981 2
    endloop
  endfacet
  facet normal 0 0 1
    outer loop
      vertex 20.5 49 2
      vertex 25 50.9019 2
      vertex 23.5 53.5 2
    endloop
  endfacet
  facet normal 0 0 1
    outer loop
      vertex 25 50.9019 2
      vertex 20.5 49 2
      vertex 25 47.0981 2
    endloop
  endfacet
  facet normal 0 0 1
    outer loop
      vertex 28 56.0981 2
      vertex 32.5 58 2
      vertex 28 59.9019 2
    endloop
  endfacet
  facet normal 0 0 1
    outer loop
      vertex 32.5 58 2
      vertex 28 56.0981 2
      vertex 29.5 53.5 2
    endloop
  endfacet
  facet normal -0 0 1
    outer loop
      vertex 25 59.9019 2
      vertex 28 56.0981 2
      vertex 28 59.9019 2
    endloop
  endfacet
  facet normal 0 0 1
    outer loop
      vertex 25 59.9019 2
      vertex 25 56.0981 2
      vertex 28 56.0981 2
    endloop
  endfacet
  facet normal 0 0 1
    outer loop
      vertex 20.5 58 2
      vertex 25 59.9019 2
      vertex 23.5 62.5 2
    endloop
  endfacet
  facet normal 0 0 1
    outer loop
      vertex 25 59.9019 2
      vertex 20.5 58 2
      vertex 25 56.0981 2
    endloop
  endfacet
  facet normal 0 0 1
    outer loop
      vertex 28 65.0981 2
      vertex 32.5 67 2
      vertex 28 68.9019 2
    endloop
  endfacet
  facet normal 0 0 1
    outer loop
      vertex 32.5 67 2
      vertex 28 65.0981 2
      vertex 29.5 62.5 2
    endloop
  endfacet
  facet normal -0 0 1
    outer loop
      vertex 25 68.9019 2
      vertex 28 65.0981 2
      vertex 28 68.9019 2
    endloop
  endfacet
  facet normal 0 0 1
    outer loop
      vertex 25 68.9019 2
      vertex 25 65.0981 2
      vertex 28 65.0981 2
    endloop
  endfacet
  facet normal 0 0 1
    outer loop
      vertex 20.5 67 2
      vertex 25 68.9019 2
      vertex 23.5 71.5 2
    endloop
  endfacet
  facet normal 0 0 1
    outer loop
      vertex 25 68.9019 2
      vertex 20.5 67 2
      vertex 25 65.0981 2
    endloop
  endfacet
  facet normal 0 0 1
    outer loop
      vertex 28 74.0981 2
      vertex 32.5 76 2
      vertex 28 77.9019 2
    endloop
  endfacet
  facet normal 0 0 1
    outer loop
      vertex 32.5 76 2
      vertex 28 74.0981 2
      vertex 29.5 71.5 2
    endloop
  endfacet
  facet normal -0 0 1
    outer loop
      vertex 25 77.9019 2
      vertex 28 74.0981 2
      vertex 28 77.9019 2
    endloop
  endfacet
  facet normal 0 0 1
    outer loop
      vertex 25 77.9019 2
      vertex 25 74.0981 2
      vertex 28 74.0981 2
    endloop
  endfacet
  facet normal 0 0 1
    outer loop
      vertex 20.5 76 2
      vertex 25 77.9019 2
      vertex 23.5 80.5 2
    endloop
  endfacet
  facet normal 0 0 1
    outer loop
      vertex 25 77.9019 2
      vertex 20.5 76 2
      vertex 25 74.0981 2
    endloop
  endfacet
  facet normal 0 0 1
    outer loop
      vertex 37 24.5981 2
      vertex 41.5 26.5 2
      vertex 37 28.4019 2
    endloop
  endfacet
  facet normal 0 0 1
    outer loop
      vertex 41.5 26.5 2
      vertex 37 24.5981 2
      vertex 38.5 22 2
    endloop
  endfacet
  facet normal -0 0 1
    outer loop
      vertex 34 28.4019 2
      vertex 37 24.5981 2
      vertex 37 28.4019 2
    endloop
  endfacet
  facet normal 0 0 1
    outer loop
      vertex 34 28.4019 2
      vertex 34 24.5981 2
      vertex 37 24.5981 2
    endloop
  endfacet
  facet normal 0 0 1
    outer loop
      vertex 29.5 26.5 2
      vertex 34 28.4019 2
      vertex 32.5 31 2
    endloop
  endfacet
  facet normal 0 0 1
    outer loop
      vertex 34 28.4019 2
      vertex 29.5 26.5 2
      vertex 34 24.5981 2
    endloop
  endfacet
  facet normal 0 0 1
    outer loop
      vertex 37 33.5981 2
      vertex 41.5 35.5 2
      vertex 37 37.4019 2
    endloop
  endfacet
  facet normal 0 0 1
    outer loop
      vertex 41.5 35.5 2
      vertex 37 33.5981 2
      vertex 38.5 31 2
    endloop
  endfacet
  facet normal -0 0 1
    outer loop
      vertex 34 37.4019 2
      vertex 37 33.5981 2
      vertex 37 37.4019 2
    endloop
  endfacet
  facet normal 0 0 1
    outer loop
      vertex 34 37.4019 2
      vertex 34 33.5981 2
      vertex 37 33.5981 2
    endloop
  endfacet
  facet normal 0 0 1
    outer loop
      vertex 29.5 35.5 2
      vertex 34 37.4019 2
      vertex 32.5 40 2
    endloop
  endfacet
  facet normal 0 0 1
    outer loop
      vertex 34 37.4019 2
      vertex 29.5 35.5 2
      vertex 34 33.5981 2
    endloop
  endfacet
  facet normal 0 0 1
    outer loop
      vertex 37 42.5981 2
      vertex 41.5 44.5 2
      vertex 37 46.4019 2
    endloop
  endfacet
  facet normal 0 0 1
    outer loop
      vertex 41.5 44.5 2
      vertex 37 42.5981 2
      vertex 38.5 40 2
    endloop
  endfacet
  facet normal -0 0 1
    outer loop
      vertex 34 46.4019 2
      vertex 37 42.5981 2
      vertex 37 46.4019 2
    endloop
  endfacet
  facet normal 0 0 1
    outer loop
      vertex 34 46.4019 2
      vertex 34 42.5981 2
      vertex 37 42.5981 2
    endloop
  endfacet
  facet normal 0 0 1
    outer loop
      vertex 29.5 44.5 2
      vertex 34 46.4019 2
      vertex 32.5 49 2
    endloop
  endfacet
  facet normal 0 0 1
    outer loop
      vertex 34 46.4019 2
      vertex 29.5 44.5 2
      vertex 34 42.5981 2
    endloop
  endfacet
  facet normal 0 0 1
    outer loop
      vertex 37 51.5981 2
      vertex 41.5 53.5 2
      vertex 37 55.4019 2
    endloop
  endfacet
  facet normal 0 0 1
    outer loop
      vertex 41.5 53.5 2
      vertex 37 51.5981 2
      vertex 38.5 49 2
    endloop
  endfacet
  facet normal -0 0 1
    outer loop
      vertex 34 55.4019 2
      vertex 37 51.5981 2
      vertex 37 55.4019 2
    endloop
  endfacet
  facet normal 0 0 1
    outer loop
      vertex 34 55.4019 2
      vertex 34 51.5981 2
      vertex 37 51.5981 2
    endloop
  endfacet
  facet normal 0 0 1
    outer loop
      vertex 29.5 53.5 2
      vertex 34 55.4019 2
      vertex 32.5 58 2
    endloop
  endfacet
  facet normal 0 0 1
    outer loop
      vertex 34 55.4019 2
      vertex 29.5 53.5 2
      vertex 34 51.5981 2
    endloop
  endfacet
  facet normal 0 0 1
    outer loop
      vertex 37 60.5981 2
      vertex 41.5 62.5 2
      vertex 37 64.4019 2
    endloop
  endfacet
  facet normal 0 0 1
    outer loop
      vertex 41.5 62.5 2
      vertex 37 60.5981 2
      vertex 38.5 58 2
    endloop
  endfacet
  facet normal -0 0 1
    outer loop
      vertex 34 64.4019 2
      vertex 37 60.5981 2
      vertex 37 64.4019 2
    endloop
  endfacet
  facet normal 0 0 1
    outer loop
      vertex 34 64.4019 2
      vertex 34 60.5981 2
      vertex 37 60.5981 2
    endloop
  endfacet
  facet normal 0 0 1
    outer loop
      vertex 29.5 62.5 2
      vertex 34 64.4019 2
      vertex 32.5 67 2
    endloop
  endfacet
  facet normal 0 0 1
    outer loop
      vertex 34 64.4019 2
      vertex 29.5 62.5 2
      vertex 34 60.5981 2
    endloop
  endfacet
  facet normal 0 0 1
    outer loop
      vertex 37 69.5981 2
      vertex 41.5 71.5 2
      vertex 37 73.4019 2
    endloop
  endfacet
  facet normal 0 0 1
    outer loop
      vertex 41.5 71.5 2
      vertex 37 69.5981 2
      vertex 38.5 67 2
    endloop
  endfacet
  facet normal -0 0 1
    outer loop
      vertex 34 73.4019 2
      vertex 37 69.5981 2
      vertex 37 73.4019 2
    endloop
  endfacet
  facet normal 0 0 1
    outer loop
      vertex 34 73.4019 2
      vertex 34 69.5981 2
      vertex 37 69.5981 2
    endloop
  endfacet
  facet normal 0 0 1
    outer loop
      vertex 29.5 71.5 2
      vertex 34 73.4019 2
      vertex 32.5 76 2
    endloop
  endfacet
  facet normal 0 0 1
    outer loop
      vertex 34 73.4019 2
      vertex 29.5 71.5 2
      vertex 34 69.5981 2
    endloop
  endfacet
  facet normal 0 0 1
    outer loop
      vertex 37 78.5981 2
      vertex 41.5 80.5 2
      vertex 37 82.4019 2
    endloop
  endfacet
  facet normal 0 0 1
    outer loop
      vertex 41.5 80.5 2
      vertex 37 78.5981 2
      vertex 38.5 76 2
    endloop
  endfacet
  facet normal -0 0 1
    outer loop
      vertex 34 82.4019 2
      vertex 37 78.5981 2
      vertex 37 82.4019 2
    endloop
  endfacet
  facet normal 0 0 1
    outer loop
      vertex 34 82.4019 2
      vertex 34 78.5981 2
      vertex 37 78.5981 2
    endloop
  endfacet
  facet normal 0 0 1
    outer loop
      vertex 29.5 80.5 2
      vertex 34 82.4019 2
      vertex 32.5 85 2
    endloop
  endfacet
  facet normal 0 0 1
    outer loop
      vertex 34 82.4019 2
      vertex 29.5 80.5 2
      vertex 34 78.5981 2
    endloop
  endfacet
  facet normal 0 0 1
    outer loop
      vertex 46 20.0981 2
      vertex 50.5 22 2
      vertex 46 23.9019 2
    endloop
  endfacet
  facet normal 0 0 1
    outer loop
      vertex 50.5 22 2
      vertex 46 20.0981 2
      vertex 47.5 17.5 2
    endloop
  endfacet
  facet normal -0 0 1
    outer loop
      vertex 43 23.9019 2
      vertex 46 20.0981 2
      vertex 46 23.9019 2
    endloop
  endfacet
  facet normal 0 0 1
    outer loop
      vertex 43 23.9019 2
      vertex 43 20.0981 2
      vertex 46 20.0981 2
    endloop
  endfacet
  facet normal 0 0 1
    outer loop
      vertex 38.5 22 2
      vertex 43 23.9019 2
      vertex 41.5 26.5 2
    endloop
  endfacet
  facet normal 0 0 1
    outer loop
      vertex 43 23.9019 2
      vertex 38.5 22 2
      vertex 43 20.0981 2
    endloop
  endfacet
  facet normal 0 0 1
    outer loop
      vertex 46 29.0981 2
      vertex 50.5 31 2
      vertex 46 32.9019 2
    endloop
  endfacet
  facet normal 0 0 1
    outer loop
      vertex 50.5 31 2
      vertex 46 29.0981 2
      vertex 47.5 26.5 2
    endloop
  endfacet
  facet normal -0 0 1
    outer loop
      vertex 43 32.9019 2
      vertex 46 29.0981 2
      vertex 46 32.9019 2
    endloop
  endfacet
  facet normal 0 0 1
    outer loop
      vertex 43 32.9019 2
      vertex 43 29.0981 2
      vertex 46 29.0981 2
    endloop
  endfacet
  facet normal 0 0 1
    outer loop
      vertex 38.5 31 2
      vertex 43 32.9019 2
      vertex 41.5 35.5 2
    endloop
  endfacet
  facet normal 0 0 1
    outer loop
      vertex 43 32.9019 2
      vertex 38.5 31 2
      vertex 43 29.0981 2
    endloop
  endfacet
  facet normal 0 0 1
    outer loop
      vertex 46 38.0981 2
      vertex 50.5 40 2
      vertex 46 41.9019 2
    endloop
  endfacet
  facet normal 0 0 1
    outer loop
      vertex 50.5 40 2
      vertex 46 38.0981 2
      vertex 47.5 35.5 2
    endloop
  endfacet
  facet normal -0 0 1
    outer loop
      vertex 43 41.9019 2
      vertex 46 38.0981 2
      vertex 46 41.9019 2
    endloop
  endfacet
  facet normal 0 0 1
    outer loop
      vertex 43 41.9019 2
      vertex 43 38.0981 2
      vertex 46 38.0981 2
    endloop
  endfacet
  facet normal 0 0 1
    outer loop
      vertex 38.5 40 2
      vertex 43 41.9019 2
      vertex 41.5 44.5 2
    endloop
  endfacet
  facet normal 0 0 1
    outer loop
      vertex 43 41.9019 2
      vertex 38.5 40 2
      vertex 43 38.0981 2
    endloop
  endfacet
  facet normal 0 0 1
    outer loop
      vertex 46 47.0981 2
      vertex 50.5 49 2
      vertex 46 50.9019 2
    endloop
  endfacet
  facet normal 0 0 1
    outer loop
      vertex 50.5 49 2
      vertex 46 47.0981 2
      vertex 47.5 44.5 2
    endloop
  endfacet
  facet normal -0 0 1
    outer loop
      vertex 43 50.9019 2
      vertex 46 47.0981 2
      vertex 46 50.9019 2
    endloop
  endfacet
  facet normal 0 0 1
    outer loop
      vertex 43 50.9019 2
      vertex 43 47.0981 2
      vertex 46 47.0981 2
    endloop
  endfacet
  facet normal 0 0 1
    outer loop
      vertex 38.5 49 2
      vertex 43 50.9019 2
      vertex 41.5 53.5 2
    endloop
  endfacet
  facet normal 0 0 1
    outer loop
      vertex 43 50.9019 2
      vertex 38.5 49 2
      vertex 43 47.0981 2
    endloop
  endfacet
  facet normal 0 0 1
    outer loop
      vertex 46 56.0981 2
      vertex 50.5 58 2
      vertex 46 59.9019 2
    endloop
  endfacet
  facet normal 0 0 1
    outer loop
      vertex 50.5 58 2
      vertex 46 56.0981 2
      vertex 47.5 53.5 2
    endloop
  endfacet
  facet normal -0 0 1
    outer loop
      vertex 43 59.9019 2
      vertex 46 56.0981 2
      vertex 46 59.9019 2
    endloop
  endfacet
  facet normal 0 0 1
    outer loop
      vertex 43 59.9019 2
      vertex 43 56.0981 2
      vertex 46 56.0981 2
    endloop
  endfacet
  facet normal 0 0 1
    outer loop
      vertex 38.5 58 2
      vertex 43 59.9019 2
      vertex 41.5 62.5 2
    endloop
  endfacet
  facet normal 0 0 1
    outer loop
      vertex 43 59.9019 2
      vertex 38.5 58 2
      vertex 43 56.0981 2
    endloop
  endfacet
  facet normal 0 0 1
    outer loop
      vertex 46 65.0981 2
      vertex 50.5 67 2
      vertex 46 68.9019 2
    endloop
  endfacet
  facet normal 0 0 1
    outer loop
      vertex 50.5 67 2
      vertex 46 65.0981 2
      vertex 47.5 62.5 2
    endloop
  endfacet
  facet normal -0 0 1
    outer loop
      vertex 43 68.9019 2
      vertex 46 65.0981 2
      vertex 46 68.9019 2
    endloop
  endfacet
  facet normal 0 0 1
    outer loop
      vertex 43 68.9019 2
      vertex 43 65.0981 2
      vertex 46 65.0981 2
    endloop
  endfacet
  facet normal 0 0 1
    outer loop
      vertex 38.5 67 2
      vertex 43 68.9019 2
      vertex 41.5 71.5 2
    endloop
  endfacet
  facet normal 0 0 1
    outer loop
      vertex 43 68.9019 2
      vertex 38.5 67 2
      vertex 43 65.0981 2
    endloop
  endfacet
  facet normal 0 0 1
    outer loop
      vertex 46 74.0981 2
      vertex 50.5 76 2
      vertex 46 77.9019 2
    endloop
  endfacet
  facet normal 0 0 1
    outer loop
      vertex 50.5 76 2
      vertex 46 74.0981 2
      vertex 47.5 71.5 2
    endloop
  endfacet
  facet normal -0 0 1
    outer loop
      vertex 43 77.9019 2
      vertex 46 74.0981 2
      vertex 46 77.9019 2
    endloop
  endfacet
  facet normal 0 0 1
    outer loop
      vertex 43 77.9019 2
      vertex 43 74.0981 2
      vertex 46 74.0981 2
    endloop
  endfacet
  facet normal 0 0 1
    outer loop
      vertex 38.5 76 2
      vertex 43 77.9019 2
      vertex 41.5 80.5 2
    endloop
  endfacet
  facet normal 0 0 1
    outer loop
      vertex 43 77.9019 2
      vertex 38.5 76 2
      vertex 43 74.0981 2
    endloop
  endfacet
  facet normal 0 0 1
    outer loop
      vertex 55 24.5981 2
      vertex 59.5 26.5 2
      vertex 55 28.4019 2
    endloop
  endfacet
  facet normal 0 0 1
    outer loop
      vertex 59.5 26.5 2
      vertex 55 24.5981 2
      vertex 56.5 22 2
    endloop
  endfacet
  facet normal -0 0 1
    outer loop
      vertex 52 28.4019 2
      vertex 55 24.5981 2
      vertex 55 28.4019 2
    endloop
  endfacet
  facet normal 0 0 1
    outer loop
      vertex 52 28.4019 2
      vertex 52 24.5981 2
      vertex 55 24.5981 2
    endloop
  endfacet
  facet normal 0 0 1
    outer loop
      vertex 47.5 26.5 2
      vertex 52 28.4019 2
      vertex 50.5 31 2
    endloop
  endfacet
  facet normal 0 0 1
    outer loop
      vertex 52 28.4019 2
      vertex 47.5 26.5 2
      vertex 52 24.5981 2
    endloop
  endfacet
  facet normal 0 0 1
    outer loop
      vertex 55 33.5981 2
      vertex 59.5 35.5 2
      vertex 55 37.4019 2
    endloop
  endfacet
  facet normal 0 0 1
    outer loop
      vertex 59.5 35.5 2
      vertex 55 33.5981 2
      vertex 56.5 31 2
    endloop
  endfacet
  facet normal -0 0 1
    outer loop
      vertex 52 37.4019 2
      vertex 55 33.5981 2
      vertex 55 37.4019 2
    endloop
  endfacet
  facet normal 0 0 1
    outer loop
      vertex 52 37.4019 2
      vertex 52 33.5981 2
      vertex 55 33.5981 2
    endloop
  endfacet
  facet normal 0 0 1
    outer loop
      vertex 47.5 35.5 2
      vertex 52 37.4019 2
      vertex 50.5 40 2
    endloop
  endfacet
  facet normal 0 0 1
    outer loop
      vertex 52 37.4019 2
      vertex 47.5 35.5 2
      vertex 52 33.5981 2
    endloop
  endfacet
  facet normal 0 0 1
    outer loop
      vertex 55 42.5981 2
      vertex 59.5 44.5 2
      vertex 55 46.4019 2
    endloop
  endfacet
  facet normal 0 0 1
    outer loop
      vertex 59.5 44.5 2
      vertex 55 42.5981 2
      vertex 56.5 40 2
    endloop
  endfacet
  facet normal -0 0 1
    outer loop
      vertex 52 46.4019 2
      vertex 55 42.5981 2
      vertex 55 46.4019 2
    endloop
  endfacet
  facet normal 0 0 1
    outer loop
      vertex 52 46.4019 2
      vertex 52 42.5981 2
      vertex 55 42.5981 2
    endloop
  endfacet
  facet normal 0 0 1
    outer loop
      vertex 47.5 44.5 2
      vertex 52 46.4019 2
      vertex 50.5 49 2
    endloop
  endfacet
  facet normal 0 0 1
    outer loop
      vertex 52 46.4019 2
      vertex 47.5 44.5 2
      vertex 52 42.5981 2
    endloop
  endfacet
  facet normal 0 0 1
    outer loop
      vertex 55 51.5981 2
      vertex 59.5 53.5 2
      vertex 55 55.4019 2
    endloop
  endfacet
  facet normal 0 0 1
    outer loop
      vertex 59.5 53.5 2
      vertex 55 51.5981 2
      vertex 56.5 49 2
    endloop
  endfacet
  facet normal -0 0 1
    outer loop
      vertex 52 55.4019 2
      vertex 55 51.5981 2
      vertex 55 55.4019 2
    endloop
  endfacet
  facet normal 0 0 1
    outer loop
      vertex 52 55.4019 2
      vertex 52 51.5981 2
      vertex 55 51.5981 2
    endloop
  endfacet
  facet normal 0 0 1
    outer loop
      vertex 47.5 53.5 2
      vertex 52 55.4019 2
      vertex 50.5 58 2
    endloop
  endfacet
  facet normal 0 0 1
    outer loop
      vertex 52 55.4019 2
      vertex 47.5 53.5 2
      vertex 52 51.5981 2
    endloop
  endfacet
  facet normal 0 0 1
    outer loop
      vertex 55 60.5981 2
      vertex 59.5 62.5 2
      vertex 55 64.4019 2
    endloop
  endfacet
  facet normal 0 0 1
    outer loop
      vertex 59.5 62.5 2
      vertex 55 60.5981 2
      vertex 56.5 58 2
    endloop
  endfacet
  facet normal -0 0 1
    outer loop
      vertex 52 64.4019 2
      vertex 55 60.5981 2
      vertex 55 64.4019 2
    endloop
  endfacet
  facet normal 0 0 1
    outer loop
      vertex 52 64.4019 2
      vertex 52 60.5981 2
      vertex 55 60.5981 2
    endloop
  endfacet
  facet normal 0 0 1
    outer loop
      vertex 47.5 62.5 2
      vertex 52 64.4019 2
      vertex 50.5 67 2
    endloop
  endfacet
  facet normal 0 0 1
    outer loop
      vertex 52 64.4019 2
      vertex 47.5 62.5 2
      vertex 52 60.5981 2
    endloop
  endfacet
  facet normal 0 0 1
    outer loop
      vertex 55 69.5981 2
      vertex 59.5 71.5 2
      vertex 55 73.4019 2
    endloop
  endfacet
  facet normal 0 0 1
    outer loop
      vertex 59.5 71.5 2
      vertex 55 69.5981 2
      vertex 56.5 67 2
    endloop
  endfacet
  facet normal -0 0 1
    outer loop
      vertex 52 73.4019 2
      vertex 55 69.5981 2
      vertex 55 73.4019 2
    endloop
  endfacet
  facet normal 0 0 1
    outer loop
      vertex 52 73.4019 2
      vertex 52 69.5981 2
      vertex 55 69.5981 2
    endloop
  endfacet
  facet normal 0 0 1
    outer loop
      vertex 47.5 71.5 2
      vertex 52 73.4019 2
      vertex 50.5 76 2
    endloop
  endfacet
  facet normal 0 0 1
    outer loop
      vertex 52 73.4019 2
      vertex 47.5 71.5 2
      vertex 52 69.5981 2
    endloop
  endfacet
  facet normal 0 0 1
    outer loop
      vertex 55 78.5981 2
      vertex 59.5 80.5 2
      vertex 55 82.4019 2
    endloop
  endfacet
  facet normal 0 0 1
    outer loop
      vertex 59.5 80.5 2
      vertex 55 78.5981 2
      vertex 56.5 76 2
    endloop
  endfacet
  facet normal -0 0 1
    outer loop
      vertex 52 82.4019 2
      vertex 55 78.5981 2
      vertex 55 82.4019 2
    endloop
  endfacet
  facet normal 0 0 1
    outer loop
      vertex 52 82.4019 2
      vertex 52 78.5981 2
      vertex 55 78.5981 2
    endloop
  endfacet
  facet normal 0 0 1
    outer loop
      vertex 47.5 80.5 2
      vertex 52 82.4019 2
      vertex 50.5 85 2
    endloop
  endfacet
  facet normal 0 0 1
    outer loop
      vertex 52 82.4019 2
      vertex 47.5 80.5 2
      vertex 52 78.5981 2
    endloop
  endfacet
  facet normal 0 0 1
    outer loop
      vertex 64 20.0981 2
      vertex 68.5 22 2
      vertex 64 23.9019 2
    endloop
  endfacet
  facet normal 0 0 1
    outer loop
      vertex 68.5 22 2
      vertex 64 20.0981 2
      vertex 65.5 17.5 2
    endloop
  endfacet
  facet normal -0 0 1
    outer loop
      vertex 61 23.9019 2
      vertex 64 20.0981 2
      vertex 64 23.9019 2
    endloop
  endfacet
  facet normal 0 0 1
    outer loop
      vertex 61 23.9019 2
      vertex 61 20.0981 2
      vertex 64 20.0981 2
    endloop
  endfacet
  facet normal 0 0 1
    outer loop
      vertex 56.5 22 2
      vertex 61 23.9019 2
      vertex 59.5 26.5 2
    endloop
  endfacet
  facet normal 0 0 1
    outer loop
      vertex 61 23.9019 2
      vertex 56.5 22 2
      vertex 61 20.0981 2
    endloop
  endfacet
  facet normal 0 0 1
    outer loop
      vertex 64 29.0981 2
      vertex 68.5 31 2
      vertex 64 32.9019 2
    endloop
  endfacet
  facet normal 0 0 1
    outer loop
      vertex 68.5 31 2
      vertex 64 29.0981 2
      vertex 65.5 26.5 2
    endloop
  endfacet
  facet normal -0 0 1
    outer loop
      vertex 61 32.9019 2
      vertex 64 29.0981 2
      vertex 64 32.9019 2
    endloop
  endfacet
  facet normal 0 0 1
    outer loop
      vertex 61 32.9019 2
      vertex 61 29.0981 2
      vertex 64 29.0981 2
    endloop
  endfacet
  facet normal 0 0 1
    outer loop
      vertex 56.5 31 2
      vertex 61 32.9019 2
      vertex 59.5 35.5 2
    endloop
  endfacet
  facet normal 0 0 1
    outer loop
      vertex 61 32.9019 2
      vertex 56.5 31 2
      vertex 61 29.0981 2
    endloop
  endfacet
  facet normal 0 0 1
    outer loop
      vertex 64 38.0981 2
      vertex 68.5 40 2
      vertex 64 41.9019 2
    endloop
  endfacet
  facet normal 0 0 1
    outer loop
      vertex 68.5 40 2
      vertex 64 38.0981 2
      vertex 65.5 35.5 2
    endloop
  endfacet
  facet normal -0 0 1
    outer loop
      vertex 61 41.9019 2
      vertex 64 38.0981 2
      vertex 64 41.9019 2
    endloop
  endfacet
  facet normal 0 0 1
    outer loop
      vertex 61 41.9019 2
      vertex 61 38.0981 2
      vertex 64 38.0981 2
    endloop
  endfacet
  facet normal 0 0 1
    outer loop
      vertex 56.5 40 2
      vertex 61 41.9019 2
      vertex 59.5 44.5 2
    endloop
  endfacet
  facet normal 0 0 1
    outer loop
      vertex 61 41.9019 2
      vertex 56.5 40 2
      vertex 61 38.0981 2
    endloop
  endfacet
  facet normal 0 0 1
    outer loop
      vertex 64 47.0981 2
      vertex 68.5 49 2
      vertex 64 50.9019 2
    endloop
  endfacet
  facet normal 0 0 1
    outer loop
      vertex 68.5 49 2
      vertex 64 47.0981 2
      vertex 65.5 44.5 2
    endloop
  endfacet
  facet normal -0 0 1
    outer loop
      vertex 61 50.9019 2
      vertex 64 47.0981 2
      vertex 64 50.9019 2
    endloop
  endfacet
  facet normal 0 0 1
    outer loop
      vertex 61 50.9019 2
      vertex 61 47.0981 2
      vertex 64 47.0981 2
    endloop
  endfacet
  facet normal 0 0 1
    outer loop
      vertex 56.5 49 2
      vertex 61 50.9019 2
      vertex 59.5 53.5 2
    endloop
  endfacet
  facet normal 0 0 1
    outer loop
      vertex 61 50.9019 2
      vertex 56.5 49 2
      vertex 61 47.0981 2
    endloop
  endfacet
  facet normal 0 0 1
    outer loop
      vertex 64 56.0981 2
      vertex 68.5 58 2
      vertex 64 59.9019 2
    endloop
  endfacet
  facet normal 0 0 1
    outer loop
      vertex 68.5 58 2
      vertex 64 56.0981 2
      vertex 65.5 53.5 2
    endloop
  endfacet
  facet normal -0 0 1
    outer loop
      vertex 61 59.9019 2
      vertex 64 56.0981 2
      vertex 64 59.9019 2
    endloop
  endfacet
  facet normal 0 0 1
    outer loop
      vertex 61 59.9019 2
      vertex 61 56.0981 2
      vertex 64 56.0981 2
    endloop
  endfacet
  facet normal 0 0 1
    outer loop
      vertex 56.5 58 2
      vertex 61 59.9019 2
      vertex 59.5 62.5 2
    endloop
  endfacet
  facet normal 0 0 1
    outer loop
      vertex 61 59.9019 2
      vertex 56.5 58 2
      vertex 61 56.0981 2
    endloop
  endfacet
  facet normal 0 0 1
    outer loop
      vertex 64 65.0981 2
      vertex 68.5 67 2
      vertex 64 68.9019 2
    endloop
  endfacet
  facet normal 0 0 1
    outer loop
      vertex 68.5 67 2
      vertex 64 65.0981 2
      vertex 65.5 62.5 2
    endloop
  endfacet
  facet normal -0 0 1
    outer loop
      vertex 61 68.9019 2
      vertex 64 65.0981 2
      vertex 64 68.9019 2
    endloop
  endfacet
  facet normal 0 0 1
    outer loop
      vertex 61 68.9019 2
      vertex 61 65.0981 2
      vertex 64 65.0981 2
    endloop
  endfacet
  facet normal 0 0 1
    outer loop
      vertex 56.5 67 2
      vertex 61 68.9019 2
      vertex 59.5 71.5 2
    endloop
  endfacet
  facet normal 0 0 1
    outer loop
      vertex 61 68.9019 2
      vertex 56.5 67 2
      vertex 61 65.0981 2
    endloop
  endfacet
  facet normal 0 0 1
    outer loop
      vertex 64 74.0981 2
      vertex 68.5 76 2
      vertex 64 77.9019 2
    endloop
  endfacet
  facet normal 0 0 1
    outer loop
      vertex 68.5 76 2
      vertex 64 74.0981 2
      vertex 65.5 71.5 2
    endloop
  endfacet
  facet normal -0 0 1
    outer loop
      vertex 61 77.9019 2
      vertex 64 74.0981 2
      vertex 64 77.9019 2
    endloop
  endfacet
  facet normal 0 0 1
    outer loop
      vertex 61 77.9019 2
      vertex 61 74.0981 2
      vertex 64 74.0981 2
    endloop
  endfacet
  facet normal 0 0 1
    outer loop
      vertex 56.5 76 2
      vertex 61 77.9019 2
      vertex 59.5 80.5 2
    endloop
  endfacet
  facet normal 0 0 1
    outer loop
      vertex 61 77.9019 2
      vertex 56.5 76 2
      vertex 61 74.0981 2
    endloop
  endfacet
  facet normal 0 0 1
    outer loop
      vertex 73 24.5981 2
      vertex 77.5 26.5 2
      vertex 73 28.4019 2
    endloop
  endfacet
  facet normal 0 0 1
    outer loop
      vertex 77.5 26.5 2
      vertex 73 24.5981 2
      vertex 74.5 22 2
    endloop
  endfacet
  facet normal -0 0 1
    outer loop
      vertex 70 28.4019 2
      vertex 73 24.5981 2
      vertex 73 28.4019 2
    endloop
  endfacet
  facet normal 0 0 1
    outer loop
      vertex 70 28.4019 2
      vertex 70 24.5981 2
      vertex 73 24.5981 2
    endloop
  endfacet
  facet normal 0 0 1
    outer loop
      vertex 65.5 26.5 2
      vertex 70 28.4019 2
      vertex 68.5 31 2
    endloop
  endfacet
  facet normal 0 0 1
    outer loop
      vertex 70 28.4019 2
      vertex 65.5 26.5 2
      vertex 70 24.5981 2
    endloop
  endfacet
  facet normal 0 0 1
    outer loop
      vertex 73 33.5981 2
      vertex 77.5 35.5 2
      vertex 73 37.4019 2
    endloop
  endfacet
  facet normal 0 0 1
    outer loop
      vertex 77.5 35.5 2
      vertex 73 33.5981 2
      vertex 74.5 31 2
    endloop
  endfacet
  facet normal -0 0 1
    outer loop
      vertex 70 37.4019 2
      vertex 73 33.5981 2
      vertex 73 37.4019 2
    endloop
  endfacet
  facet normal 0 0 1
    outer loop
      vertex 70 37.4019 2
      vertex 70 33.5981 2
      vertex 73 33.5981 2
    endloop
  endfacet
  facet normal 0 0 1
    outer loop
      vertex 65.5 35.5 2
      vertex 70 37.4019 2
      vertex 68.5 40 2
    endloop
  endfacet
  facet normal 0 0 1
    outer loop
      vertex 70 37.4019 2
      vertex 65.5 35.5 2
      vertex 70 33.5981 2
    endloop
  endfacet
  facet normal 0 0 1
    outer loop
      vertex 73 42.5981 2
      vertex 77.5 44.5 2
      vertex 73 46.4019 2
    endloop
  endfacet
  facet normal 0 0 1
    outer loop
      vertex 77.5 44.5 2
      vertex 73 42.5981 2
      vertex 74.5 40 2
    endloop
  endfacet
  facet normal -0 0 1
    outer loop
      vertex 70 46.4019 2
      vertex 73 42.5981 2
      vertex 73 46.4019 2
    endloop
  endfacet
  facet normal 0 0 1
    outer loop
      vertex 70 46.4019 2
      vertex 70 42.5981 2
      vertex 73 42.5981 2
    endloop
  endfacet
  facet normal 0 0 1
    outer loop
      vertex 65.5 44.5 2
      vertex 70 46.4019 2
      vertex 68.5 49 2
    endloop
  endfacet
  facet normal 0 0 1
    outer loop
      vertex 70 46.4019 2
      vertex 65.5 44.5 2
      vertex 70 42.5981 2
    endloop
  endfacet
  facet normal 0 0 1
    outer loop
      vertex 73 51.5981 2
      vertex 77.5 53.5 2
      vertex 73 55.4019 2
    endloop
  endfacet
  facet normal 0 0 1
    outer loop
      vertex 77.5 53.5 2
      vertex 73 51.5981 2
      vertex 74.5 49 2
    endloop
  endfacet
  facet normal -0 0 1
    outer loop
      vertex 70 55.4019 2
      vertex 73 51.5981 2
      vertex 73 55.4019 2
    endloop
  endfacet
  facet normal 0 0 1
    outer loop
      vertex 70 55.4019 2
      vertex 70 51.5981 2
      vertex 73 51.5981 2
    endloop
  endfacet
  facet normal 0 0 1
    outer loop
      vertex 65.5 53.5 2
      vertex 70 55.4019 2
      vertex 68.5 58 2
    endloop
  endfacet
  facet normal 0 0 1
    outer loop
      vertex 70 55.4019 2
      vertex 65.5 53.5 2
      vertex 70 51.5981 2
    endloop
  endfacet
  facet normal 0 0 1
    outer loop
      vertex 73 60.5981 2
      vertex 77.5 62.5 2
      vertex 73 64.4019 2
    endloop
  endfacet
  facet normal 0 0 1
    outer loop
      vertex 77.5 62.5 2
      vertex 73 60.5981 2
      vertex 74.5 58 2
    endloop
  endfacet
  facet normal -0 0 1
    outer loop
      vertex 70 64.4019 2
      vertex 73 60.5981 2
      vertex 73 64.4019 2
    endloop
  endfacet
  facet normal 0 0 1
    outer loop
      vertex 70 64.4019 2
      vertex 70 60.5981 2
      vertex 73 60.5981 2
    endloop
  endfacet
  facet normal 0 0 1
    outer loop
      vertex 65.5 62.5 2
      vertex 70 64.4019 2
      vertex 68.5 67 2
    endloop
  endfacet
  facet normal 0 0 1
    outer loop
      vertex 70 64.4019 2
      vertex 65.5 62.5 2
      vertex 70 60.5981 2
    endloop
  endfacet
  facet normal 0 0 1
    outer loop
      vertex 73 69.5981 2
      vertex 77.5 71.5 2
      vertex 73 73.4019 2
    endloop
  endfacet
  facet normal 0 0 1
    outer loop
      vertex 77.5 71.5 2
      vertex 73 69.5981 2
      vertex 74.5 67 2
    endloop
  endfacet
  facet normal -0 0 1
    outer loop
      vertex 70 73.4019 2
      vertex 73 69.5981 2
      vertex 73 73.4019 2
    endloop
  endfacet
  facet normal 0 0 1
    outer loop
      vertex 70 73.4019 2
      vertex 70 69.5981 2
      vertex 73 69.5981 2
    endloop
  endfacet
  facet normal 0 0 1
    outer loop
      vertex 65.5 71.5 2
      vertex 70 73.4019 2
      vertex 68.5 76 2
    endloop
  endfacet
  facet normal 0 0 1
    outer loop
      vertex 70 73.4019 2
      vertex 65.5 71.5 2
      vertex 70 69.5981 2
    endloop
  endfacet
  facet normal 0 0 1
    outer loop
      vertex 73 78.5981 2
      vertex 77.5 80.5 2
      vertex 73 82.4019 2
    endloop
  endfacet
  facet normal 0 0 1
    outer loop
      vertex 77.5 80.5 2
      vertex 73 78.5981 2
      vertex 74.5 76 2
    endloop
  endfacet
  facet normal -0 0 1
    outer loop
      vertex 70 82.4019 2
      vertex 73 78.5981 2
      vertex 73 82.4019 2
    endloop
  endfacet
  facet normal 0 0 1
    outer loop
      vertex 70 82.4019 2
      vertex 70 78.5981 2
      vertex 73 78.5981 2
    endloop
  endfacet
  facet normal 0 0 1
    outer loop
      vertex 65.5 80.5 2
      vertex 70 82.4019 2
      vertex 68.5 85 2
    endloop
  endfacet
  facet normal 0 0 1
    outer loop
      vertex 70 82.4019 2
      vertex 65.5 80.5 2
      vertex 70 78.5981 2
    endloop
  endfacet
  facet normal 0 0 1
    outer loop
      vertex 82 20.0981 2
      vertex 86.5 22 2
      vertex 82 23.9019 2
    endloop
  endfacet
  facet normal 0 0 1
    outer loop
      vertex 86.5 22 2
      vertex 82 20.0981 2
      vertex 83.5 17.5 2
    endloop
  endfacet
  facet normal -0 0 1
    outer loop
      vertex 79 23.9019 2
      vertex 82 20.0981 2
      vertex 82 23.9019 2
    endloop
  endfacet
  facet normal 0 0 1
    outer loop
      vertex 79 23.9019 2
      vertex 79 20.0981 2
      vertex 82 20.0981 2
    endloop
  endfacet
  facet normal 0 0 1
    outer loop
      vertex 74.5 22 2
      vertex 79 23.9019 2
      vertex 77.5 26.5 2
    endloop
  endfacet
  facet normal 0 0 1
    outer loop
      vertex 79 23.9019 2
      vertex 74.5 22 2
      vertex 79 20.0981 2
    endloop
  endfacet
  facet normal 0 0 1
    outer loop
      vertex 82 29.0981 2
      vertex 86.5 31 2
      vertex 82 32.9019 2
    endloop
  endfacet
  facet normal 0 0 1
    outer loop
      vertex 86.5 31 2
      vertex 82 29.0981 2
      vertex 83.5 26.5 2
    endloop
  endfacet
  facet normal -0 0 1
    outer loop
      vertex 79 32.9019 2
      vertex 82 29.0981 2
      vertex 82 32.9019 2
    endloop
  endfacet
  facet normal 0 0 1
    outer loop
      vertex 79 32.9019 2
      vertex 79 29.0981 2
      vertex 82 29.0981 2
    endloop
  endfacet
  facet normal 0 0 1
    outer loop
      vertex 74.5 31 2
      vertex 79 32.9019 2
      vertex 77.5 35.5 2
    endloop
  endfacet
  facet normal 0 0 1
    outer loop
      vertex 79 32.9019 2
      vertex 74.5 31 2
      vertex 79 29.0981 2
    endloop
  endfacet
  facet normal 0 0 1
    outer loop
      vertex 82 38.0981 2
      vertex 86.5 40 2
      vertex 82 41.9019 2
    endloop
  endfacet
  facet normal 0 0 1
    outer loop
      vertex 86.5 40 2
      vertex 82 38.0981 2
      vertex 83.5 35.5 2
    endloop
  endfacet
  facet normal -0 0 1
    outer loop
      vertex 79 41.9019 2
      vertex 82 38.0981 2
      vertex 82 41.9019 2
    endloop
  endfacet
  facet normal 0 0 1
    outer loop
      vertex 79 41.9019 2
      vertex 79 38.0981 2
      vertex 82 38.0981 2
    endloop
  endfacet
  facet normal 0 0 1
    outer loop
      vertex 74.5 40 2
      vertex 79 41.9019 2
      vertex 77.5 44.5 2
    endloop
  endfacet
  facet normal 0 0 1
    outer loop
      vertex 79 41.9019 2
      vertex 74.5 40 2
      vertex 79 38.0981 2
    endloop
  endfacet
  facet normal 0 0 1
    outer loop
      vertex 82 47.0981 2
      vertex 86.5 49 2
      vertex 82 50.9019 2
    endloop
  endfacet
  facet normal 0 0 1
    outer loop
      vertex 86.5 49 2
      vertex 82 47.0981 2
      vertex 83.5 44.5 2
    endloop
  endfacet
  facet normal -0 0 1
    outer loop
      vertex 79 50.9019 2
      vertex 82 47.0981 2
      vertex 82 50.9019 2
    endloop
  endfacet
  facet normal 0 0 1
    outer loop
      vertex 79 50.9019 2
      vertex 79 47.0981 2
      vertex 82 47.0981 2
    endloop
  endfacet
  facet normal 0 0 1
    outer loop
      vertex 74.5 49 2
      vertex 79 50.9019 2
      vertex 77.5 53.5 2
    endloop
  endfacet
  facet normal 0 0 1
    outer loop
      vertex 79 50.9019 2
      vertex 74.5 49 2
      vertex 79 47.0981 2
    endloop
  endfacet
  facet normal 0 0 1
    outer loop
      vertex 82 56.0981 2
      vertex 86.5 58 2
      vertex 82 59.9019 2
    endloop
  endfacet
  facet normal 0 0 1
    outer loop
      vertex 86.5 58 2
      vertex 82 56.0981 2
      vertex 83.5 53.5 2
    endloop
  endfacet
  facet normal -0 0 1
    outer loop
      vertex 79 59.9019 2
      vertex 82 56.0981 2
      vertex 82 59.9019 2
    endloop
  endfacet
  facet normal 0 0 1
    outer loop
      vertex 79 59.9019 2
      vertex 79 56.0981 2
      vertex 82 56.0981 2
    endloop
  endfacet
  facet normal 0 0 1
    outer loop
      vertex 74.5 58 2
      vertex 79 59.9019 2
      vertex 77.5 62.5 2
    endloop
  endfacet
  facet normal 0 0 1
    outer loop
      vertex 79 59.9019 2
      vertex 74.5 58 2
      vertex 79 56.0981 2
    endloop
  endfacet
  facet normal 0 0 1
    outer loop
      vertex 82 65.0981 2
      vertex 86.5 67 2
      vertex 82 68.9019 2
    endloop
  endfacet
  facet normal 0 0 1
    outer loop
      vertex 86.5 67 2
      vertex 82 65.0981 2
      vertex 83.5 62.5 2
    endloop
  endfacet
  facet normal -0 0 1
    outer loop
      vertex 79 68.9019 2
      vertex 82 65.0981 2
      vertex 82 68.9019 2
    endloop
  endfacet
  facet normal 0 0 1
    outer loop
      vertex 79 68.9019 2
      vertex 79 65.0981 2
      vertex 82 65.0981 2
    endloop
  endfacet
  facet normal 0 0 1
    outer loop
      vertex 74.5 67 2
      vertex 79 68.9019 2
      vertex 77.5 71.5 2
    endloop
  endfacet
  facet normal 0 0 1
    outer loop
      vertex 79 68.9019 2
      vertex 74.5 67 2
      vertex 79 65.0981 2
    endloop
  endfacet
  facet normal 0 0 1
    outer loop
      vertex 82 74.0981 2
      vertex 86.5 76 2
      vertex 82 77.9019 2
    endloop
  endfacet
  facet normal 0 0 1
    outer loop
      vertex 86.5 76 2
      vertex 82 74.0981 2
      vertex 83.5 71.5 2
    endloop
  endfacet
  facet normal -0 0 1
    outer loop
      vertex 79 77.9019 2
      vertex 82 74.0981 2
      vertex 82 77.9019 2
    endloop
  endfacet
  facet normal 0 0 1
    outer loop
      vertex 79 77.9019 2
      vertex 79 74.0981 2
      vertex 82 74.0981 2
    endloop
  endfacet
  facet normal 0 0 1
    outer loop
      vertex 74.5 76 2
      vertex 79 77.9019 2
      vertex 77.5 80.5 2
    endloop
  endfacet
  facet normal 0 0 1
    outer loop
      vertex 79 77.9019 2
      vertex 74.5 76 2
      vertex 79 74.0981 2
    endloop
  endfacet
  facet normal 0 0 1
    outer loop
      vertex 91 24.5981 2
      vertex 95.5 26.5 2
      vertex 91 28.4019 2
    endloop
  endfacet
  facet normal 0 0 1
    outer loop
      vertex 95.5 26.5 2
      vertex 91 24.5981 2
      vertex 92.5 22 2
    endloop
  endfacet
  facet normal -0 0 1
    outer loop
      vertex 88 28.4019 2
      vertex 91 24.5981 2
      vertex 91 28.4019 2
    endloop
  endfacet
  facet normal 0 0 1
    outer loop
      vertex 88 28.4019 2
      vertex 88 24.5981 2
      vertex 91 24.5981 2
    endloop
  endfacet
  facet normal 0 0 1
    outer loop
      vertex 83.5 26.5 2
      vertex 88 28.4019 2
      vertex 86.5 31 2
    endloop
  endfacet
  facet normal 0 0 1
    outer loop
      vertex 88 28.4019 2
      vertex 83.5 26.5 2
      vertex 88 24.5981 2
    endloop
  endfacet
  facet normal 0 0 1
    outer loop
      vertex 91 33.5981 2
      vertex 95.5 35.5 2
      vertex 91 37.4019 2
    endloop
  endfacet
  facet normal 0 0 1
    outer loop
      vertex 95.5 35.5 2
      vertex 91 33.5981 2
      vertex 92.5 31 2
    endloop
  endfacet
  facet normal -0 0 1
    outer loop
      vertex 88 37.4019 2
      vertex 91 33.5981 2
      vertex 91 37.4019 2
    endloop
  endfacet
  facet normal 0 0 1
    outer loop
      vertex 88 37.4019 2
      vertex 88 33.5981 2
      vertex 91 33.5981 2
    endloop
  endfacet
  facet normal 0 0 1
    outer loop
      vertex 83.5 35.5 2
      vertex 88 37.4019 2
      vertex 86.5 40 2
    endloop
  endfacet
  facet normal 0 0 1
    outer loop
      vertex 88 37.4019 2
      vertex 83.5 35.5 2
      vertex 88 33.5981 2
    endloop
  endfacet
  facet normal 0 0 1
    outer loop
      vertex 91 42.5981 2
      vertex 95.5 44.5 2
      vertex 91 46.4019 2
    endloop
  endfacet
  facet normal 0 0 1
    outer loop
      vertex 95.5 44.5 2
      vertex 91 42.5981 2
      vertex 92.5 40 2
    endloop
  endfacet
  facet normal -0 0 1
    outer loop
      vertex 88 46.4019 2
      vertex 91 42.5981 2
      vertex 91 46.4019 2
    endloop
  endfacet
  facet normal 0 0 1
    outer loop
      vertex 88 46.4019 2
      vertex 88 42.5981 2
      vertex 91 42.5981 2
    endloop
  endfacet
  facet normal 0 0 1
    outer loop
      vertex 83.5 44.5 2
      vertex 88 46.4019 2
      vertex 86.5 49 2
    endloop
  endfacet
  facet normal 0 0 1
    outer loop
      vertex 88 46.4019 2
      vertex 83.5 44.5 2
      vertex 88 42.5981 2
    endloop
  endfacet
  facet normal 0 0 1
    outer loop
      vertex 91 51.5981 2
      vertex 95.5 53.5 2
      vertex 91 55.4019 2
    endloop
  endfacet
  facet normal 0 0 1
    outer loop
      vertex 95.5 53.5 2
      vertex 91 51.5981 2
      vertex 92.5 49 2
    endloop
  endfacet
  facet normal -0 0 1
    outer loop
      vertex 88 55.4019 2
      vertex 91 51.5981 2
      vertex 91 55.4019 2
    endloop
  endfacet
  facet normal 0 0 1
    outer loop
      vertex 88 55.4019 2
      vertex 88 51.5981 2
      vertex 91 51.5981 2
    endloop
  endfacet
  facet normal 0 0 1
    outer loop
      vertex 83.5 53.5 2
      vertex 88 55.4019 2
      vertex 86.5 58 2
    endloop
  endfacet
  facet normal 0 0 1
    outer loop
      vertex 88 55.4019 2
      vertex 83.5 53.5 2
      vertex 88 51.5981 2
    endloop
  endfacet
  facet normal 0 0 1
    outer loop
      vertex 91 60.5981 2
      vertex 95.5 62.5 2
      vertex 91 64.4019 2
    endloop
  endfacet
  facet normal 0 0 1
    outer loop
      vertex 95.5 62.5 2
      vertex 91 60.5981 2
      vertex 92.5 58 2
    endloop
  endfacet
  facet normal -0 0 1
    outer loop
      vertex 88 64.4019 2
      vertex 91 60.5981 2
      vertex 91 64.4019 2
    endloop
  endfacet
  facet normal 0 0 1
    outer loop
      vertex 88 64.4019 2
      vertex 88 60.5981 2
      vertex 91 60.5981 2
    endloop
  endfacet
  facet normal 0 0 1
    outer loop
      vertex 83.5 62.5 2
      vertex 88 64.4019 2
      vertex 86.5 67 2
    endloop
  endfacet
  facet normal 0 0 1
    outer loop
      vertex 88 64.4019 2
      vertex 83.5 62.5 2
      vertex 88 60.5981 2
    endloop
  endfacet
  facet normal 0 0 1
    outer loop
      vertex 91 69.5981 2
      vertex 95.5 71.5 2
      vertex 91 73.4019 2
    endloop
  endfacet
  facet normal 0 0 1
    outer loop
      vertex 95.5 71.5 2
      vertex 91 69.5981 2
      vertex 92.5 67 2
    endloop
  endfacet
  facet normal -0 0 1
    outer loop
      vertex 88 73.4019 2
      vertex 91 69.5981 2
      vertex 91 73.4019 2
    endloop
  endfacet
  facet normal 0 0 1
    outer loop
      vertex 88 73.4019 2
      vertex 88 69.5981 2
      vertex 91 69.5981 2
    endloop
  endfacet
  facet normal 0 0 1
    outer loop
      vertex 83.5 71.5 2
      vertex 88 73.4019 2
      vertex 86.5 76 2
    endloop
  endfacet
  facet normal 0 0 1
    outer loop
      vertex 88 73.4019 2
      vertex 83.5 71.5 2
      vertex 88 69.5981 2
    endloop
  endfacet
  facet normal 0 0 1
    outer loop
      vertex 91 78.5981 2
      vertex 95.5 80.5 2
      vertex 91 82.4019 2
    endloop
  endfacet
  facet normal 0 0 1
    outer loop
      vertex 95.5 80.5 2
      vertex 91 78.5981 2
      vertex 92.5 76 2
    endloop
  endfacet
  facet normal -0 0 1
    outer loop
      vertex 88 82.4019 2
      vertex 91 78.5981 2
      vertex 91 82.4019 2
    endloop
  endfacet
  facet normal 0 0 1
    outer loop
      vertex 88 82.4019 2
      vertex 88 78.5981 2
      vertex 91 78.5981 2
    endloop
  endfacet
  facet normal 0 0 1
    outer loop
      vertex 83.5 80.5 2
      vertex 88 82.4019 2
      vertex 86.5 85 2
    endloop
  endfacet
  facet normal 0 0 1
    outer loop
      vertex 88 82.4019 2
      vertex 83.5 80.5 2
      vertex 88 78.5981 2
    endloop
  endfacet
  facet normal 0 0 1
    outer loop
      vertex 100 20.0981 2
      vertex 104.5 22 2
      vertex 100 23.9019 2
    endloop
  endfacet
  facet normal 0 0 1
    outer loop
      vertex 104.5 22 2
      vertex 100 20.0981 2
      vertex 101.5 17.5 2
    endloop
  endfacet
  facet normal -0 0 1
    outer loop
      vertex 97 23.9019 2
      vertex 100 20.0981 2
      vertex 100 23.9019 2
    endloop
  endfacet
  facet normal 0 0 1
    outer loop
      vertex 97 23.9019 2
      vertex 97 20.0981 2
      vertex 100 20.0981 2
    endloop
  endfacet
  facet normal 0 0 1
    outer loop
      vertex 92.5 22 2
      vertex 97 23.9019 2
      vertex 95.5 26.5 2
    endloop
  endfacet
  facet normal 0 0 1
    outer loop
      vertex 97 23.9019 2
      vertex 92.5 22 2
      vertex 97 20.0981 2
    endloop
  endfacet
  facet normal 0 0 1
    outer loop
      vertex 100 29.0981 2
      vertex 104.5 31 2
      vertex 100 32.9019 2
    endloop
  endfacet
  facet normal 0 0 1
    outer loop
      vertex 104.5 31 2
      vertex 100 29.0981 2
      vertex 101.5 26.5 2
    endloop
  endfacet
  facet normal -0 0 1
    outer loop
      vertex 97 32.9019 2
      vertex 100 29.0981 2
      vertex 100 32.9019 2
    endloop
  endfacet
  facet normal 0 0 1
    outer loop
      vertex 97 32.9019 2
      vertex 97 29.0981 2
      vertex 100 29.0981 2
    endloop
  endfacet
  facet normal 0 0 1
    outer loop
      vertex 92.5 31 2
      vertex 97 32.9019 2
      vertex 95.5 35.5 2
    endloop
  endfacet
  facet normal 0 0 1
    outer loop
      vertex 97 32.9019 2
      vertex 92.5 31 2
      vertex 97 29.0981 2
    endloop
  endfacet
  facet normal 0 0 1
    outer loop
      vertex 100 38.0981 2
      vertex 104.5 40 2
      vertex 100 41.9019 2
    endloop
  endfacet
  facet normal 0 0 1
    outer loop
      vertex 104.5 40 2
      vertex 100 38.0981 2
      vertex 101.5 35.5 2
    endloop
  endfacet
  facet normal -0 0 1
    outer loop
      vertex 97 41.9019 2
      vertex 100 38.0981 2
      vertex 100 41.9019 2
    endloop
  endfacet
  facet normal 0 0 1
    outer loop
      vertex 97 41.9019 2
      vertex 97 38.0981 2
      vertex 100 38.0981 2
    endloop
  endfacet
  facet normal 0 0 1
    outer loop
      vertex 92.5 40 2
      vertex 97 41.9019 2
      vertex 95.5 44.5 2
    endloop
  endfacet
  facet normal 0 0 1
    outer loop
      vertex 97 41.9019 2
      vertex 92.5 40 2
      vertex 97 38.0981 2
    endloop
  endfacet
  facet normal 0 0 1
    outer loop
      vertex 100 47.0981 2
      vertex 104.5 49 2
      vertex 100 50.9019 2
    endloop
  endfacet
  facet normal 0 0 1
    outer loop
      vertex 104.5 49 2
      vertex 100 47.0981 2
      vertex 101.5 44.5 2
    endloop
  endfacet
  facet normal -0 0 1
    outer loop
      vertex 97 50.9019 2
      vertex 100 47.0981 2
      vertex 100 50.9019 2
    endloop
  endfacet
  facet normal 0 0 1
    outer loop
      vertex 97 50.9019 2
      vertex 97 47.0981 2
      vertex 100 47.0981 2
    endloop
  endfacet
  facet normal 0 0 1
    outer loop
      vertex 92.5 49 2
      vertex 97 50.9019 2
      vertex 95.5 53.5 2
    endloop
  endfacet
  facet normal 0 0 1
    outer loop
      vertex 97 50.9019 2
      vertex 92.5 49 2
      vertex 97 47.0981 2
    endloop
  endfacet
  facet normal 0 0 1
    outer loop
      vertex 100 56.0981 2
      vertex 104.5 58 2
      vertex 100 59.9019 2
    endloop
  endfacet
  facet normal 0 0 1
    outer loop
      vertex 104.5 58 2
      vertex 100 56.0981 2
      vertex 101.5 53.5 2
    endloop
  endfacet
  facet normal -0 0 1
    outer loop
      vertex 97 59.9019 2
      vertex 100 56.0981 2
      vertex 100 59.9019 2
    endloop
  endfacet
  facet normal 0 0 1
    outer loop
      vertex 97 59.9019 2
      vertex 97 56.0981 2
      vertex 100 56.0981 2
    endloop
  endfacet
  facet normal 0 0 1
    outer loop
      vertex 92.5 58 2
      vertex 97 59.9019 2
      vertex 95.5 62.5 2
    endloop
  endfacet
  facet normal 0 0 1
    outer loop
      vertex 97 59.9019 2
      vertex 92.5 58 2
      vertex 97 56.0981 2
    endloop
  endfacet
  facet normal 0 0 1
    outer loop
      vertex 100 65.0981 2
      vertex 104.5 67 2
      vertex 100 68.9019 2
    endloop
  endfacet
  facet normal 0 0 1
    outer loop
      vertex 104.5 67 2
      vertex 100 65.0981 2
      vertex 101.5 62.5 2
    endloop
  endfacet
  facet normal -0 0 1
    outer loop
      vertex 97 68.9019 2
      vertex 100 65.0981 2
      vertex 100 68.9019 2
    endloop
  endfacet
  facet normal 0 0 1
    outer loop
      vertex 97 68.9019 2
      vertex 97 65.0981 2
      vertex 100 65.0981 2
    endloop
  endfacet
  facet normal 0 0 1
    outer loop
      vertex 92.5 67 2
      vertex 97 68.9019 2
      vertex 95.5 71.5 2
    endloop
  endfacet
  facet normal 0 0 1
    outer loop
      vertex 97 68.9019 2
      vertex 92.5 67 2
      vertex 97 65.0981 2
    endloop
  endfacet
  facet normal 0 0 1
    outer loop
      vertex 100 74.0981 2
      vertex 104.5 76 2
      vertex 100 77.9019 2
    endloop
  endfacet
  facet normal 0 0 1
    outer loop
      vertex 104.5 76 2
      vertex 100 74.0981 2
      vertex 101.5 71.5 2
    endloop
  endfacet
  facet normal -0 0 1
    outer loop
      vertex 97 77.9019 2
      vertex 100 74.0981 2
      vertex 100 77.9019 2
    endloop
  endfacet
  facet normal 0 0 1
    outer loop
      vertex 97 77.9019 2
      vertex 97 74.0981 2
      vertex 100 74.0981 2
    endloop
  endfacet
  facet normal 0 0 1
    outer loop
      vertex 92.5 76 2
      vertex 97 77.9019 2
      vertex 95.5 80.5 2
    endloop
  endfacet
  facet normal 0 0 1
    outer loop
      vertex 97 77.9019 2
      vertex 92.5 76 2
      vertex 97 74.0981 2
    endloop
  endfacet
  facet normal 0 0 1
    outer loop
      vertex 109 24.5981 2
      vertex 113.5 26.5 2
      vertex 109 28.4019 2
    endloop
  endfacet
  facet normal 0 0 1
    outer loop
      vertex 113.5 26.5 2
      vertex 109 24.5981 2
      vertex 110.5 22 2
    endloop
  endfacet
  facet normal -0 0 1
    outer loop
      vertex 106 28.4019 2
      vertex 109 24.5981 2
      vertex 109 28.4019 2
    endloop
  endfacet
  facet normal 0 0 1
    outer loop
      vertex 106 28.4019 2
      vertex 106 24.5981 2
      vertex 109 24.5981 2
    endloop
  endfacet
  facet normal 0 0 1
    outer loop
      vertex 101.5 26.5 2
      vertex 106 28.4019 2
      vertex 104.5 31 2
    endloop
  endfacet
  facet normal 0 0 1
    outer loop
      vertex 106 28.4019 2
      vertex 101.5 26.5 2
      vertex 106 24.5981 2
    endloop
  endfacet
  facet normal 0 0 1
    outer loop
      vertex 109 33.5981 2
      vertex 113.5 35.5 2
      vertex 109 37.4019 2
    endloop
  endfacet
  facet normal 0 0 1
    outer loop
      vertex 113.5 35.5 2
      vertex 109 33.5981 2
      vertex 110.5 31 2
    endloop
  endfacet
  facet normal -0 0 1
    outer loop
      vertex 106 37.4019 2
      vertex 109 33.5981 2
      vertex 109 37.4019 2
    endloop
  endfacet
  facet normal 0 0 1
    outer loop
      vertex 106 37.4019 2
      vertex 106 33.5981 2
      vertex 109 33.5981 2
    endloop
  endfacet
  facet normal 0 0 1
    outer loop
      vertex 101.5 35.5 2
      vertex 106 37.4019 2
      vertex 104.5 40 2
    endloop
  endfacet
  facet normal 0 0 1
    outer loop
      vertex 106 37.4019 2
      vertex 101.5 35.5 2
      vertex 106 33.5981 2
    endloop
  endfacet
  facet normal 0 0 1
    outer loop
      vertex 109 42.5981 2
      vertex 113.5 44.5 2
      vertex 109 46.4019 2
    endloop
  endfacet
  facet normal 0 0 1
    outer loop
      vertex 113.5 44.5 2
      vertex 109 42.5981 2
      vertex 110.5 40 2
    endloop
  endfacet
  facet normal -0 0 1
    outer loop
      vertex 106 46.4019 2
      vertex 109 42.5981 2
      vertex 109 46.4019 2
    endloop
  endfacet
  facet normal 0 0 1
    outer loop
      vertex 106 46.4019 2
      vertex 106 42.5981 2
      vertex 109 42.5981 2
    endloop
  endfacet
  facet normal 0 0 1
    outer loop
      vertex 101.5 44.5 2
      vertex 106 46.4019 2
      vertex 104.5 49 2
    endloop
  endfacet
  facet normal 0 0 1
    outer loop
      vertex 106 46.4019 2
      vertex 101.5 44.5 2
      vertex 106 42.5981 2
    endloop
  endfacet
  facet normal 0 0 1
    outer loop
      vertex 109 51.5981 2
      vertex 113.5 53.5 2
      vertex 109 55.4019 2
    endloop
  endfacet
  facet normal 0 0 1
    outer loop
      vertex 113.5 53.5 2
      vertex 109 51.5981 2
      vertex 110.5 49 2
    endloop
  endfacet
  facet normal -0 0 1
    outer loop
      vertex 106 55.4019 2
      vertex 109 51.5981 2
      vertex 109 55.4019 2
    endloop
  endfacet
  facet normal 0 0 1
    outer loop
      vertex 106 55.4019 2
      vertex 106 51.5981 2
      vertex 109 51.5981 2
    endloop
  endfacet
  facet normal 0 0 1
    outer loop
      vertex 101.5 53.5 2
      vertex 106 55.4019 2
      vertex 104.5 58 2
    endloop
  endfacet
  facet normal 0 0 1
    outer loop
      vertex 106 55.4019 2
      vertex 101.5 53.5 2
      vertex 106 51.5981 2
    endloop
  endfacet
  facet normal 0 0 1
    outer loop
      vertex 109 60.5981 2
      vertex 113.5 62.5 2
      vertex 109 64.4019 2
    endloop
  endfacet
  facet normal 0 0 1
    outer loop
      vertex 113.5 62.5 2
      vertex 109 60.5981 2
      vertex 110.5 58 2
    endloop
  endfacet
  facet normal -0 0 1
    outer loop
      vertex 106 64.4019 2
      vertex 109 60.5981 2
      vertex 109 64.4019 2
    endloop
  endfacet
  facet normal 0 0 1
    outer loop
      vertex 106 64.4019 2
      vertex 106 60.5981 2
      vertex 109 60.5981 2
    endloop
  endfacet
  facet normal 0 0 1
    outer loop
      vertex 101.5 62.5 2
      vertex 106 64.4019 2
      vertex 104.5 67 2
    endloop
  endfacet
  facet normal 0 0 1
    outer loop
      vertex 106 64.4019 2
      vertex 101.5 62.5 2
      vertex 106 60.5981 2
    endloop
  endfacet
  facet normal 0 0 1
    outer loop
      vertex 109 69.5981 2
      vertex 113.5 71.5 2
      vertex 109 73.4019 2
    endloop
  endfacet
  facet normal 0 0 1
    outer loop
      vertex 113.5 71.5 2
      vertex 109 69.5981 2
      vertex 110.5 67 2
    endloop
  endfacet
  facet normal -0 0 1
    outer loop
      vertex 106 73.4019 2
      vertex 109 69.5981 2
      vertex 109 73.4019 2
    endloop
  endfacet
  facet normal 0 0 1
    outer loop
      vertex 106 73.4019 2
      vertex 106 69.5981 2
      vertex 109 69.5981 2
    endloop
  endfacet
  facet normal 0 0 1
    outer loop
      vertex 101.5 71.5 2
      vertex 106 73.4019 2
      vertex 104.5 76 2
    endloop
  endfacet
  facet normal 0 0 1
    outer loop
      vertex 106 73.4019 2
      vertex 101.5 71.5 2
      vertex 106 69.5981 2
    endloop
  endfacet
  facet normal 0 0 1
    outer loop
      vertex 109 78.5981 2
      vertex 113.5 80.5 2
      vertex 109 82.4019 2
    endloop
  endfacet
  facet normal 0 0 1
    outer loop
      vertex 113.5 80.5 2
      vertex 109 78.5981 2
      vertex 110.5 76 2
    endloop
  endfacet
  facet normal -0 0 1
    outer loop
      vertex 106 82.4019 2
      vertex 109 78.5981 2
      vertex 109 82.4019 2
    endloop
  endfacet
  facet normal 0 0 1
    outer loop
      vertex 106 82.4019 2
      vertex 106 78.5981 2
      vertex 109 78.5981 2
    endloop
  endfacet
  facet normal 0 0 1
    outer loop
      vertex 101.5 80.5 2
      vertex 106 82.4019 2
      vertex 104.5 85 2
    endloop
  endfacet
  facet normal 0 0 1
    outer loop
      vertex 106 82.4019 2
      vertex 101.5 80.5 2
      vertex 106 78.5981 2
    endloop
  endfacet
  facet normal 0 0 1
    outer loop
      vertex 118 20.0981 2
      vertex 122.5 22 2
      vertex 118 23.9019 2
    endloop
  endfacet
  facet normal 0 0 1
    outer loop
      vertex 122.5 22 2
      vertex 118 20.0981 2
      vertex 119.5 17.5 2
    endloop
  endfacet
  facet normal -0 0 1
    outer loop
      vertex 115 23.9019 2
      vertex 118 20.0981 2
      vertex 118 23.9019 2
    endloop
  endfacet
  facet normal 0 0 1
    outer loop
      vertex 115 23.9019 2
      vertex 115 20.0981 2
      vertex 118 20.0981 2
    endloop
  endfacet
  facet normal 0 0 1
    outer loop
      vertex 110.5 22 2
      vertex 115 23.9019 2
      vertex 113.5 26.5 2
    endloop
  endfacet
  facet normal 0 0 1
    outer loop
      vertex 115 23.9019 2
      vertex 110.5 22 2
      vertex 115 20.0981 2
    endloop
  endfacet
  facet normal 0 0 1
    outer loop
      vertex 118 29.0981 2
      vertex 122.5 31 2
      vertex 118 32.9019 2
    endloop
  endfacet
  facet normal 0 0 1
    outer loop
      vertex 122.5 31 2
      vertex 118 29.0981 2
      vertex 119.5 26.5 2
    endloop
  endfacet
  facet normal -0 0 1
    outer loop
      vertex 115 32.9019 2
      vertex 118 29.0981 2
      vertex 118 32.9019 2
    endloop
  endfacet
  facet normal 0 0 1
    outer loop
      vertex 115 32.9019 2
      vertex 115 29.0981 2
      vertex 118 29.0981 2
    endloop
  endfacet
  facet normal 0 0 1
    outer loop
      vertex 110.5 31 2
      vertex 115 32.9019 2
      vertex 113.5 35.5 2
    endloop
  endfacet
  facet normal 0 0 1
    outer loop
      vertex 115 32.9019 2
      vertex 110.5 31 2
      vertex 115 29.0981 2
    endloop
  endfacet
  facet normal 0 0 1
    outer loop
      vertex 118 38.0981 2
      vertex 122.5 40 2
      vertex 118 41.9019 2
    endloop
  endfacet
  facet normal 0 0 1
    outer loop
      vertex 122.5 40 2
      vertex 118 38.0981 2
      vertex 119.5 35.5 2
    endloop
  endfacet
  facet normal -0 0 1
    outer loop
      vertex 115 41.9019 2
      vertex 118 38.0981 2
      vertex 118 41.9019 2
    endloop
  endfacet
  facet normal 0 0 1
    outer loop
      vertex 115 41.9019 2
      vertex 115 38.0981 2
      vertex 118 38.0981 2
    endloop
  endfacet
  facet normal 0 0 1
    outer loop
      vertex 110.5 40 2
      vertex 115 41.9019 2
      vertex 113.5 44.5 2
    endloop
  endfacet
  facet normal 0 0 1
    outer loop
      vertex 115 41.9019 2
      vertex 110.5 40 2
      vertex 115 38.0981 2
    endloop
  endfacet
  facet normal 0 0 1
    outer loop
      vertex 118 47.0981 2
      vertex 122.5 49 2
      vertex 118 50.9019 2
    endloop
  endfacet
  facet normal 0 0 1
    outer loop
      vertex 122.5 49 2
      vertex 118 47.0981 2
      vertex 119.5 44.5 2
    endloop
  endfacet
  facet normal -0 0 1
    outer loop
      vertex 115 50.9019 2
      vertex 118 47.0981 2
      vertex 118 50.9019 2
    endloop
  endfacet
  facet normal 0 0 1
    outer loop
      vertex 115 50.9019 2
      vertex 115 47.0981 2
      vertex 118 47.0981 2
    endloop
  endfacet
  facet normal 0 0 1
    outer loop
      vertex 110.5 49 2
      vertex 115 50.9019 2
      vertex 113.5 53.5 2
    endloop
  endfacet
  facet normal 0 0 1
    outer loop
      vertex 115 50.9019 2
      vertex 110.5 49 2
      vertex 115 47.0981 2
    endloop
  endfacet
  facet normal 0 0 1
    outer loop
      vertex 118 56.0981 2
      vertex 122.5 58 2
      vertex 118 59.9019 2
    endloop
  endfacet
  facet normal 0 0 1
    outer loop
      vertex 122.5 58 2
      vertex 118 56.0981 2
      vertex 119.5 53.5 2
    endloop
  endfacet
  facet normal -0 0 1
    outer loop
      vertex 115 59.9019 2
      vertex 118 56.0981 2
      vertex 118 59.9019 2
    endloop
  endfacet
  facet normal 0 0 1
    outer loop
      vertex 115 59.9019 2
      vertex 115 56.0981 2
      vertex 118 56.0981 2
    endloop
  endfacet
  facet normal 0 0 1
    outer loop
      vertex 110.5 58 2
      vertex 115 59.9019 2
      vertex 113.5 62.5 2
    endloop
  endfacet
  facet normal 0 0 1
    outer loop
      vertex 115 59.9019 2
      vertex 110.5 58 2
      vertex 115 56.0981 2
    endloop
  endfacet
  facet normal 0 0 1
    outer loop
      vertex 118 65.0981 2
      vertex 122.5 67 2
      vertex 118 68.9019 2
    endloop
  endfacet
  facet normal 0 0 1
    outer loop
      vertex 122.5 67 2
      vertex 118 65.0981 2
      vertex 119.5 62.5 2
    endloop
  endfacet
  facet normal -0 0 1
    outer loop
      vertex 115 68.9019 2
      vertex 118 65.0981 2
      vertex 118 68.9019 2
    endloop
  endfacet
  facet normal 0 0 1
    outer loop
      vertex 115 68.9019 2
      vertex 115 65.0981 2
      vertex 118 65.0981 2
    endloop
  endfacet
  facet normal 0 0 1
    outer loop
      vertex 110.5 67 2
      vertex 115 68.9019 2
      vertex 113.5 71.5 2
    endloop
  endfacet
  facet normal 0 0 1
    outer loop
      vertex 115 68.9019 2
      vertex 110.5 67 2
      vertex 115 65.0981 2
    endloop
  endfacet
  facet normal 0 0 1
    outer loop
      vertex 118 74.0981 2
      vertex 122.5 76 2
      vertex 118 77.9019 2
    endloop
  endfacet
  facet normal 0 0 1
    outer loop
      vertex 122.5 76 2
      vertex 118 74.0981 2
      vertex 119.5 71.5 2
    endloop
  endfacet
  facet normal -0 0 1
    outer loop
      vertex 115 77.9019 2
      vertex 118 74.0981 2
      vertex 118 77.9019 2
    endloop
  endfacet
  facet normal 0 0 1
    outer loop
      vertex 115 77.9019 2
      vertex 115 74.0981 2
      vertex 118 74.0981 2
    endloop
  endfacet
  facet normal 0 0 1
    outer loop
      vertex 110.5 76 2
      vertex 115 77.9019 2
      vertex 113.5 80.5 2
    endloop
  endfacet
  facet normal 0 0 1
    outer loop
      vertex 115 77.9019 2
      vertex 110.5 76 2
      vertex 115 74.0981 2
    endloop
  endfacet
  facet normal 0 0 1
    outer loop
      vertex 127 24.5981 2
      vertex 131.5 26.5 2
      vertex 127 28.4019 2
    endloop
  endfacet
  facet normal 0 0 1
    outer loop
      vertex 131.5 26.5 2
      vertex 127 24.5981 2
      vertex 128.5 22 2
    endloop
  endfacet
  facet normal -0 0 1
    outer loop
      vertex 124 28.4019 2
      vertex 127 24.5981 2
      vertex 127 28.4019 2
    endloop
  endfacet
  facet normal 0 0 1
    outer loop
      vertex 124 28.4019 2
      vertex 124 24.5981 2
      vertex 127 24.5981 2
    endloop
  endfacet
  facet normal 0 0 1
    outer loop
      vertex 119.5 26.5 2
      vertex 124 28.4019 2
      vertex 122.5 31 2
    endloop
  endfacet
  facet normal 0 0 1
    outer loop
      vertex 124 28.4019 2
      vertex 119.5 26.5 2
      vertex 124 24.5981 2
    endloop
  endfacet
  facet normal 0 0 1
    outer loop
      vertex 127 33.5981 2
      vertex 131.5 35.5 2
      vertex 127 37.4019 2
    endloop
  endfacet
  facet normal 0 0 1
    outer loop
      vertex 131.5 35.5 2
      vertex 127 33.5981 2
      vertex 128.5 31 2
    endloop
  endfacet
  facet normal -0 0 1
    outer loop
      vertex 124 37.4019 2
      vertex 127 33.5981 2
      vertex 127 37.4019 2
    endloop
  endfacet
  facet normal 0 0 1
    outer loop
      vertex 124 37.4019 2
      vertex 124 33.5981 2
      vertex 127 33.5981 2
    endloop
  endfacet
  facet normal 0 0 1
    outer loop
      vertex 119.5 35.5 2
      vertex 124 37.4019 2
      vertex 122.5 40 2
    endloop
  endfacet
  facet normal 0 0 1
    outer loop
      vertex 124 37.4019 2
      vertex 119.5 35.5 2
      vertex 124 33.5981 2
    endloop
  endfacet
  facet normal 0 0 1
    outer loop
      vertex 127 42.5981 2
      vertex 131.5 44.5 2
      vertex 127 46.4019 2
    endloop
  endfacet
  facet normal 0 0 1
    outer loop
      vertex 131.5 44.5 2
      vertex 127 42.5981 2
      vertex 128.5 40 2
    endloop
  endfacet
  facet normal -0 0 1
    outer loop
      vertex 124 46.4019 2
      vertex 127 42.5981 2
      vertex 127 46.4019 2
    endloop
  endfacet
  facet normal 0 0 1
    outer loop
      vertex 124 46.4019 2
      vertex 124 42.5981 2
      vertex 127 42.5981 2
    endloop
  endfacet
  facet normal 0 0 1
    outer loop
      vertex 119.5 44.5 2
      vertex 124 46.4019 2
      vertex 122.5 49 2
    endloop
  endfacet
  facet normal 0 0 1
    outer loop
      vertex 124 46.4019 2
      vertex 119.5 44.5 2
      vertex 124 42.5981 2
    endloop
  endfacet
  facet normal 0 0 1
    outer loop
      vertex 127 51.5981 2
      vertex 131.5 53.5 2
      vertex 127 55.4019 2
    endloop
  endfacet
  facet normal 0 0 1
    outer loop
      vertex 131.5 53.5 2
      vertex 127 51.5981 2
      vertex 128.5 49 2
    endloop
  endfacet
  facet normal -0 0 1
    outer loop
      vertex 124 55.4019 2
      vertex 127 51.5981 2
      vertex 127 55.4019 2
    endloop
  endfacet
  facet normal 0 0 1
    outer loop
      vertex 124 55.4019 2
      vertex 124 51.5981 2
      vertex 127 51.5981 2
    endloop
  endfacet
  facet normal 0 0 1
    outer loop
      vertex 119.5 53.5 2
      vertex 124 55.4019 2
      vertex 122.5 58 2
    endloop
  endfacet
  facet normal 0 0 1
    outer loop
      vertex 124 55.4019 2
      vertex 119.5 53.5 2
      vertex 124 51.5981 2
    endloop
  endfacet
  facet normal 0 0 1
    outer loop
      vertex 127 60.5981 2
      vertex 131.5 62.5 2
      vertex 127 64.4019 2
    endloop
  endfacet
  facet normal 0 0 1
    outer loop
      vertex 131.5 62.5 2
      vertex 127 60.5981 2
      vertex 128.5 58 2
    endloop
  endfacet
  facet normal -0 0 1
    outer loop
      vertex 124 64.4019 2
      vertex 127 60.5981 2
      vertex 127 64.4019 2
    endloop
  endfacet
  facet normal 0 0 1
    outer loop
      vertex 124 64.4019 2
      vertex 124 60.5981 2
      vertex 127 60.5981 2
    endloop
  endfacet
  facet normal 0 0 1
    outer loop
      vertex 119.5 62.5 2
      vertex 124 64.4019 2
      vertex 122.5 67 2
    endloop
  endfacet
  facet normal 0 0 1
    outer loop
      vertex 124 64.4019 2
      vertex 119.5 62.5 2
      vertex 124 60.5981 2
    endloop
  endfacet
  facet normal 0 0 1
    outer loop
      vertex 127 69.5981 2
      vertex 131.5 71.5 2
      vertex 127 73.4019 2
    endloop
  endfacet
  facet normal 0 0 1
    outer loop
      vertex 131.5 71.5 2
      vertex 127 69.5981 2
      vertex 128.5 67 2
    endloop
  endfacet
  facet normal -0 0 1
    outer loop
      vertex 124 73.4019 2
      vertex 127 69.5981 2
      vertex 127 73.4019 2
    endloop
  endfacet
  facet normal 0 0 1
    outer loop
      vertex 124 73.4019 2
      vertex 124 69.5981 2
      vertex 127 69.5981 2
    endloop
  endfacet
  facet normal 0 0 1
    outer loop
      vertex 119.5 71.5 2
      vertex 124 73.4019 2
      vertex 122.5 76 2
    endloop
  endfacet
  facet normal 0 0 1
    outer loop
      vertex 124 73.4019 2
      vertex 119.5 71.5 2
      vertex 124 69.5981 2
    endloop
  endfacet
  facet normal 0 0 1
    outer loop
      vertex 127 78.5981 2
      vertex 131.5 80.5 2
      vertex 127 82.4019 2
    endloop
  endfacet
  facet normal 0 0 1
    outer loop
      vertex 131.5 80.5 2
      vertex 127 78.5981 2
      vertex 128.5 76 2
    endloop
  endfacet
  facet normal -0 0 1
    outer loop
      vertex 124 82.4019 2
      vertex 127 78.5981 2
      vertex 127 82.4019 2
    endloop
  endfacet
  facet normal 0 0 1
    outer loop
      vertex 124 82.4019 2
      vertex 124 78.5981 2
      vertex 127 78.5981 2
    endloop
  endfacet
  facet normal 0 0 1
    outer loop
      vertex 119.5 80.5 2
      vertex 124 82.4019 2
      vertex 122.5 85 2
    endloop
  endfacet
  facet normal 0 0 1
    outer loop
      vertex 124 82.4019 2
      vertex 119.5 80.5 2
      vertex 124 78.5981 2
    endloop
  endfacet
  facet normal 0 0 1
    outer loop
      vertex 136 20.0981 2
      vertex 140.5 22 2
      vertex 136 23.9019 2
    endloop
  endfacet
  facet normal 0 0 1
    outer loop
      vertex 140.5 22 2
      vertex 136 20.0981 2
      vertex 137.5 17.5 2
    endloop
  endfacet
  facet normal -0 0 1
    outer loop
      vertex 133 23.9019 2
      vertex 136 20.0981 2
      vertex 136 23.9019 2
    endloop
  endfacet
  facet normal 0 0 1
    outer loop
      vertex 133 23.9019 2
      vertex 133 20.0981 2
      vertex 136 20.0981 2
    endloop
  endfacet
  facet normal 0 0 1
    outer loop
      vertex 128.5 22 2
      vertex 133 23.9019 2
      vertex 131.5 26.5 2
    endloop
  endfacet
  facet normal 0 0 1
    outer loop
      vertex 133 23.9019 2
      vertex 128.5 22 2
      vertex 133 20.0981 2
    endloop
  endfacet
  facet normal 0 0 1
    outer loop
      vertex 136 29.0981 2
      vertex 140.5 31 2
      vertex 136 32.9019 2
    endloop
  endfacet
  facet normal 0 0 1
    outer loop
      vertex 140.5 31 2
      vertex 136 29.0981 2
      vertex 137.5 26.5 2
    endloop
  endfacet
  facet normal -0 0 1
    outer loop
      vertex 133 32.9019 2
      vertex 136 29.0981 2
      vertex 136 32.9019 2
    endloop
  endfacet
  facet normal 0 0 1
    outer loop
      vertex 133 32.9019 2
      vertex 133 29.0981 2
      vertex 136 29.0981 2
    endloop
  endfacet
  facet normal 0 0 1
    outer loop
      vertex 128.5 31 2
      vertex 133 32.9019 2
      vertex 131.5 35.5 2
    endloop
  endfacet
  facet normal 0 0 1
    outer loop
      vertex 133 32.9019 2
      vertex 128.5 31 2
      vertex 133 29.0981 2
    endloop
  endfacet
  facet normal 0 0 1
    outer loop
      vertex 136 38.0981 2
      vertex 140.5 40 2
      vertex 136 41.9019 2
    endloop
  endfacet
  facet normal 0 0 1
    outer loop
      vertex 140.5 40 2
      vertex 136 38.0981 2
      vertex 137.5 35.5 2
    endloop
  endfacet
  facet normal -0 0 1
    outer loop
      vertex 133 41.9019 2
      vertex 136 38.0981 2
      vertex 136 41.9019 2
    endloop
  endfacet
  facet normal 0 0 1
    outer loop
      vertex 133 41.9019 2
      vertex 133 38.0981 2
      vertex 136 38.0981 2
    endloop
  endfacet
  facet normal 0 0 1
    outer loop
      vertex 128.5 40 2
      vertex 133 41.9019 2
      vertex 131.5 44.5 2
    endloop
  endfacet
  facet normal 0 0 1
    outer loop
      vertex 133 41.9019 2
      vertex 128.5 40 2
      vertex 133 38.0981 2
    endloop
  endfacet
  facet normal 0 0 1
    outer loop
      vertex 136 47.0981 2
      vertex 140.5 49 2
      vertex 136 50.9019 2
    endloop
  endfacet
  facet normal 0 0 1
    outer loop
      vertex 140.5 49 2
      vertex 136 47.0981 2
      vertex 137.5 44.5 2
    endloop
  endfacet
  facet normal -0 0 1
    outer loop
      vertex 133 50.9019 2
      vertex 136 47.0981 2
      vertex 136 50.9019 2
    endloop
  endfacet
  facet normal 0 0 1
    outer loop
      vertex 133 50.9019 2
      vertex 133 47.0981 2
      vertex 136 47.0981 2
    endloop
  endfacet
  facet normal 0 0 1
    outer loop
      vertex 128.5 49 2
      vertex 133 50.9019 2
      vertex 131.5 53.5 2
    endloop
  endfacet
  facet normal 0 0 1
    outer loop
      vertex 133 50.9019 2
      vertex 128.5 49 2
      vertex 133 47.0981 2
    endloop
  endfacet
  facet normal 0 0 1
    outer loop
      vertex 136 56.0981 2
      vertex 140.5 58 2
      vertex 136 59.9019 2
    endloop
  endfacet
  facet normal 0 0 1
    outer loop
      vertex 140.5 58 2
      vertex 136 56.0981 2
      vertex 137.5 53.5 2
    endloop
  endfacet
  facet normal -0 0 1
    outer loop
      vertex 133 59.9019 2
      vertex 136 56.0981 2
      vertex 136 59.9019 2
    endloop
  endfacet
  facet normal 0 0 1
    outer loop
      vertex 133 59.9019 2
      vertex 133 56.0981 2
      vertex 136 56.0981 2
    endloop
  endfacet
  facet normal 0 0 1
    outer loop
      vertex 128.5 58 2
      vertex 133 59.9019 2
      vertex 131.5 62.5 2
    endloop
  endfacet
  facet normal 0 0 1
    outer loop
      vertex 133 59.9019 2
      vertex 128.5 58 2
      vertex 133 56.0981 2
    endloop
  endfacet
  facet normal 0 0 1
    outer loop
      vertex 136 65.0981 2
      vertex 140.5 67 2
      vertex 136 68.9019 2
    endloop
  endfacet
  facet normal 0 0 1
    outer loop
      vertex 140.5 67 2
      vertex 136 65.0981 2
      vertex 137.5 62.5 2
    endloop
  endfacet
  facet normal -0 0 1
    outer loop
      vertex 133 68.9019 2
      vertex 136 65.0981 2
      vertex 136 68.9019 2
    endloop
  endfacet
  facet normal 0 0 1
    outer loop
      vertex 133 68.9019 2
      vertex 133 65.0981 2
      vertex 136 65.0981 2
    endloop
  endfacet
  facet normal 0 0 1
    outer loop
      vertex 128.5 67 2
      vertex 133 68.9019 2
      vertex 131.5 71.5 2
    endloop
  endfacet
  facet normal 0 0 1
    outer loop
      vertex 133 68.9019 2
      vertex 128.5 67 2
      vertex 133 65.0981 2
    endloop
  endfacet
  facet normal 0 0 1
    outer loop
      vertex 136 74.0981 2
      vertex 140.5 76 2
      vertex 136 77.9019 2
    endloop
  endfacet
  facet normal 0 0 1
    outer loop
      vertex 140.5 76 2
      vertex 136 74.0981 2
      vertex 137.5 71.5 2
    endloop
  endfacet
  facet normal -0 0 1
    outer loop
      vertex 133 77.9019 2
      vertex 136 74.0981 2
      vertex 136 77.9019 2
    endloop
  endfacet
  facet normal 0 0 1
    outer loop
      vertex 133 77.9019 2
      vertex 133 74.0981 2
      vertex 136 74.0981 2
    endloop
  endfacet
  facet normal 0 0 1
    outer loop
      vertex 128.5 76 2
      vertex 133 77.9019 2
      vertex 131.5 80.5 2
    endloop
  endfacet
  facet normal 0 0 1
    outer loop
      vertex 133 77.9019 2
      vertex 128.5 76 2
      vertex 133 74.0981 2
    endloop
  endfacet
  facet normal 0 0 1
    outer loop
      vertex 145 24.5981 2
      vertex 149.5 26.5 2
      vertex 145 28.4019 2
    endloop
  endfacet
  facet normal 0 0 1
    outer loop
      vertex 149.5 26.5 2
      vertex 145 24.5981 2
      vertex 146.5 22 2
    endloop
  endfacet
  facet normal -0 0 1
    outer loop
      vertex 142 28.4019 2
      vertex 145 24.5981 2
      vertex 145 28.4019 2
    endloop
  endfacet
  facet normal 0 0 1
    outer loop
      vertex 142 28.4019 2
      vertex 142 24.5981 2
      vertex 145 24.5981 2
    endloop
  endfacet
  facet normal 0 0 1
    outer loop
      vertex 137.5 26.5 2
      vertex 142 28.4019 2
      vertex 140.5 31 2
    endloop
  endfacet
  facet normal 0 0 1
    outer loop
      vertex 142 28.4019 2
      vertex 137.5 26.5 2
      vertex 142 24.5981 2
    endloop
  endfacet
  facet normal 0 0 1
    outer loop
      vertex 145 33.5981 2
      vertex 149.5 35.5 2
      vertex 145 37.4019 2
    endloop
  endfacet
  facet normal 0 0 1
    outer loop
      vertex 149.5 35.5 2
      vertex 145 33.5981 2
      vertex 146.5 31 2
    endloop
  endfacet
  facet normal -0 0 1
    outer loop
      vertex 142 37.4019 2
      vertex 145 33.5981 2
      vertex 145 37.4019 2
    endloop
  endfacet
  facet normal 0 0 1
    outer loop
      vertex 142 37.4019 2
      vertex 142 33.5981 2
      vertex 145 33.5981 2
    endloop
  endfacet
  facet normal 0 0 1
    outer loop
      vertex 137.5 35.5 2
      vertex 142 37.4019 2
      vertex 140.5 40 2
    endloop
  endfacet
  facet normal 0 0 1
    outer loop
      vertex 142 37.4019 2
      vertex 137.5 35.5 2
      vertex 142 33.5981 2
    endloop
  endfacet
  facet normal 0 0 1
    outer loop
      vertex 145 42.5981 2
      vertex 149.5 44.5 2
      vertex 145 46.4019 2
    endloop
  endfacet
  facet normal 0 0 1
    outer loop
      vertex 149.5 44.5 2
      vertex 145 42.5981 2
      vertex 146.5 40 2
    endloop
  endfacet
  facet normal -0 0 1
    outer loop
      vertex 142 46.4019 2
      vertex 145 42.5981 2
      vertex 145 46.4019 2
    endloop
  endfacet
  facet normal 0 0 1
    outer loop
      vertex 142 46.4019 2
      vertex 142 42.5981 2
      vertex 145 42.5981 2
    endloop
  endfacet
  facet normal 0 0 1
    outer loop
      vertex 137.5 44.5 2
      vertex 142 46.4019 2
      vertex 140.5 49 2
    endloop
  endfacet
  facet normal 0 0 1
    outer loop
      vertex 142 46.4019 2
      vertex 137.5 44.5 2
      vertex 142 42.5981 2
    endloop
  endfacet
  facet normal 0 0 1
    outer loop
      vertex 145 51.5981 2
      vertex 149.5 53.5 2
      vertex 145 55.4019 2
    endloop
  endfacet
  facet normal 0 0 1
    outer loop
      vertex 149.5 53.5 2
      vertex 145 51.5981 2
      vertex 146.5 49 2
    endloop
  endfacet
  facet normal -0 0 1
    outer loop
      vertex 142 55.4019 2
      vertex 145 51.5981 2
      vertex 145 55.4019 2
    endloop
  endfacet
  facet normal 0 0 1
    outer loop
      vertex 142 55.4019 2
      vertex 142 51.5981 2
      vertex 145 51.5981 2
    endloop
  endfacet
  facet normal 0 0 1
    outer loop
      vertex 137.5 53.5 2
      vertex 142 55.4019 2
      vertex 140.5 58 2
    endloop
  endfacet
  facet normal 0 0 1
    outer loop
      vertex 142 55.4019 2
      vertex 137.5 53.5 2
      vertex 142 51.5981 2
    endloop
  endfacet
  facet normal 0 0 1
    outer loop
      vertex 145 60.5981 2
      vertex 149.5 62.5 2
      vertex 145 64.4019 2
    endloop
  endfacet
  facet normal 0 0 1
    outer loop
      vertex 149.5 62.5 2
      vertex 145 60.5981 2
      vertex 146.5 58 2
    endloop
  endfacet
  facet normal -0 0 1
    outer loop
      vertex 142 64.4019 2
      vertex 145 60.5981 2
      vertex 145 64.4019 2
    endloop
  endfacet
  facet normal 0 0 1
    outer loop
      vertex 142 64.4019 2
      vertex 142 60.5981 2
      vertex 145 60.5981 2
    endloop
  endfacet
  facet normal 0 0 1
    outer loop
      vertex 137.5 62.5 2
      vertex 142 64.4019 2
      vertex 140.5 67 2
    endloop
  endfacet
  facet normal 0 0 1
    outer loop
      vertex 142 64.4019 2
      vertex 137.5 62.5 2
      vertex 142 60.5981 2
    endloop
  endfacet
  facet normal 0 0 1
    outer loop
      vertex 145 69.5981 2
      vertex 149.5 71.5 2
      vertex 145 73.4019 2
    endloop
  endfacet
  facet normal 0 0 1
    outer loop
      vertex 149.5 71.5 2
      vertex 145 69.5981 2
      vertex 146.5 67 2
    endloop
  endfacet
  facet normal -0 0 1
    outer loop
      vertex 142 73.4019 2
      vertex 145 69.5981 2
      vertex 145 73.4019 2
    endloop
  endfacet
  facet normal 0 0 1
    outer loop
      vertex 142 73.4019 2
      vertex 142 69.5981 2
      vertex 145 69.5981 2
    endloop
  endfacet
  facet normal 0 0 1
    outer loop
      vertex 137.5 71.5 2
      vertex 142 73.4019 2
      vertex 140.5 76 2
    endloop
  endfacet
  facet normal 0 0 1
    outer loop
      vertex 142 73.4019 2
      vertex 137.5 71.5 2
      vertex 142 69.5981 2
    endloop
  endfacet
  facet normal 0 0 1
    outer loop
      vertex 145 78.5981 2
      vertex 149.5 80.5 2
      vertex 145 82.4019 2
    endloop
  endfacet
  facet normal 0 0 1
    outer loop
      vertex 149.5 80.5 2
      vertex 145 78.5981 2
      vertex 146.5 76 2
    endloop
  endfacet
  facet normal -0 0 1
    outer loop
      vertex 142 82.4019 2
      vertex 145 78.5981 2
      vertex 145 82.4019 2
    endloop
  endfacet
  facet normal 0 0 1
    outer loop
      vertex 142 82.4019 2
      vertex 142 78.5981 2
      vertex 145 78.5981 2
    endloop
  endfacet
  facet normal 0 0 1
    outer loop
      vertex 137.5 80.5 2
      vertex 142 82.4019 2
      vertex 140.5 85 2
    endloop
  endfacet
  facet normal 0 0 1
    outer loop
      vertex 142 82.4019 2
      vertex 137.5 80.5 2
      vertex 142 78.5981 2
    endloop
  endfacet
  facet normal -0 0 1
    outer loop
      vertex 154 23.9019 2
      vertex 155.5 17.5 2
      vertex 155.5 26.5 2
    endloop
  endfacet
  facet normal 0 0 1
    outer loop
      vertex 154 23.9019 2
      vertex 154 20.0981 2
      vertex 155.5 17.5 2
    endloop
  endfacet
  facet normal -0 0 1
    outer loop
      vertex 151 23.9019 2
      vertex 154 20.0981 2
      vertex 154 23.9019 2
    endloop
  endfacet
  facet normal 0 0 1
    outer loop
      vertex 151 23.9019 2
      vertex 151 20.0981 2
      vertex 154 20.0981 2
    endloop
  endfacet
  facet normal 0 0 1
    outer loop
      vertex 146.5 22 2
      vertex 151 23.9019 2
      vertex 149.5 26.5 2
    endloop
  endfacet
  facet normal 0 0 1
    outer loop
      vertex 151 23.9019 2
      vertex 146.5 22 2
      vertex 151 20.0981 2
    endloop
  endfacet
  facet normal -0 0 1
    outer loop
      vertex 154 32.9019 2
      vertex 155.5 26.5 2
      vertex 155.5 35.5 2
    endloop
  endfacet
  facet normal 0 0 1
    outer loop
      vertex 154 32.9019 2
      vertex 154 29.0981 2
      vertex 155.5 26.5 2
    endloop
  endfacet
  facet normal -0 0 1
    outer loop
      vertex 151 32.9019 2
      vertex 154 29.0981 2
      vertex 154 32.9019 2
    endloop
  endfacet
  facet normal 0 0 1
    outer loop
      vertex 151 32.9019 2
      vertex 151 29.0981 2
      vertex 154 29.0981 2
    endloop
  endfacet
  facet normal 0 0 1
    outer loop
      vertex 146.5 31 2
      vertex 151 32.9019 2
      vertex 149.5 35.5 2
    endloop
  endfacet
  facet normal 0 0 1
    outer loop
      vertex 151 32.9019 2
      vertex 146.5 31 2
      vertex 151 29.0981 2
    endloop
  endfacet
  facet normal -0 0 1
    outer loop
      vertex 154 41.9019 2
      vertex 155.5 35.5 2
      vertex 155.5 44.5 2
    endloop
  endfacet
  facet normal 0 0 1
    outer loop
      vertex 154 41.9019 2
      vertex 154 38.0981 2
      vertex 155.5 35.5 2
    endloop
  endfacet
  facet normal -0 0 1
    outer loop
      vertex 151 41.9019 2
      vertex 154 38.0981 2
      vertex 154 41.9019 2
    endloop
  endfacet
  facet normal 0 0 1
    outer loop
      vertex 151 41.9019 2
      vertex 151 38.0981 2
      vertex 154 38.0981 2
    endloop
  endfacet
  facet normal 0 0 1
    outer loop
      vertex 146.5 40 2
      vertex 151 41.9019 2
      vertex 149.5 44.5 2
    endloop
  endfacet
  facet normal 0 0 1
    outer loop
      vertex 151 41.9019 2
      vertex 146.5 40 2
      vertex 151 38.0981 2
    endloop
  endfacet
  facet normal -0 0 1
    outer loop
      vertex 154 50.9019 2
      vertex 155.5 44.5 2
      vertex 155.5 53.5 2
    endloop
  endfacet
  facet normal 0 0 1
    outer loop
      vertex 154 50.9019 2
      vertex 154 47.0981 2
      vertex 155.5 44.5 2
    endloop
  endfacet
  facet normal -0 0 1
    outer loop
      vertex 151 50.9019 2
      vertex 154 47.0981 2
      vertex 154 50.9019 2
    endloop
  endfacet
  facet normal 0 0 1
    outer loop
      vertex 151 50.9019 2
      vertex 151 47.0981 2
      vertex 154 47.0981 2
    endloop
  endfacet
  facet normal 0 0 1
    outer loop
      vertex 146.5 49 2
      vertex 151 50.9019 2
      vertex 149.5 53.5 2
    endloop
  endfacet
  facet normal 0 0 1
    outer loop
      vertex 151 50.9019 2
      vertex 146.5 49 2
      vertex 151 47.0981 2
    endloop
  endfacet
  facet normal -0 0 1
    outer loop
      vertex 154 59.9019 2
      vertex 155.5 53.5 2
      vertex 155.5 62.5 2
    endloop
  endfacet
  facet normal 0 0 1
    outer loop
      vertex 154 59.9019 2
      vertex 154 56.0981 2
      vertex 155.5 53.5 2
    endloop
  endfacet
  facet normal -0 0 1
    outer loop
      vertex 151 59.9019 2
      vertex 154 56.0981 2
      vertex 154 59.9019 2
    endloop
  endfacet
  facet normal 0 0 1
    outer loop
      vertex 151 59.9019 2
      vertex 151 56.0981 2
      vertex 154 56.0981 2
    endloop
  endfacet
  facet normal 0 0 1
    outer loop
      vertex 146.5 58 2
      vertex 151 59.9019 2
      vertex 149.5 62.5 2
    endloop
  endfacet
  facet normal 0 0 1
    outer loop
      vertex 151 59.9019 2
      vertex 146.5 58 2
      vertex 151 56.0981 2
    endloop
  endfacet
  facet normal -0 0 1
    outer loop
      vertex 154 68.9019 2
      vertex 155.5 62.5 2
      vertex 155.5 71.5 2
    endloop
  endfacet
  facet normal 0 0 1
    outer loop
      vertex 154 68.9019 2
      vertex 154 65.0981 2
      vertex 155.5 62.5 2
    endloop
  endfacet
  facet normal -0 0 1
    outer loop
      vertex 151 68.9019 2
      vertex 154 65.0981 2
      vertex 154 68.9019 2
    endloop
  endfacet
  facet normal 0 0 1
    outer loop
      vertex 151 68.9019 2
      vertex 151 65.0981 2
      vertex 154 65.0981 2
    endloop
  endfacet
  facet normal 0 0 1
    outer loop
      vertex 146.5 67 2
      vertex 151 68.9019 2
      vertex 149.5 71.5 2
    endloop
  endfacet
  facet normal 0 0 1
    outer loop
      vertex 151 68.9019 2
      vertex 146.5 67 2
      vertex 151 65.0981 2
    endloop
  endfacet
  facet normal -0 0 1
    outer loop
      vertex 154 77.9019 2
      vertex 155.5 71.5 2
      vertex 155.5 80.5 2
    endloop
  endfacet
  facet normal 0 0 1
    outer loop
      vertex 154 77.9019 2
      vertex 154 74.0981 2
      vertex 155.5 71.5 2
    endloop
  endfacet
  facet normal -0 0 1
    outer loop
      vertex 151 77.9019 2
      vertex 154 74.0981 2
      vertex 154 77.9019 2
    endloop
  endfacet
  facet normal 0 0 1
    outer loop
      vertex 151 77.9019 2
      vertex 151 74.0981 2
      vertex 154 74.0981 2
    endloop
  endfacet
  facet normal 0 0 1
    outer loop
      vertex 146.5 76 2
      vertex 151 77.9019 2
      vertex 149.5 80.5 2
    endloop
  endfacet
  facet normal 0 0 1
    outer loop
      vertex 151 77.9019 2
      vertex 146.5 76 2
      vertex 151 74.0981 2
    endloop
  endfacet
  facet normal 0 0 1
    outer loop
      vertex 238.44 138.206 2
      vertex 248 146 2
      vertex 238.794 138.56 2
    endloop
  endfacet
  facet normal 0 0 1
    outer loop
      vertex 248 4 2
      vertex 239.022 10.9944 2
      vertex 239.1 10.5 2
    endloop
  endfacet
  facet normal 0 0 1
    outer loop
      vertex 248 146 2
      vertex 238.44 138.206 2
      vertex 248 4 2
    endloop
  endfacet
  facet normal 0 0 1
    outer loop
      vertex 248 4 2
      vertex 238.794 11.4405 2
      vertex 239.022 10.9944 2
    endloop
  endfacet
  facet normal -0 0 1
    outer loop
      vertex 238.44 11.7944 2
      vertex 248 4 2
      vertex 238.44 138.206 2
    endloop
  endfacet
  facet normal 0 0 1
    outer loop
      vertex 248 4 2
      vertex 238.44 11.7944 2
      vertex 238.794 11.4405 2
    endloop
  endfacet
  facet normal -0 0 1
    outer loop
      vertex 237.994 137.978 2
      vertex 238.44 11.7944 2
      vertex 238.44 138.206 2
    endloop
  endfacet
  facet normal 0 0 1
    outer loop
      vertex 237.994 137.978 2
      vertex 237.994 12.0217 2
      vertex 238.44 11.7944 2
    endloop
  endfacet
  facet normal -0 0 1
    outer loop
      vertex 237.5 137.9 2
      vertex 237.994 12.0217 2
      vertex 237.994 137.978 2
    endloop
  endfacet
  facet normal 0 0 1
    outer loop
      vertex 237.5 137.9 2
      vertex 237.5 12.1 2
      vertex 237.994 12.0217 2
    endloop
  endfacet
  facet normal 0 0 1
    outer loop
      vertex 237.006 137.978 2
      vertex 237.5 12.1 2
      vertex 237.5 137.9 2
    endloop
  endfacet
  facet normal 0 0 1
    outer loop
      vertex 237.006 137.978 2
      vertex 237.006 12.0217 2
      vertex 237.5 12.1 2
    endloop
  endfacet
  facet normal 0 0 1
    outer loop
      vertex 155.5 80.5 2
      vertex 237.006 137.978 2
      vertex 236.56 138.206 2
    endloop
  endfacet
  facet normal 0 0 1
    outer loop
      vertex 237.006 137.978 2
      vertex 155.5 71.5 2
      vertex 237.006 12.0217 2
    endloop
  endfacet
  facet normal 0 0 1
    outer loop
      vertex 155.5 80.5 2
      vertex 236.56 138.206 2
      vertex 236.206 138.56 2
    endloop
  endfacet
  facet normal -0 0 1
    outer loop
      vertex 155.5 62.5 2
      vertex 237.006 12.0217 2
      vertex 155.5 71.5 2
    endloop
  endfacet
  facet normal 0 0 1
    outer loop
      vertex 154 83.0981 2
      vertex 236.206 138.56 2
      vertex 235.978 139.006 2
    endloop
  endfacet
  facet normal 0 0 1
    outer loop
      vertex 237.006 12.0217 2
      vertex 155.5 62.5 2
      vertex 236.56 11.7944 2
    endloop
  endfacet
  facet normal 0 0 1
    outer loop
      vertex 154 83.0981 2
      vertex 235.978 139.006 2
      vertex 235.9 139.5 2
    endloop
  endfacet
  facet normal -0 0 1
    outer loop
      vertex 155.5 53.5 2
      vertex 236.56 11.7944 2
      vertex 155.5 62.5 2
    endloop
  endfacet
  facet normal 0 0 1
    outer loop
      vertex 244 150 2
      vertex 248 146 2
      vertex 247.542 147.859 2
    endloop
  endfacet
  facet normal 0 0 1
    outer loop
      vertex 239.022 139.006 2
      vertex 248 146 2
      vertex 239.1 139.5 2
    endloop
  endfacet
  facet normal 0 0 1
    outer loop
      vertex 244 150 2
      vertex 247.542 147.859 2
      vertex 246.272 149.292 2
    endloop
  endfacet
  facet normal 0 0 1
    outer loop
      vertex 238.794 138.56 2
      vertex 248 146 2
      vertex 239.022 139.006 2
    endloop
  endfacet
  facet normal 0 0 1
    outer loop
      vertex 248 146 2
      vertex 244 150 2
      vertex 238.794 140.44 2
    endloop
  endfacet
  facet normal -0 0 1
    outer loop
      vertex 239.022 10.0056 2
      vertex 248 4 2
      vertex 239.1 10.5 2
    endloop
  endfacet
  facet normal -0 0 1
    outer loop
      vertex 238.794 9.55954 2
      vertex 248 4 2
      vertex 239.022 10.0056 2
    endloop
  endfacet
  facet normal 0 0 1
    outer loop
      vertex 248 146 2
      vertex 239.022 139.994 2
      vertex 239.1 139.5 2
    endloop
  endfacet
  facet normal 0 0 1
    outer loop
      vertex 248 146 2
      vertex 238.794 140.44 2
      vertex 239.022 139.994 2
    endloop
  endfacet
  facet normal 0 0 1
    outer loop
      vertex 244 150 2
      vertex 238.44 140.794 2
      vertex 238.794 140.44 2
    endloop
  endfacet
  facet normal 0 0 1
    outer loop
      vertex 244 150 2
      vertex 237.994 141.022 2
      vertex 238.44 140.794 2
    endloop
  endfacet
  facet normal 0 0 1
    outer loop
      vertex 244 150 2
      vertex 237.5 141.1 2
      vertex 237.994 141.022 2
    endloop
  endfacet
  facet normal 0 0 1
    outer loop
      vertex 244 150 2
      vertex 237.006 141.022 2
      vertex 237.5 141.1 2
    endloop
  endfacet
  facet normal 0 0 1
    outer loop
      vertex 244 150 2
      vertex 236.56 140.794 2
      vertex 237.006 141.022 2
    endloop
  endfacet
  facet normal 0 0 1
    outer loop
      vertex 244 150 2
      vertex 236.206 140.44 2
      vertex 236.56 140.794 2
    endloop
  endfacet
  facet normal 0 0 1
    outer loop
      vertex 237.006 137.978 2
      vertex 155.5 80.5 2
      vertex 155.5 71.5 2
    endloop
  endfacet
  facet normal 0 0 1
    outer loop
      vertex 145 87.5981 2
      vertex 235.9 139.5 2
      vertex 235.978 139.994 2
    endloop
  endfacet
  facet normal 0 0 1
    outer loop
      vertex 145 87.5981 2
      vertex 235.978 139.994 2
      vertex 236.206 140.44 2
    endloop
  endfacet
  facet normal 0 0 1
    outer loop
      vertex 11.7944 140.44 2
      vertex 236.206 140.44 2
      vertex 244 150 2
    endloop
  endfacet
  facet normal 0 0 1
    outer loop
      vertex 236.206 138.56 2
      vertex 154 83.0981 2
      vertex 155.5 80.5 2
    endloop
  endfacet
  facet normal 0 0 1
    outer loop
      vertex 235.9 139.5 2
      vertex 145 87.5981 2
      vertex 154 83.0981 2
    endloop
  endfacet
  facet normal 0 0 1
    outer loop
      vertex 151 74.0981 2
      vertex 146.5 76 2
      vertex 149.5 71.5 2
    endloop
  endfacet
  facet normal 0 0 1
    outer loop
      vertex 151 65.0981 2
      vertex 146.5 67 2
      vertex 149.5 62.5 2
    endloop
  endfacet
  facet normal -0 0 1
    outer loop
      vertex 145 64.4019 2
      vertex 149.5 62.5 2
      vertex 146.5 67 2
    endloop
  endfacet
  facet normal -0 0 1
    outer loop
      vertex 145 55.4019 2
      vertex 149.5 53.5 2
      vertex 146.5 58 2
    endloop
  endfacet
  facet normal 0 0 1
    outer loop
      vertex 151 47.0981 2
      vertex 146.5 49 2
      vertex 149.5 44.5 2
    endloop
  endfacet
  facet normal 0 0 1
    outer loop
      vertex 151 38.0981 2
      vertex 146.5 40 2
      vertex 149.5 35.5 2
    endloop
  endfacet
  facet normal -0 0 1
    outer loop
      vertex 145 82.4019 2
      vertex 149.5 80.5 2
      vertex 146.5 85 2
    endloop
  endfacet
  facet normal 0 0 1
    outer loop
      vertex 151 83.0981 2
      vertex 146.5 85 2
      vertex 149.5 80.5 2
    endloop
  endfacet
  facet normal 0 0 1
    outer loop
      vertex 154 83.0981 2
      vertex 145 87.5981 2
      vertex 151 83.0981 2
    endloop
  endfacet
  facet normal 0 0 1
    outer loop
      vertex 151 83.0981 2
      vertex 145 87.5981 2
      vertex 146.5 85 2
    endloop
  endfacet
  facet normal 0 0 1
    outer loop
      vertex 236.206 140.44 2
      vertex 142 87.5981 2
      vertex 145 87.5981 2
    endloop
  endfacet
  facet normal 0 0 1
    outer loop
      vertex 142 78.5981 2
      vertex 137.5 80.5 2
      vertex 140.5 76 2
    endloop
  endfacet
  facet normal 0 0 1
    outer loop
      vertex 142 69.5981 2
      vertex 137.5 71.5 2
      vertex 140.5 67 2
    endloop
  endfacet
  facet normal -0 0 1
    outer loop
      vertex 136 68.9019 2
      vertex 140.5 67 2
      vertex 137.5 71.5 2
    endloop
  endfacet
  facet normal -0 0 1
    outer loop
      vertex 136 59.9019 2
      vertex 140.5 58 2
      vertex 137.5 62.5 2
    endloop
  endfacet
  facet normal 0 0 1
    outer loop
      vertex 142 51.5981 2
      vertex 137.5 53.5 2
      vertex 140.5 49 2
    endloop
  endfacet
  facet normal 0 0 1
    outer loop
      vertex 142 42.5981 2
      vertex 137.5 44.5 2
      vertex 140.5 40 2
    endloop
  endfacet
  facet normal -0 0 1
    outer loop
      vertex 136 77.9019 2
      vertex 140.5 76 2
      vertex 137.5 80.5 2
    endloop
  endfacet
  facet normal 0 0 1
    outer loop
      vertex 136 83.0981 2
      vertex 140.5 85 2
      vertex 142 87.5981 2
    endloop
  endfacet
  facet normal 0 0 1
    outer loop
      vertex 140.5 85 2
      vertex 136 83.0981 2
      vertex 137.5 80.5 2
    endloop
  endfacet
  facet normal 0 0 1
    outer loop
      vertex 142 87.5981 2
      vertex 133 83.0981 2
      vertex 136 83.0981 2
    endloop
  endfacet
  facet normal 0 0 1
    outer loop
      vertex 236.206 140.44 2
      vertex 127 87.5981 2
      vertex 142 87.5981 2
    endloop
  endfacet
  facet normal 0 0 1
    outer loop
      vertex 133 74.0981 2
      vertex 128.5 76 2
      vertex 131.5 71.5 2
    endloop
  endfacet
  facet normal 0 0 1
    outer loop
      vertex 133 65.0981 2
      vertex 128.5 67 2
      vertex 131.5 62.5 2
    endloop
  endfacet
  facet normal -0 0 1
    outer loop
      vertex 127 64.4019 2
      vertex 131.5 62.5 2
      vertex 128.5 67 2
    endloop
  endfacet
  facet normal -0 0 1
    outer loop
      vertex 127 55.4019 2
      vertex 131.5 53.5 2
      vertex 128.5 58 2
    endloop
  endfacet
  facet normal 0 0 1
    outer loop
      vertex 133 47.0981 2
      vertex 128.5 49 2
      vertex 131.5 44.5 2
    endloop
  endfacet
  facet normal 0 0 1
    outer loop
      vertex 133 38.0981 2
      vertex 128.5 40 2
      vertex 131.5 35.5 2
    endloop
  endfacet
  facet normal -0 0 1
    outer loop
      vertex 127 82.4019 2
      vertex 131.5 80.5 2
      vertex 128.5 85 2
    endloop
  endfacet
  facet normal 0 0 1
    outer loop
      vertex 133 83.0981 2
      vertex 128.5 85 2
      vertex 131.5 80.5 2
    endloop
  endfacet
  facet normal 0 0 1
    outer loop
      vertex 142 87.5981 2
      vertex 127 87.5981 2
      vertex 133 83.0981 2
    endloop
  endfacet
  facet normal 0 0 1
    outer loop
      vertex 133 83.0981 2
      vertex 127 87.5981 2
      vertex 128.5 85 2
    endloop
  endfacet
  facet normal 0 0 1
    outer loop
      vertex 236.206 140.44 2
      vertex 124 87.5981 2
      vertex 127 87.5981 2
    endloop
  endfacet
  facet normal 0 0 1
    outer loop
      vertex 124 78.5981 2
      vertex 119.5 80.5 2
      vertex 122.5 76 2
    endloop
  endfacet
  facet normal 0 0 1
    outer loop
      vertex 124 69.5981 2
      vertex 119.5 71.5 2
      vertex 122.5 67 2
    endloop
  endfacet
  facet normal -0 0 1
    outer loop
      vertex 118 68.9019 2
      vertex 122.5 67 2
      vertex 119.5 71.5 2
    endloop
  endfacet
  facet normal -0 0 1
    outer loop
      vertex 118 59.9019 2
      vertex 122.5 58 2
      vertex 119.5 62.5 2
    endloop
  endfacet
  facet normal 0 0 1
    outer loop
      vertex 124 51.5981 2
      vertex 119.5 53.5 2
      vertex 122.5 49 2
    endloop
  endfacet
  facet normal 0 0 1
    outer loop
      vertex 124 42.5981 2
      vertex 119.5 44.5 2
      vertex 122.5 40 2
    endloop
  endfacet
  facet normal -0 0 1
    outer loop
      vertex 118 77.9019 2
      vertex 122.5 76 2
      vertex 119.5 80.5 2
    endloop
  endfacet
  facet normal 0 0 1
    outer loop
      vertex 118 83.0981 2
      vertex 122.5 85 2
      vertex 124 87.5981 2
    endloop
  endfacet
  facet normal 0 0 1
    outer loop
      vertex 122.5 85 2
      vertex 118 83.0981 2
      vertex 119.5 80.5 2
    endloop
  endfacet
  facet normal 0 0 1
    outer loop
      vertex 124 87.5981 2
      vertex 115 83.0981 2
      vertex 118 83.0981 2
    endloop
  endfacet
  facet normal 0 0 1
    outer loop
      vertex 236.206 140.44 2
      vertex 11.7944 140.44 2
      vertex 124 87.5981 2
    endloop
  endfacet
  facet normal 0 0 1
    outer loop
      vertex 115 74.0981 2
      vertex 110.5 76 2
      vertex 113.5 71.5 2
    endloop
  endfacet
  facet normal 0 0 1
    outer loop
      vertex 115 65.0981 2
      vertex 110.5 67 2
      vertex 113.5 62.5 2
    endloop
  endfacet
  facet normal -0 0 1
    outer loop
      vertex 109 64.4019 2
      vertex 113.5 62.5 2
      vertex 110.5 67 2
    endloop
  endfacet
  facet normal -0 0 1
    outer loop
      vertex 109 55.4019 2
      vertex 113.5 53.5 2
      vertex 110.5 58 2
    endloop
  endfacet
  facet normal 0 0 1
    outer loop
      vertex 115 47.0981 2
      vertex 110.5 49 2
      vertex 113.5 44.5 2
    endloop
  endfacet
  facet normal 0 0 1
    outer loop
      vertex 115 38.0981 2
      vertex 110.5 40 2
      vertex 113.5 35.5 2
    endloop
  endfacet
  facet normal -0 0 1
    outer loop
      vertex 109 82.4019 2
      vertex 113.5 80.5 2
      vertex 110.5 85 2
    endloop
  endfacet
  facet normal 0 0 1
    outer loop
      vertex 115 83.0981 2
      vertex 110.5 85 2
      vertex 113.5 80.5 2
    endloop
  endfacet
  facet normal 0 0 1
    outer loop
      vertex 124 87.5981 2
      vertex 109 87.5981 2
      vertex 115 83.0981 2
    endloop
  endfacet
  facet normal 0 0 1
    outer loop
      vertex 115 83.0981 2
      vertex 109 87.5981 2
      vertex 110.5 85 2
    endloop
  endfacet
  facet normal 0 0 1
    outer loop
      vertex 124 87.5981 2
      vertex 11.7944 140.44 2
      vertex 109 87.5981 2
    endloop
  endfacet
  facet normal 0 0 1
    outer loop
      vertex 106 78.5981 2
      vertex 101.5 80.5 2
      vertex 104.5 76 2
    endloop
  endfacet
  facet normal 0 0 1
    outer loop
      vertex 106 69.5981 2
      vertex 101.5 71.5 2
      vertex 104.5 67 2
    endloop
  endfacet
  facet normal -0 0 1
    outer loop
      vertex 100 68.9019 2
      vertex 104.5 67 2
      vertex 101.5 71.5 2
    endloop
  endfacet
  facet normal -0 0 1
    outer loop
      vertex 100 59.9019 2
      vertex 104.5 58 2
      vertex 101.5 62.5 2
    endloop
  endfacet
  facet normal 0 0 1
    outer loop
      vertex 106 51.5981 2
      vertex 101.5 53.5 2
      vertex 104.5 49 2
    endloop
  endfacet
  facet normal 0 0 1
    outer loop
      vertex 106 42.5981 2
      vertex 101.5 44.5 2
      vertex 104.5 40 2
    endloop
  endfacet
  facet normal -0 0 1
    outer loop
      vertex 100 77.9019 2
      vertex 104.5 76 2
      vertex 101.5 80.5 2
    endloop
  endfacet
  facet normal 0 0 1
    outer loop
      vertex 100 83.0981 2
      vertex 104.5 85 2
      vertex 106 87.5981 2
    endloop
  endfacet
  facet normal 0 0 1
    outer loop
      vertex 104.5 85 2
      vertex 100 83.0981 2
      vertex 101.5 80.5 2
    endloop
  endfacet
  facet normal 0 0 1
    outer loop
      vertex 106 87.5981 2
      vertex 97 83.0981 2
      vertex 100 83.0981 2
    endloop
  endfacet
  facet normal 0 0 1
    outer loop
      vertex 97 74.0981 2
      vertex 92.5 76 2
      vertex 95.5 71.5 2
    endloop
  endfacet
  facet normal 0 0 1
    outer loop
      vertex 97 65.0981 2
      vertex 92.5 67 2
      vertex 95.5 62.5 2
    endloop
  endfacet
  facet normal -0 0 1
    outer loop
      vertex 91 64.4019 2
      vertex 95.5 62.5 2
      vertex 92.5 67 2
    endloop
  endfacet
  facet normal -0 0 1
    outer loop
      vertex 91 55.4019 2
      vertex 95.5 53.5 2
      vertex 92.5 58 2
    endloop
  endfacet
  facet normal 0 0 1
    outer loop
      vertex 97 47.0981 2
      vertex 92.5 49 2
      vertex 95.5 44.5 2
    endloop
  endfacet
  facet normal 0 0 1
    outer loop
      vertex 97 38.0981 2
      vertex 92.5 40 2
      vertex 95.5 35.5 2
    endloop
  endfacet
  facet normal -0 0 1
    outer loop
      vertex 91 82.4019 2
      vertex 95.5 80.5 2
      vertex 92.5 85 2
    endloop
  endfacet
  facet normal 0 0 1
    outer loop
      vertex 97 83.0981 2
      vertex 92.5 85 2
      vertex 95.5 80.5 2
    endloop
  endfacet
  facet normal -0 0 1
    outer loop
      vertex 91 87.5981 2
      vertex 97 83.0981 2
      vertex 106 87.5981 2
    endloop
  endfacet
  facet normal 0 0 1
    outer loop
      vertex 109 87.5981 2
      vertex 11.7944 140.44 2
      vertex 106 87.5981 2
    endloop
  endfacet
  facet normal 0 0 1
    outer loop
      vertex 97 83.0981 2
      vertex 91 87.5981 2
      vertex 92.5 85 2
    endloop
  endfacet
  facet normal 0 0 1
    outer loop
      vertex 106 87.5981 2
      vertex 11.7944 140.44 2
      vertex 91 87.5981 2
    endloop
  endfacet
  facet normal 0 0 1
    outer loop
      vertex 88 78.5981 2
      vertex 83.5 80.5 2
      vertex 86.5 76 2
    endloop
  endfacet
  facet normal 0 0 1
    outer loop
      vertex 88 69.5981 2
      vertex 83.5 71.5 2
      vertex 86.5 67 2
    endloop
  endfacet
  facet normal -0 0 1
    outer loop
      vertex 82 68.9019 2
      vertex 86.5 67 2
      vertex 83.5 71.5 2
    endloop
  endfacet
  facet normal -0 0 1
    outer loop
      vertex 82 59.9019 2
      vertex 86.5 58 2
      vertex 83.5 62.5 2
    endloop
  endfacet
  facet normal 0 0 1
    outer loop
      vertex 88 51.5981 2
      vertex 83.5 53.5 2
      vertex 86.5 49 2
    endloop
  endfacet
  facet normal 0 0 1
    outer loop
      vertex 88 42.5981 2
      vertex 83.5 44.5 2
      vertex 86.5 40 2
    endloop
  endfacet
  facet normal -0 0 1
    outer loop
      vertex 82 77.9019 2
      vertex 86.5 76 2
      vertex 83.5 80.5 2
    endloop
  endfacet
  facet normal 0 0 1
    outer loop
      vertex 82 83.0981 2
      vertex 86.5 85 2
      vertex 88 87.5981 2
    endloop
  endfacet
  facet normal 0 0 1
    outer loop
      vertex 86.5 85 2
      vertex 82 83.0981 2
      vertex 83.5 80.5 2
    endloop
  endfacet
  facet normal 0 0 1
    outer loop
      vertex 88 87.5981 2
      vertex 79 83.0981 2
      vertex 82 83.0981 2
    endloop
  endfacet
  facet normal 0 0 1
    outer loop
      vertex 79 74.0981 2
      vertex 74.5 76 2
      vertex 77.5 71.5 2
    endloop
  endfacet
  facet normal 0 0 1
    outer loop
      vertex 79 65.0981 2
      vertex 74.5 67 2
      vertex 77.5 62.5 2
    endloop
  endfacet
  facet normal -0 0 1
    outer loop
      vertex 73 64.4019 2
      vertex 77.5 62.5 2
      vertex 74.5 67 2
    endloop
  endfacet
  facet normal -0 0 1
    outer loop
      vertex 73 55.4019 2
      vertex 77.5 53.5 2
      vertex 74.5 58 2
    endloop
  endfacet
  facet normal 0 0 1
    outer loop
      vertex 79 47.0981 2
      vertex 74.5 49 2
      vertex 77.5 44.5 2
    endloop
  endfacet
  facet normal 0 0 1
    outer loop
      vertex 79 38.0981 2
      vertex 74.5 40 2
      vertex 77.5 35.5 2
    endloop
  endfacet
  facet normal -0 0 1
    outer loop
      vertex 73 82.4019 2
      vertex 77.5 80.5 2
      vertex 74.5 85 2
    endloop
  endfacet
  facet normal 0 0 1
    outer loop
      vertex 79 83.0981 2
      vertex 74.5 85 2
      vertex 77.5 80.5 2
    endloop
  endfacet
  facet normal -0 0 1
    outer loop
      vertex 73 87.5981 2
      vertex 79 83.0981 2
      vertex 88 87.5981 2
    endloop
  endfacet
  facet normal -0 -0 1
    outer loop
      vertex 12.0217 139.994 2
      vertex 91 87.5981 2
      vertex 11.7944 140.44 2
    endloop
  endfacet
  facet normal 0 0 1
    outer loop
      vertex 79 83.0981 2
      vertex 73 87.5981 2
      vertex 74.5 85 2
    endloop
  endfacet
  facet normal 0 0 1
    outer loop
      vertex 91 87.5981 2
      vertex 12.0217 139.994 2
      vertex 88 87.5981 2
    endloop
  endfacet
  facet normal 0 0 1
    outer loop
      vertex 70 78.5981 2
      vertex 65.5 80.5 2
      vertex 68.5 76 2
    endloop
  endfacet
  facet normal 0 0 1
    outer loop
      vertex 70 69.5981 2
      vertex 65.5 71.5 2
      vertex 68.5 67 2
    endloop
  endfacet
  facet normal -0 0 1
    outer loop
      vertex 64 68.9019 2
      vertex 68.5 67 2
      vertex 65.5 71.5 2
    endloop
  endfacet
  facet normal -0 0 1
    outer loop
      vertex 64 59.9019 2
      vertex 68.5 58 2
      vertex 65.5 62.5 2
    endloop
  endfacet
  facet normal 0 0 1
    outer loop
      vertex 70 51.5981 2
      vertex 65.5 53.5 2
      vertex 68.5 49 2
    endloop
  endfacet
  facet normal 0 0 1
    outer loop
      vertex 70 42.5981 2
      vertex 65.5 44.5 2
      vertex 68.5 40 2
    endloop
  endfacet
  facet normal -0 0 1
    outer loop
      vertex 64 77.9019 2
      vertex 68.5 76 2
      vertex 65.5 80.5 2
    endloop
  endfacet
  facet normal 0 0 1
    outer loop
      vertex 64 83.0981 2
      vertex 68.5 85 2
      vertex 70 87.5981 2
    endloop
  endfacet
  facet normal 0 0 1
    outer loop
      vertex 68.5 85 2
      vertex 64 83.0981 2
      vertex 65.5 80.5 2
    endloop
  endfacet
  facet normal 0 0 1
    outer loop
      vertex 70 87.5981 2
      vertex 61 83.0981 2
      vertex 64 83.0981 2
    endloop
  endfacet
  facet normal 0 0 1
    outer loop
      vertex 61 74.0981 2
      vertex 56.5 76 2
      vertex 59.5 71.5 2
    endloop
  endfacet
  facet normal 0 0 1
    outer loop
      vertex 61 65.0981 2
      vertex 56.5 67 2
      vertex 59.5 62.5 2
    endloop
  endfacet
  facet normal -0 0 1
    outer loop
      vertex 55 64.4019 2
      vertex 59.5 62.5 2
      vertex 56.5 67 2
    endloop
  endfacet
  facet normal -0 0 1
    outer loop
      vertex 55 55.4019 2
      vertex 59.5 53.5 2
      vertex 56.5 58 2
    endloop
  endfacet
  facet normal 0 0 1
    outer loop
      vertex 61 47.0981 2
      vertex 56.5 49 2
      vertex 59.5 44.5 2
    endloop
  endfacet
  facet normal 0 0 1
    outer loop
      vertex 61 38.0981 2
      vertex 56.5 40 2
      vertex 59.5 35.5 2
    endloop
  endfacet
  facet normal -0 0 1
    outer loop
      vertex 55 82.4019 2
      vertex 59.5 80.5 2
      vertex 56.5 85 2
    endloop
  endfacet
  facet normal 0 0 1
    outer loop
      vertex 61 83.0981 2
      vertex 56.5 85 2
      vertex 59.5 80.5 2
    endloop
  endfacet
  facet normal -0 0 1
    outer loop
      vertex 55 87.5981 2
      vertex 61 83.0981 2
      vertex 70 87.5981 2
    endloop
  endfacet
  facet normal 0 0 1
    outer loop
      vertex 88 87.5981 2
      vertex 12.0217 139.994 2
      vertex 73 87.5981 2
    endloop
  endfacet
  facet normal 0 0 1
    outer loop
      vertex 61 83.0981 2
      vertex 55 87.5981 2
      vertex 56.5 85 2
    endloop
  endfacet
  facet normal 0 0 1
    outer loop
      vertex 73 87.5981 2
      vertex 12.1 139.5 2
      vertex 70 87.5981 2
    endloop
  endfacet
  facet normal 0 0 1
    outer loop
      vertex 52 78.5981 2
      vertex 47.5 80.5 2
      vertex 50.5 76 2
    endloop
  endfacet
  facet normal 0 0 1
    outer loop
      vertex 52 69.5981 2
      vertex 47.5 71.5 2
      vertex 50.5 67 2
    endloop
  endfacet
  facet normal -0 0 1
    outer loop
      vertex 46 68.9019 2
      vertex 50.5 67 2
      vertex 47.5 71.5 2
    endloop
  endfacet
  facet normal -0 0 1
    outer loop
      vertex 46 59.9019 2
      vertex 50.5 58 2
      vertex 47.5 62.5 2
    endloop
  endfacet
  facet normal 0 0 1
    outer loop
      vertex 52 51.5981 2
      vertex 47.5 53.5 2
      vertex 50.5 49 2
    endloop
  endfacet
  facet normal 0 0 1
    outer loop
      vertex 52 42.5981 2
      vertex 47.5 44.5 2
      vertex 50.5 40 2
    endloop
  endfacet
  facet normal -0 0 1
    outer loop
      vertex 46 77.9019 2
      vertex 50.5 76 2
      vertex 47.5 80.5 2
    endloop
  endfacet
  facet normal 0 0 1
    outer loop
      vertex 46 83.0981 2
      vertex 50.5 85 2
      vertex 52 87.5981 2
    endloop
  endfacet
  facet normal 0 0 1
    outer loop
      vertex 50.5 85 2
      vertex 46 83.0981 2
      vertex 47.5 80.5 2
    endloop
  endfacet
  facet normal 0 0 1
    outer loop
      vertex 52 87.5981 2
      vertex 43 83.0981 2
      vertex 46 83.0981 2
    endloop
  endfacet
  facet normal 0 0 1
    outer loop
      vertex 43 74.0981 2
      vertex 38.5 76 2
      vertex 41.5 71.5 2
    endloop
  endfacet
  facet normal 0 0 1
    outer loop
      vertex 43 65.0981 2
      vertex 38.5 67 2
      vertex 41.5 62.5 2
    endloop
  endfacet
  facet normal -0 0 1
    outer loop
      vertex 37 64.4019 2
      vertex 41.5 62.5 2
      vertex 38.5 67 2
    endloop
  endfacet
  facet normal -0 0 1
    outer loop
      vertex 37 55.4019 2
      vertex 41.5 53.5 2
      vertex 38.5 58 2
    endloop
  endfacet
  facet normal 0 0 1
    outer loop
      vertex 43 47.0981 2
      vertex 38.5 49 2
      vertex 41.5 44.5 2
    endloop
  endfacet
  facet normal 0 0 1
    outer loop
      vertex 43 38.0981 2
      vertex 38.5 40 2
      vertex 41.5 35.5 2
    endloop
  endfacet
  facet normal -0 0 1
    outer loop
      vertex 37 82.4019 2
      vertex 41.5 80.5 2
      vertex 38.5 85 2
    endloop
  endfacet
  facet normal 0 0 1
    outer loop
      vertex 43 83.0981 2
      vertex 38.5 85 2
      vertex 41.5 80.5 2
    endloop
  endfacet
  facet normal -0 0 1
    outer loop
      vertex 37 87.5981 2
      vertex 43 83.0981 2
      vertex 52 87.5981 2
    endloop
  endfacet
  facet normal 0 0 1
    outer loop
      vertex 70 87.5981 2
      vertex 12.1 139.5 2
      vertex 55 87.5981 2
    endloop
  endfacet
  facet normal 0 0 1
    outer loop
      vertex 43 83.0981 2
      vertex 37 87.5981 2
      vertex 38.5 85 2
    endloop
  endfacet
  facet normal -0 0 1
    outer loop
      vertex 12.0217 139.006 2
      vertex 55 87.5981 2
      vertex 12.1 139.5 2
    endloop
  endfacet
  facet normal 0 0 1
    outer loop
      vertex 34 78.5981 2
      vertex 29.5 80.5 2
      vertex 32.5 76 2
    endloop
  endfacet
  facet normal 0 0 1
    outer loop
      vertex 34 69.5981 2
      vertex 29.5 71.5 2
      vertex 32.5 67 2
    endloop
  endfacet
  facet normal -0 0 1
    outer loop
      vertex 28 68.9019 2
      vertex 32.5 67 2
      vertex 29.5 71.5 2
    endloop
  endfacet
  facet normal -0 0 1
    outer loop
      vertex 28 59.9019 2
      vertex 32.5 58 2
      vertex 29.5 62.5 2
    endloop
  endfacet
  facet normal 0 0 1
    outer loop
      vertex 34 51.5981 2
      vertex 29.5 53.5 2
      vertex 32.5 49 2
    endloop
  endfacet
  facet normal 0 0 1
    outer loop
      vertex 34 42.5981 2
      vertex 29.5 44.5 2
      vertex 32.5 40 2
    endloop
  endfacet
  facet normal -0 0 1
    outer loop
      vertex 28 77.9019 2
      vertex 32.5 76 2
      vertex 29.5 80.5 2
    endloop
  endfacet
  facet normal 0 0 1
    outer loop
      vertex 28 83.0981 2
      vertex 32.5 85 2
      vertex 34 87.5981 2
    endloop
  endfacet
  facet normal 0 0 1
    outer loop
      vertex 32.5 85 2
      vertex 28 83.0981 2
      vertex 29.5 80.5 2
    endloop
  endfacet
  facet normal 0 0 1
    outer loop
      vertex 34 87.5981 2
      vertex 25 83.0981 2
      vertex 28 83.0981 2
    endloop
  endfacet
  facet normal 0 0 1
    outer loop
      vertex 25 74.0981 2
      vertex 20.5 76 2
      vertex 23.5 71.5 2
    endloop
  endfacet
  facet normal 0 0 1
    outer loop
      vertex 25 65.0981 2
      vertex 20.5 67 2
      vertex 23.5 62.5 2
    endloop
  endfacet
  facet normal -0 0 1
    outer loop
      vertex 19 64.4019 2
      vertex 23.5 62.5 2
      vertex 20.5 67 2
    endloop
  endfacet
  facet normal -0 0 1
    outer loop
      vertex 19 55.4019 2
      vertex 23.5 53.5 2
      vertex 20.5 58 2
    endloop
  endfacet
  facet normal 0 0 1
    outer loop
      vertex 25 47.0981 2
      vertex 20.5 49 2
      vertex 23.5 44.5 2
    endloop
  endfacet
  facet normal 0 0 1
    outer loop
      vertex 25 38.0981 2
      vertex 20.5 40 2
      vertex 23.5 35.5 2
    endloop
  endfacet
  facet normal -0 0 1
    outer loop
      vertex 19 82.4019 2
      vertex 23.5 80.5 2
      vertex 20.5 85 2
    endloop
  endfacet
  facet normal 0 0 1
    outer loop
      vertex 25 83.0981 2
      vertex 20.5 85 2
      vertex 23.5 80.5 2
    endloop
  endfacet
  facet normal -0 0 1
    outer loop
      vertex 19 87.5981 2
      vertex 25 83.0981 2
      vertex 34 87.5981 2
    endloop
  endfacet
  facet normal 0 0 1
    outer loop
      vertex 52 87.5981 2
      vertex 12.0217 139.006 2
      vertex 37 87.5981 2
    endloop
  endfacet
  facet normal -0 0 1
    outer loop
      vertex 11.7944 138.56 2
      vertex 37 87.5981 2
      vertex 12.0217 139.006 2
    endloop
  endfacet
  facet normal 0 0 1
    outer loop
      vertex 25 83.0981 2
      vertex 19 87.5981 2
      vertex 20.5 85 2
    endloop
  endfacet
  facet normal 0 0 1
    outer loop
      vertex 12.1 10.5 2
      vertex 14.5 76 2
      vertex 14.5 85 2
    endloop
  endfacet
  facet normal 0 0 1
    outer loop
      vertex 14.5 76 2
      vertex 12.1 10.5 2
      vertex 14.5 67 2
    endloop
  endfacet
  facet normal 0 0 1
    outer loop
      vertex 14.5 67 2
      vertex 12.1 10.5 2
      vertex 14.5 58 2
    endloop
  endfacet
  facet normal 0 0 1
    outer loop
      vertex 14.5 58 2
      vertex 12.1 10.5 2
      vertex 14.5 49 2
    endloop
  endfacet
  facet normal 0 0 1
    outer loop
      vertex 14.5 49 2
      vertex 12.1 10.5 2
      vertex 14.5 40 2
    endloop
  endfacet
  facet normal 0 0 1
    outer loop
      vertex 14.5 40 2
      vertex 12.1 10.5 2
      vertex 14.5 31 2
    endloop
  endfacet
  facet normal 0 0 1
    outer loop
      vertex 34 87.5981 2
      vertex 11.4405 138.206 2
      vertex 19 87.5981 2
    endloop
  endfacet
  facet normal -0 0 1
    outer loop
      vertex 11.4405 138.206 2
      vertex 34 87.5981 2
      vertex 11.7944 138.56 2
    endloop
  endfacet
  facet normal 0 0 1
    outer loop
      vertex 37 87.5981 2
      vertex 11.7944 138.56 2
      vertex 34 87.5981 2
    endloop
  endfacet
  facet normal 0 0 1
    outer loop
      vertex 55 87.5981 2
      vertex 12.0217 139.006 2
      vertex 52 87.5981 2
    endloop
  endfacet
  facet normal -0 -0 1
    outer loop
      vertex 12.1 139.5 2
      vertex 73 87.5981 2
      vertex 12.0217 139.994 2
    endloop
  endfacet
  facet normal -0 0 1
    outer loop
      vertex 4 150 2
      vertex 11.7944 140.44 2
      vertex 244 150 2
    endloop
  endfacet
  facet normal 0 0 1
    outer loop
      vertex 11.7944 140.44 2
      vertex 4 150 2
      vertex 11.4405 140.794 2
    endloop
  endfacet
  facet normal 0 0 1
    outer loop
      vertex 11.4405 140.794 2
      vertex 4 150 2
      vertex 10.9944 141.022 2
    endloop
  endfacet
  facet normal 0 0 1
    outer loop
      vertex 8.97831 139.994 2
      vertex 0 146 2
      vertex 8.9 139.5 2
    endloop
  endfacet
  facet normal 0 0 1
    outer loop
      vertex 9.20557 140.44 2
      vertex 0 146 2
      vertex 8.97831 139.994 2
    endloop
  endfacet
  facet normal -0 0 1
    outer loop
      vertex 0 146 2
      vertex 9.20557 140.44 2
      vertex 4 150 2
    endloop
  endfacet
  facet normal 0 0 1
    outer loop
      vertex 9.55954 140.794 2
      vertex 4 150 2
      vertex 9.20557 140.44 2
    endloop
  endfacet
  facet normal 0 0 1
    outer loop
      vertex 10.0056 141.022 2
      vertex 4 150 2
      vertex 9.55954 140.794 2
    endloop
  endfacet
  facet normal 0 0 1
    outer loop
      vertex 10.5 141.1 2
      vertex 4 150 2
      vertex 10.0056 141.022 2
    endloop
  endfacet
  facet normal 0 0 1
    outer loop
      vertex 10.9944 141.022 2
      vertex 4 150 2
      vertex 10.5 141.1 2
    endloop
  endfacet
  facet normal 0 -0 1
    outer loop
      vertex 244 0 2
      vertex 248 4 2
      vertex 238.794 9.55954 2
    endloop
  endfacet
  facet normal 0 0 1
    outer loop
      vertex 248 4 2
      vertex 244 0 2
      vertex 247.292 1.72774 2
    endloop
  endfacet
  facet normal 0 0 1
    outer loop
      vertex 247.292 1.72774 2
      vertex 244 0 2
      vertex 245.859 0.458176 2
    endloop
  endfacet
  facet normal -0 0 1
    outer loop
      vertex 238.44 9.20557 2
      vertex 244 0 2
      vertex 238.794 9.55954 2
    endloop
  endfacet
  facet normal -0 0 1
    outer loop
      vertex 237.994 8.97831 2
      vertex 244 0 2
      vertex 238.44 9.20557 2
    endloop
  endfacet
  facet normal -0 0 1
    outer loop
      vertex 237.5 8.9 2
      vertex 244 0 2
      vertex 237.994 8.97831 2
    endloop
  endfacet
  facet normal 0 0 1
    outer loop
      vertex 237.006 8.97831 2
      vertex 244 0 2
      vertex 237.5 8.9 2
    endloop
  endfacet
  facet normal 0 0 1
    outer loop
      vertex 236.56 9.20557 2
      vertex 244 0 2
      vertex 237.006 8.97831 2
    endloop
  endfacet
  facet normal 0 0 1
    outer loop
      vertex 236.206 9.55954 2
      vertex 244 0 2
      vertex 236.56 9.20557 2
    endloop
  endfacet
  facet normal -0 0 1
    outer loop
      vertex 155.5 44.5 2
      vertex 236.56 11.7944 2
      vertex 155.5 53.5 2
    endloop
  endfacet
  facet normal 0 0 1
    outer loop
      vertex 236.56 11.7944 2
      vertex 155.5 44.5 2
      vertex 236.206 11.4405 2
    endloop
  endfacet
  facet normal -0 0 1
    outer loop
      vertex 155.5 35.5 2
      vertex 236.206 11.4405 2
      vertex 155.5 44.5 2
    endloop
  endfacet
  facet normal 0 0 1
    outer loop
      vertex 236.206 11.4405 2
      vertex 155.5 35.5 2
      vertex 235.978 10.9944 2
    endloop
  endfacet
  facet normal -0 0 1
    outer loop
      vertex 155.5 26.5 2
      vertex 235.978 10.9944 2
      vertex 155.5 35.5 2
    endloop
  endfacet
  facet normal -0 0 1
    outer loop
      vertex 155.5 17.5 2
      vertex 235.978 10.9944 2
      vertex 155.5 26.5 2
    endloop
  endfacet
  facet normal 0 0 1
    outer loop
      vertex 235.978 10.9944 2
      vertex 155.5 17.5 2
      vertex 235.9 10.5 2
    endloop
  endfacet
  facet normal 0 0 1
    outer loop
      vertex 235.9 10.5 2
      vertex 155.5 17.5 2
      vertex 235.978 10.0056 2
    endloop
  endfacet
  facet normal -0 0 1
    outer loop
      vertex 154 14.9019 2
      vertex 235.978 10.0056 2
      vertex 155.5 17.5 2
    endloop
  endfacet
  facet normal 0 0 1
    outer loop
      vertex 235.978 10.0056 2
      vertex 154 14.9019 2
      vertex 236.206 9.55954 2
    endloop
  endfacet
  facet normal 0 0 1
    outer loop
      vertex 236.206 9.55954 2
      vertex 154 14.9019 2
      vertex 244 0 2
    endloop
  endfacet
  facet normal -0 0 1
    outer loop
      vertex 151 14.9019 2
      vertex 244 0 2
      vertex 154 14.9019 2
    endloop
  endfacet
  facet normal -0 0 1
    outer loop
      vertex 145 73.4019 2
      vertex 149.5 71.5 2
      vertex 146.5 76 2
    endloop
  endfacet
  facet normal 0 0 1
    outer loop
      vertex 151 56.0981 2
      vertex 146.5 58 2
      vertex 149.5 53.5 2
    endloop
  endfacet
  facet normal -0 0 1
    outer loop
      vertex 145 46.4019 2
      vertex 149.5 44.5 2
      vertex 146.5 49 2
    endloop
  endfacet
  facet normal -0 0 1
    outer loop
      vertex 145 37.4019 2
      vertex 149.5 35.5 2
      vertex 146.5 40 2
    endloop
  endfacet
  facet normal 0 0 1
    outer loop
      vertex 151 29.0981 2
      vertex 146.5 31 2
      vertex 149.5 26.5 2
    endloop
  endfacet
  facet normal -0 0 1
    outer loop
      vertex 145 28.4019 2
      vertex 149.5 26.5 2
      vertex 146.5 31 2
    endloop
  endfacet
  facet normal 0 0 1
    outer loop
      vertex 151 20.0981 2
      vertex 146.5 22 2
      vertex 149.5 17.5 2
    endloop
  endfacet
  facet normal -0 0 1
    outer loop
      vertex 145 19.4019 2
      vertex 149.5 17.5 2
      vertex 146.5 22 2
    endloop
  endfacet
  facet normal 0 0 1
    outer loop
      vertex 149.5 17.5 2
      vertex 145 19.4019 2
      vertex 151 14.9019 2
    endloop
  endfacet
  facet normal -0 0 1
    outer loop
      vertex 142 19.4019 2
      vertex 151 14.9019 2
      vertex 145 19.4019 2
    endloop
  endfacet
  facet normal 0 0 1
    outer loop
      vertex 142 60.5981 2
      vertex 137.5 62.5 2
      vertex 140.5 58 2
    endloop
  endfacet
  facet normal -0 0 1
    outer loop
      vertex 136 50.9019 2
      vertex 140.5 49 2
      vertex 137.5 53.5 2
    endloop
  endfacet
  facet normal -0 0 1
    outer loop
      vertex 136 41.9019 2
      vertex 140.5 40 2
      vertex 137.5 44.5 2
    endloop
  endfacet
  facet normal 0 0 1
    outer loop
      vertex 142 33.5981 2
      vertex 137.5 35.5 2
      vertex 140.5 31 2
    endloop
  endfacet
  facet normal -0 0 1
    outer loop
      vertex 136 32.9019 2
      vertex 140.5 31 2
      vertex 137.5 35.5 2
    endloop
  endfacet
  facet normal 0 0 1
    outer loop
      vertex 142 24.5981 2
      vertex 137.5 26.5 2
      vertex 140.5 22 2
    endloop
  endfacet
  facet normal -0 0 1
    outer loop
      vertex 136 23.9019 2
      vertex 140.5 22 2
      vertex 137.5 26.5 2
    endloop
  endfacet
  facet normal 0 0 1
    outer loop
      vertex 140.5 22 2
      vertex 137.5 17.5 2
      vertex 142 19.4019 2
    endloop
  endfacet
  facet normal 0 0 1
    outer loop
      vertex 136 14.9019 2
      vertex 142 19.4019 2
      vertex 137.5 17.5 2
    endloop
  endfacet
  facet normal 0 0 1
    outer loop
      vertex 142 19.4019 2
      vertex 136 14.9019 2
      vertex 151 14.9019 2
    endloop
  endfacet
  facet normal -0 0 1
    outer loop
      vertex 136 14.9019 2
      vertex 244 0 2
      vertex 151 14.9019 2
    endloop
  endfacet
  facet normal -0 0 1
    outer loop
      vertex 133 14.9019 2
      vertex 244 0 2
      vertex 136 14.9019 2
    endloop
  endfacet
  facet normal -0 0 1
    outer loop
      vertex 127 73.4019 2
      vertex 131.5 71.5 2
      vertex 128.5 76 2
    endloop
  endfacet
  facet normal 0 0 1
    outer loop
      vertex 133 56.0981 2
      vertex 128.5 58 2
      vertex 131.5 53.5 2
    endloop
  endfacet
  facet normal -0 0 1
    outer loop
      vertex 127 46.4019 2
      vertex 131.5 44.5 2
      vertex 128.5 49 2
    endloop
  endfacet
  facet normal -0 0 1
    outer loop
      vertex 127 37.4019 2
      vertex 131.5 35.5 2
      vertex 128.5 40 2
    endloop
  endfacet
  facet normal 0 0 1
    outer loop
      vertex 133 29.0981 2
      vertex 128.5 31 2
      vertex 131.5 26.5 2
    endloop
  endfacet
  facet normal -0 0 1
    outer loop
      vertex 127 28.4019 2
      vertex 131.5 26.5 2
      vertex 128.5 31 2
    endloop
  endfacet
  facet normal 0 0 1
    outer loop
      vertex 133 20.0981 2
      vertex 128.5 22 2
      vertex 131.5 17.5 2
    endloop
  endfacet
  facet normal -0 0 1
    outer loop
      vertex 127 19.4019 2
      vertex 131.5 17.5 2
      vertex 128.5 22 2
    endloop
  endfacet
  facet normal 0 0 1
    outer loop
      vertex 131.5 17.5 2
      vertex 127 19.4019 2
      vertex 133 14.9019 2
    endloop
  endfacet
  facet normal -0 0 1
    outer loop
      vertex 124 19.4019 2
      vertex 133 14.9019 2
      vertex 127 19.4019 2
    endloop
  endfacet
  facet normal 0 0 1
    outer loop
      vertex 124 60.5981 2
      vertex 119.5 62.5 2
      vertex 122.5 58 2
    endloop
  endfacet
  facet normal -0 0 1
    outer loop
      vertex 118 50.9019 2
      vertex 122.5 49 2
      vertex 119.5 53.5 2
    endloop
  endfacet
  facet normal -0 0 1
    outer loop
      vertex 118 41.9019 2
      vertex 122.5 40 2
      vertex 119.5 44.5 2
    endloop
  endfacet
  facet normal 0 0 1
    outer loop
      vertex 124 33.5981 2
      vertex 119.5 35.5 2
      vertex 122.5 31 2
    endloop
  endfacet
  facet normal -0 0 1
    outer loop
      vertex 118 32.9019 2
      vertex 122.5 31 2
      vertex 119.5 35.5 2
    endloop
  endfacet
  facet normal 0 0 1
    outer loop
      vertex 124 24.5981 2
      vertex 119.5 26.5 2
      vertex 122.5 22 2
    endloop
  endfacet
  facet normal -0 0 1
    outer loop
      vertex 118 23.9019 2
      vertex 122.5 22 2
      vertex 119.5 26.5 2
    endloop
  endfacet
  facet normal 0 0 1
    outer loop
      vertex 122.5 22 2
      vertex 119.5 17.5 2
      vertex 124 19.4019 2
    endloop
  endfacet
  facet normal 0 0 1
    outer loop
      vertex 118 14.9019 2
      vertex 124 19.4019 2
      vertex 119.5 17.5 2
    endloop
  endfacet
  facet normal 0 0 1
    outer loop
      vertex 124 19.4019 2
      vertex 118 14.9019 2
      vertex 133 14.9019 2
    endloop
  endfacet
  facet normal -0 0 1
    outer loop
      vertex 118 14.9019 2
      vertex 244 0 2
      vertex 133 14.9019 2
    endloop
  endfacet
  facet normal 0 0 1
    outer loop
      vertex 4 0 2
      vertex 118 14.9019 2
      vertex 115 14.9019 2
    endloop
  endfacet
  facet normal -0 0 1
    outer loop
      vertex 109 73.4019 2
      vertex 113.5 71.5 2
      vertex 110.5 76 2
    endloop
  endfacet
  facet normal 0 0 1
    outer loop
      vertex 115 56.0981 2
      vertex 110.5 58 2
      vertex 113.5 53.5 2
    endloop
  endfacet
  facet normal -0 0 1
    outer loop
      vertex 109 46.4019 2
      vertex 113.5 44.5 2
      vertex 110.5 49 2
    endloop
  endfacet
  facet normal -0 0 1
    outer loop
      vertex 109 37.4019 2
      vertex 113.5 35.5 2
      vertex 110.5 40 2
    endloop
  endfacet
  facet normal 0 0 1
    outer loop
      vertex 115 29.0981 2
      vertex 110.5 31 2
      vertex 113.5 26.5 2
    endloop
  endfacet
  facet normal -0 0 1
    outer loop
      vertex 109 28.4019 2
      vertex 113.5 26.5 2
      vertex 110.5 31 2
    endloop
  endfacet
  facet normal 0 0 1
    outer loop
      vertex 115 20.0981 2
      vertex 110.5 22 2
      vertex 113.5 17.5 2
    endloop
  endfacet
  facet normal -0 0 1
    outer loop
      vertex 109 19.4019 2
      vertex 113.5 17.5 2
      vertex 110.5 22 2
    endloop
  endfacet
  facet normal 0 0 1
    outer loop
      vertex 113.5 17.5 2
      vertex 109 19.4019 2
      vertex 115 14.9019 2
    endloop
  endfacet
  facet normal -0 0 1
    outer loop
      vertex 106 19.4019 2
      vertex 115 14.9019 2
      vertex 109 19.4019 2
    endloop
  endfacet
  facet normal 0 0 1
    outer loop
      vertex 106 60.5981 2
      vertex 101.5 62.5 2
      vertex 104.5 58 2
    endloop
  endfacet
  facet normal -0 0 1
    outer loop
      vertex 100 50.9019 2
      vertex 104.5 49 2
      vertex 101.5 53.5 2
    endloop
  endfacet
  facet normal -0 0 1
    outer loop
      vertex 100 41.9019 2
      vertex 104.5 40 2
      vertex 101.5 44.5 2
    endloop
  endfacet
  facet normal 0 0 1
    outer loop
      vertex 106 33.5981 2
      vertex 101.5 35.5 2
      vertex 104.5 31 2
    endloop
  endfacet
  facet normal -0 0 1
    outer loop
      vertex 100 32.9019 2
      vertex 104.5 31 2
      vertex 101.5 35.5 2
    endloop
  endfacet
  facet normal 0 0 1
    outer loop
      vertex 106 24.5981 2
      vertex 101.5 26.5 2
      vertex 104.5 22 2
    endloop
  endfacet
  facet normal -0 0 1
    outer loop
      vertex 100 23.9019 2
      vertex 104.5 22 2
      vertex 101.5 26.5 2
    endloop
  endfacet
  facet normal 0 0 1
    outer loop
      vertex 104.5 22 2
      vertex 101.5 17.5 2
      vertex 106 19.4019 2
    endloop
  endfacet
  facet normal 0 0 1
    outer loop
      vertex 100 14.9019 2
      vertex 106 19.4019 2
      vertex 101.5 17.5 2
    endloop
  endfacet
  facet normal 0 0 1
    outer loop
      vertex 106 19.4019 2
      vertex 100 14.9019 2
      vertex 115 14.9019 2
    endloop
  endfacet
  facet normal 0 0 1
    outer loop
      vertex 4 0 2
      vertex 115 14.9019 2
      vertex 100 14.9019 2
    endloop
  endfacet
  facet normal 0 0 1
    outer loop
      vertex 4 0 2
      vertex 100 14.9019 2
      vertex 97 14.9019 2
    endloop
  endfacet
  facet normal -0 0 1
    outer loop
      vertex 91 73.4019 2
      vertex 95.5 71.5 2
      vertex 92.5 76 2
    endloop
  endfacet
  facet normal 0 0 1
    outer loop
      vertex 97 56.0981 2
      vertex 92.5 58 2
      vertex 95.5 53.5 2
    endloop
  endfacet
  facet normal -0 0 1
    outer loop
      vertex 91 46.4019 2
      vertex 95.5 44.5 2
      vertex 92.5 49 2
    endloop
  endfacet
  facet normal -0 0 1
    outer loop
      vertex 91 37.4019 2
      vertex 95.5 35.5 2
      vertex 92.5 40 2
    endloop
  endfacet
  facet normal 0 0 1
    outer loop
      vertex 97 29.0981 2
      vertex 92.5 31 2
      vertex 95.5 26.5 2
    endloop
  endfacet
  facet normal -0 0 1
    outer loop
      vertex 91 28.4019 2
      vertex 95.5 26.5 2
      vertex 92.5 31 2
    endloop
  endfacet
  facet normal 0 0 1
    outer loop
      vertex 97 20.0981 2
      vertex 92.5 22 2
      vertex 95.5 17.5 2
    endloop
  endfacet
  facet normal -0 0 1
    outer loop
      vertex 91 19.4019 2
      vertex 95.5 17.5 2
      vertex 92.5 22 2
    endloop
  endfacet
  facet normal 0 0 1
    outer loop
      vertex 95.5 17.5 2
      vertex 91 19.4019 2
      vertex 97 14.9019 2
    endloop
  endfacet
  facet normal -0 0 1
    outer loop
      vertex 88 19.4019 2
      vertex 97 14.9019 2
      vertex 91 19.4019 2
    endloop
  endfacet
  facet normal 0 0 1
    outer loop
      vertex 88 60.5981 2
      vertex 83.5 62.5 2
      vertex 86.5 58 2
    endloop
  endfacet
  facet normal -0 0 1
    outer loop
      vertex 82 50.9019 2
      vertex 86.5 49 2
      vertex 83.5 53.5 2
    endloop
  endfacet
  facet normal -0 0 1
    outer loop
      vertex 82 41.9019 2
      vertex 86.5 40 2
      vertex 83.5 44.5 2
    endloop
  endfacet
  facet normal 0 0 1
    outer loop
      vertex 88 33.5981 2
      vertex 83.5 35.5 2
      vertex 86.5 31 2
    endloop
  endfacet
  facet normal -0 0 1
    outer loop
      vertex 82 32.9019 2
      vertex 86.5 31 2
      vertex 83.5 35.5 2
    endloop
  endfacet
  facet normal 0 0 1
    outer loop
      vertex 88 24.5981 2
      vertex 83.5 26.5 2
      vertex 86.5 22 2
    endloop
  endfacet
  facet normal -0 0 1
    outer loop
      vertex 82 23.9019 2
      vertex 86.5 22 2
      vertex 83.5 26.5 2
    endloop
  endfacet
  facet normal 0 0 1
    outer loop
      vertex 86.5 22 2
      vertex 83.5 17.5 2
      vertex 88 19.4019 2
    endloop
  endfacet
  facet normal 0 0 1
    outer loop
      vertex 82 14.9019 2
      vertex 88 19.4019 2
      vertex 83.5 17.5 2
    endloop
  endfacet
  facet normal 0 0 1
    outer loop
      vertex 88 19.4019 2
      vertex 82 14.9019 2
      vertex 97 14.9019 2
    endloop
  endfacet
  facet normal 0 0 1
    outer loop
      vertex 4 0 2
      vertex 97 14.9019 2
      vertex 82 14.9019 2
    endloop
  endfacet
  facet normal 0 0 1
    outer loop
      vertex 4 0 2
      vertex 82 14.9019 2
      vertex 79 14.9019 2
    endloop
  endfacet
  facet normal -0 0 1
    outer loop
      vertex 73 73.4019 2
      vertex 77.5 71.5 2
      vertex 74.5 76 2
    endloop
  endfacet
  facet normal 0 0 1
    outer loop
      vertex 79 56.0981 2
      vertex 74.5 58 2
      vertex 77.5 53.5 2
    endloop
  endfacet
  facet normal -0 0 1
    outer loop
      vertex 73 46.4019 2
      vertex 77.5 44.5 2
      vertex 74.5 49 2
    endloop
  endfacet
  facet normal -0 0 1
    outer loop
      vertex 73 37.4019 2
      vertex 77.5 35.5 2
      vertex 74.5 40 2
    endloop
  endfacet
  facet normal 0 0 1
    outer loop
      vertex 79 29.0981 2
      vertex 74.5 31 2
      vertex 77.5 26.5 2
    endloop
  endfacet
  facet normal -0 0 1
    outer loop
      vertex 73 28.4019 2
      vertex 77.5 26.5 2
      vertex 74.5 31 2
    endloop
  endfacet
  facet normal 0 0 1
    outer loop
      vertex 79 20.0981 2
      vertex 74.5 22 2
      vertex 77.5 17.5 2
    endloop
  endfacet
  facet normal -0 0 1
    outer loop
      vertex 73 19.4019 2
      vertex 77.5 17.5 2
      vertex 74.5 22 2
    endloop
  endfacet
  facet normal 0 0 1
    outer loop
      vertex 77.5 17.5 2
      vertex 73 19.4019 2
      vertex 79 14.9019 2
    endloop
  endfacet
  facet normal -0 0 1
    outer loop
      vertex 70 19.4019 2
      vertex 79 14.9019 2
      vertex 73 19.4019 2
    endloop
  endfacet
  facet normal 0 0 1
    outer loop
      vertex 70 60.5981 2
      vertex 65.5 62.5 2
      vertex 68.5 58 2
    endloop
  endfacet
  facet normal -0 0 1
    outer loop
      vertex 64 50.9019 2
      vertex 68.5 49 2
      vertex 65.5 53.5 2
    endloop
  endfacet
  facet normal -0 0 1
    outer loop
      vertex 64 41.9019 2
      vertex 68.5 40 2
      vertex 65.5 44.5 2
    endloop
  endfacet
  facet normal 0 0 1
    outer loop
      vertex 70 33.5981 2
      vertex 65.5 35.5 2
      vertex 68.5 31 2
    endloop
  endfacet
  facet normal -0 0 1
    outer loop
      vertex 64 32.9019 2
      vertex 68.5 31 2
      vertex 65.5 35.5 2
    endloop
  endfacet
  facet normal 0 0 1
    outer loop
      vertex 70 24.5981 2
      vertex 65.5 26.5 2
      vertex 68.5 22 2
    endloop
  endfacet
  facet normal -0 0 1
    outer loop
      vertex 64 23.9019 2
      vertex 68.5 22 2
      vertex 65.5 26.5 2
    endloop
  endfacet
  facet normal 0 0 1
    outer loop
      vertex 68.5 22 2
      vertex 65.5 17.5 2
      vertex 70 19.4019 2
    endloop
  endfacet
  facet normal 0 0 1
    outer loop
      vertex 64 14.9019 2
      vertex 70 19.4019 2
      vertex 65.5 17.5 2
    endloop
  endfacet
  facet normal 0 0 1
    outer loop
      vertex 70 19.4019 2
      vertex 64 14.9019 2
      vertex 79 14.9019 2
    endloop
  endfacet
  facet normal 0 0 1
    outer loop
      vertex 4 0 2
      vertex 79 14.9019 2
      vertex 64 14.9019 2
    endloop
  endfacet
  facet normal 0 0 1
    outer loop
      vertex 4 0 2
      vertex 64 14.9019 2
      vertex 61 14.9019 2
    endloop
  endfacet
  facet normal -0 0 1
    outer loop
      vertex 55 73.4019 2
      vertex 59.5 71.5 2
      vertex 56.5 76 2
    endloop
  endfacet
  facet normal 0 0 1
    outer loop
      vertex 61 56.0981 2
      vertex 56.5 58 2
      vertex 59.5 53.5 2
    endloop
  endfacet
  facet normal -0 0 1
    outer loop
      vertex 55 46.4019 2
      vertex 59.5 44.5 2
      vertex 56.5 49 2
    endloop
  endfacet
  facet normal -0 0 1
    outer loop
      vertex 55 37.4019 2
      vertex 59.5 35.5 2
      vertex 56.5 40 2
    endloop
  endfacet
  facet normal 0 0 1
    outer loop
      vertex 61 29.0981 2
      vertex 56.5 31 2
      vertex 59.5 26.5 2
    endloop
  endfacet
  facet normal -0 0 1
    outer loop
      vertex 55 28.4019 2
      vertex 59.5 26.5 2
      vertex 56.5 31 2
    endloop
  endfacet
  facet normal 0 0 1
    outer loop
      vertex 61 20.0981 2
      vertex 56.5 22 2
      vertex 59.5 17.5 2
    endloop
  endfacet
  facet normal -0 0 1
    outer loop
      vertex 55 19.4019 2
      vertex 59.5 17.5 2
      vertex 56.5 22 2
    endloop
  endfacet
  facet normal 0 0 1
    outer loop
      vertex 59.5 17.5 2
      vertex 55 19.4019 2
      vertex 61 14.9019 2
    endloop
  endfacet
  facet normal -0 0 1
    outer loop
      vertex 52 19.4019 2
      vertex 61 14.9019 2
      vertex 55 19.4019 2
    endloop
  endfacet
  facet normal 0 0 1
    outer loop
      vertex 52 60.5981 2
      vertex 47.5 62.5 2
      vertex 50.5 58 2
    endloop
  endfacet
  facet normal -0 0 1
    outer loop
      vertex 46 50.9019 2
      vertex 50.5 49 2
      vertex 47.5 53.5 2
    endloop
  endfacet
  facet normal -0 0 1
    outer loop
      vertex 46 41.9019 2
      vertex 50.5 40 2
      vertex 47.5 44.5 2
    endloop
  endfacet
  facet normal 0 0 1
    outer loop
      vertex 52 33.5981 2
      vertex 47.5 35.5 2
      vertex 50.5 31 2
    endloop
  endfacet
  facet normal -0 0 1
    outer loop
      vertex 46 32.9019 2
      vertex 50.5 31 2
      vertex 47.5 35.5 2
    endloop
  endfacet
  facet normal 0 0 1
    outer loop
      vertex 52 24.5981 2
      vertex 47.5 26.5 2
      vertex 50.5 22 2
    endloop
  endfacet
  facet normal -0 0 1
    outer loop
      vertex 46 23.9019 2
      vertex 50.5 22 2
      vertex 47.5 26.5 2
    endloop
  endfacet
  facet normal 0 0 1
    outer loop
      vertex 50.5 22 2
      vertex 47.5 17.5 2
      vertex 52 19.4019 2
    endloop
  endfacet
  facet normal 0 0 1
    outer loop
      vertex 46 14.9019 2
      vertex 52 19.4019 2
      vertex 47.5 17.5 2
    endloop
  endfacet
  facet normal 0 0 1
    outer loop
      vertex 52 19.4019 2
      vertex 46 14.9019 2
      vertex 61 14.9019 2
    endloop
  endfacet
  facet normal 0 0 1
    outer loop
      vertex 4 0 2
      vertex 61 14.9019 2
      vertex 46 14.9019 2
    endloop
  endfacet
  facet normal 0 0 1
    outer loop
      vertex 4 0 2
      vertex 46 14.9019 2
      vertex 43 14.9019 2
    endloop
  endfacet
  facet normal -0 0 1
    outer loop
      vertex 37 73.4019 2
      vertex 41.5 71.5 2
      vertex 38.5 76 2
    endloop
  endfacet
  facet normal 0 0 1
    outer loop
      vertex 43 56.0981 2
      vertex 38.5 58 2
      vertex 41.5 53.5 2
    endloop
  endfacet
  facet normal -0 0 1
    outer loop
      vertex 37 46.4019 2
      vertex 41.5 44.5 2
      vertex 38.5 49 2
    endloop
  endfacet
  facet normal -0 0 1
    outer loop
      vertex 37 37.4019 2
      vertex 41.5 35.5 2
      vertex 38.5 40 2
    endloop
  endfacet
  facet normal 0 0 1
    outer loop
      vertex 43 29.0981 2
      vertex 38.5 31 2
      vertex 41.5 26.5 2
    endloop
  endfacet
  facet normal -0 0 1
    outer loop
      vertex 37 28.4019 2
      vertex 41.5 26.5 2
      vertex 38.5 31 2
    endloop
  endfacet
  facet normal 0 0 1
    outer loop
      vertex 43 20.0981 2
      vertex 38.5 22 2
      vertex 41.5 17.5 2
    endloop
  endfacet
  facet normal -0 0 1
    outer loop
      vertex 37 19.4019 2
      vertex 41.5 17.5 2
      vertex 38.5 22 2
    endloop
  endfacet
  facet normal 0 0 1
    outer loop
      vertex 41.5 17.5 2
      vertex 37 19.4019 2
      vertex 43 14.9019 2
    endloop
  endfacet
  facet normal -0 0 1
    outer loop
      vertex 34 19.4019 2
      vertex 43 14.9019 2
      vertex 37 19.4019 2
    endloop
  endfacet
  facet normal 0 0 1
    outer loop
      vertex 34 60.5981 2
      vertex 29.5 62.5 2
      vertex 32.5 58 2
    endloop
  endfacet
  facet normal -0 0 1
    outer loop
      vertex 28 50.9019 2
      vertex 32.5 49 2
      vertex 29.5 53.5 2
    endloop
  endfacet
  facet normal -0 0 1
    outer loop
      vertex 28 41.9019 2
      vertex 32.5 40 2
      vertex 29.5 44.5 2
    endloop
  endfacet
  facet normal 0 0 1
    outer loop
      vertex 34 33.5981 2
      vertex 29.5 35.5 2
      vertex 32.5 31 2
    endloop
  endfacet
  facet normal -0 0 1
    outer loop
      vertex 28 32.9019 2
      vertex 32.5 31 2
      vertex 29.5 35.5 2
    endloop
  endfacet
  facet normal 0 0 1
    outer loop
      vertex 34 24.5981 2
      vertex 29.5 26.5 2
      vertex 32.5 22 2
    endloop
  endfacet
  facet normal -0 0 1
    outer loop
      vertex 28 23.9019 2
      vertex 32.5 22 2
      vertex 29.5 26.5 2
    endloop
  endfacet
  facet normal 0 0 1
    outer loop
      vertex 32.5 22 2
      vertex 29.5 17.5 2
      vertex 34 19.4019 2
    endloop
  endfacet
  facet normal 0 0 1
    outer loop
      vertex 28 14.9019 2
      vertex 34 19.4019 2
      vertex 29.5 17.5 2
    endloop
  endfacet
  facet normal 0 0 1
    outer loop
      vertex 34 19.4019 2
      vertex 28 14.9019 2
      vertex 43 14.9019 2
    endloop
  endfacet
  facet normal 0 0 1
    outer loop
      vertex 4 0 2
      vertex 43 14.9019 2
      vertex 28 14.9019 2
    endloop
  endfacet
  facet normal 0 0 1
    outer loop
      vertex 11.4405 9.20557 2
      vertex 28 14.9019 2
      vertex 25 14.9019 2
    endloop
  endfacet
  facet normal -0 0 1
    outer loop
      vertex 19 73.4019 2
      vertex 23.5 71.5 2
      vertex 20.5 76 2
    endloop
  endfacet
  facet normal 0 0 1
    outer loop
      vertex 25 56.0981 2
      vertex 20.5 58 2
      vertex 23.5 53.5 2
    endloop
  endfacet
  facet normal -0 0 1
    outer loop
      vertex 19 46.4019 2
      vertex 23.5 44.5 2
      vertex 20.5 49 2
    endloop
  endfacet
  facet normal -0 0 1
    outer loop
      vertex 19 37.4019 2
      vertex 23.5 35.5 2
      vertex 20.5 40 2
    endloop
  endfacet
  facet normal 0 0 1
    outer loop
      vertex 25 29.0981 2
      vertex 20.5 31 2
      vertex 23.5 26.5 2
    endloop
  endfacet
  facet normal -0 0 1
    outer loop
      vertex 19 28.4019 2
      vertex 23.5 26.5 2
      vertex 20.5 31 2
    endloop
  endfacet
  facet normal 0 0 1
    outer loop
      vertex 25 20.0981 2
      vertex 20.5 22 2
      vertex 23.5 17.5 2
    endloop
  endfacet
  facet normal -0 0 1
    outer loop
      vertex 19 19.4019 2
      vertex 23.5 17.5 2
      vertex 20.5 22 2
    endloop
  endfacet
  facet normal 0 0 1
    outer loop
      vertex 23.5 17.5 2
      vertex 19 19.4019 2
      vertex 25 14.9019 2
    endloop
  endfacet
  facet normal 0 0 1
    outer loop
      vertex 12.1 10.5 2
      vertex 19 19.4019 2
      vertex 16 19.4019 2
    endloop
  endfacet
  facet normal 0 0 1
    outer loop
      vertex 14.5 31 2
      vertex 12.1 10.5 2
      vertex 14.5 22 2
    endloop
  endfacet
  facet normal 0 0 1
    outer loop
      vertex 12.1 10.5 2
      vertex 16 19.4019 2
      vertex 14.5 22 2
    endloop
  endfacet
  facet normal 0 0 1
    outer loop
      vertex 19 19.4019 2
      vertex 12.1 10.5 2
      vertex 25 14.9019 2
    endloop
  endfacet
  facet normal 0 0 1
    outer loop
      vertex 12.0217 10.0056 2
      vertex 25 14.9019 2
      vertex 12.1 10.5 2
    endloop
  endfacet
  facet normal 0 0 1
    outer loop
      vertex 11.7944 9.55954 2
      vertex 25 14.9019 2
      vertex 12.0217 10.0056 2
    endloop
  endfacet
  facet normal 0 0 1
    outer loop
      vertex 11.4405 9.20557 2
      vertex 25 14.9019 2
      vertex 11.7944 9.55954 2
    endloop
  endfacet
  facet normal 0 0 1
    outer loop
      vertex 28 14.9019 2
      vertex 11.4405 9.20557 2
      vertex 4 0 2
    endloop
  endfacet
  facet normal 0 0 1
    outer loop
      vertex 4 0 2
      vertex 11.4405 9.20557 2
      vertex 10.9944 8.97831 2
    endloop
  endfacet
  facet normal 0 0 1
    outer loop
      vertex 4 0 2
      vertex 10.9944 8.97831 2
      vertex 10.5 8.9 2
    endloop
  endfacet
  facet normal 0 0 1
    outer loop
      vertex 118 14.9019 2
      vertex 4 0 2
      vertex 244 0 2
    endloop
  endfacet
  facet normal 0 0 1
    outer loop
      vertex 10.0056 8.97831 2
      vertex 4 0 2
      vertex 10.5 8.9 2
    endloop
  endfacet
  facet normal 0 0 1
    outer loop
      vertex 9.55954 9.20557 2
      vertex 4 0 2
      vertex 10.0056 8.97831 2
    endloop
  endfacet
  facet normal 0 0 1
    outer loop
      vertex 9.20557 9.55954 2
      vertex 4 0 2
      vertex 9.55954 9.20557 2
    endloop
  endfacet
  facet normal 0 0 1
    outer loop
      vertex 0 4 2
      vertex 9.20557 9.55954 2
      vertex 8.97831 10.0056 2
    endloop
  endfacet
  facet normal 0 0 1
    outer loop
      vertex 0 4 2
      vertex 8.97831 10.0056 2
      vertex 8.9 10.5 2
    endloop
  endfacet
  facet normal 0 0 1
    outer loop
      vertex 9.20557 11.4405 2
      vertex 0 4 2
      vertex 8.97831 10.9944 2
    endloop
  endfacet
  facet normal 0 0 1
    outer loop
      vertex 0 146 2
      vertex 4 150 2
      vertex 2.14111 149.542 2
    endloop
  endfacet
  facet normal 0 0 1
    outer loop
      vertex 8.97831 10.9944 2
      vertex 0 4 2
      vertex 8.9 10.5 2
    endloop
  endfacet
  facet normal 0 0 1
    outer loop
      vertex 0 146 2
      vertex 2.14111 149.542 2
      vertex 0.708069 148.272 2
    endloop
  endfacet
  facet normal 0 0 1
    outer loop
      vertex 9.20557 9.55954 2
      vertex 0 4 2
      vertex 4 0 2
    endloop
  endfacet
  facet normal 0 0 1
    outer loop
      vertex 4 0 2
      vertex 0 4 2
      vertex 1.72774 0.708069 2
    endloop
  endfacet
  facet normal 0 0 1
    outer loop
      vertex 1.72774 0.708069 2
      vertex 0 4 2
      vertex 0.458176 2.14111 2
    endloop
  endfacet
  facet normal -0.748511 -0.663123 0
    outer loop
      vertex 1.72774 0.708069 0
      vertex 0.458176 2.14111 2
      vertex 0.458176 2.14111 0
    endloop
  endfacet
  facet normal -0.748511 -0.663123 0
    outer loop
      vertex 0.458176 2.14111 2
      vertex 1.72774 0.708069 0
      vertex 1.72774 0.708069 2
    endloop
  endfacet
  facet normal 0.239303 -0.970945 0
    outer loop
      vertex 244 0 0
      vertex 245.859 0.458176 2
      vertex 244 0 2
    endloop
  endfacet
  facet normal 0.239303 -0.970945 0
    outer loop
      vertex 245.859 0.458176 2
      vertex 244 0 0
      vertex 245.859 0.458176 0
    endloop
  endfacet
  facet normal 0.707107 0.707107 0
    outer loop
      vertex 243.1 144.3 0
      vertex 242.3 145.1 -2
      vertex 242.3 145.1 0
    endloop
  endfacet
  facet normal 0.707107 0.707107 0
    outer loop
      vertex 242.3 145.1 -2
      vertex 243.1 144.3 0
      vertex 243.1 144.3 -2
    endloop
  endfacet
  facet normal -1 0 0
    outer loop
      vertex 4.9 5.7 -2
      vertex 4.9 144.3 0
      vertex 4.9 144.3 -2
    endloop
  endfacet
  facet normal -1 -0 0
    outer loop
      vertex 4.9 144.3 0
      vertex 4.9 5.7 -2
      vertex 4.9 5.7 0
    endloop
  endfacet
  facet normal 1 -0 0
    outer loop
      vertex 243.1 5.7 0
      vertex 243.1 144.3 -2
      vertex 243.1 144.3 0
    endloop
  endfacet
  facet normal 1 0 0
    outer loop
      vertex 243.1 144.3 -2
      vertex 243.1 5.7 0
      vertex 243.1 5.7 -2
    endloop
  endfacet
  facet normal 0 0 -1
    outer loop
      vertex 236.206 11.4405 -2
      vertex 11.7944 11.4405 -2
      vertex 236.206 138.56 -2
    endloop
  endfacet
  facet normal 0 0 -1
    outer loop
      vertex 236.206 138.56 -2
      vertex 12.0217 139.006 -2
      vertex 12.1 139.5 -2
    endloop
  endfacet
  facet normal 0 0 -1
    outer loop
      vertex 11.7944 138.56 -2
      vertex 236.206 138.56 -2
      vertex 11.7944 11.4405 -2
    endloop
  endfacet
  facet normal 0 0 -1
    outer loop
      vertex 236.206 138.56 -2
      vertex 11.7944 138.56 -2
      vertex 12.0217 139.006 -2
    endloop
  endfacet
  facet normal 0 0 -1
    outer loop
      vertex 11.4405 11.7944 -2
      vertex 11.7944 138.56 -2
      vertex 11.7944 11.4405 -2
    endloop
  endfacet
  facet normal 0 0 -1
    outer loop
      vertex 11.4405 11.7944 -2
      vertex 11.4405 138.206 -2
      vertex 11.7944 138.56 -2
    endloop
  endfacet
  facet normal 0 0 -1
    outer loop
      vertex 10.9944 12.0217 -2
      vertex 11.4405 138.206 -2
      vertex 11.4405 11.7944 -2
    endloop
  endfacet
  facet normal 0 0 -1
    outer loop
      vertex 10.9944 12.0217 -2
      vertex 10.9944 137.978 -2
      vertex 11.4405 138.206 -2
    endloop
  endfacet
  facet normal 0 0 -1
    outer loop
      vertex 10.5 12.1 -2
      vertex 10.9944 137.978 -2
      vertex 10.9944 12.0217 -2
    endloop
  endfacet
  facet normal 0 0 -1
    outer loop
      vertex 10.5 12.1 -2
      vertex 10.5 137.9 -2
      vertex 10.9944 137.978 -2
    endloop
  endfacet
  facet normal 0 0 -1
    outer loop
      vertex 10.0056 12.0217 -2
      vertex 10.5 137.9 -2
      vertex 10.5 12.1 -2
    endloop
  endfacet
  facet normal 0 0 -1
    outer loop
      vertex 10.0056 12.0217 -2
      vertex 10.0056 137.978 -2
      vertex 10.5 137.9 -2
    endloop
  endfacet
  facet normal 0 0 -1
    outer loop
      vertex 9.55954 11.7944 -2
      vertex 10.0056 137.978 -2
      vertex 10.0056 12.0217 -2
    endloop
  endfacet
  facet normal 0 0 -1
    outer loop
      vertex 9.55954 11.7944 -2
      vertex 9.55954 138.206 -2
      vertex 10.0056 137.978 -2
    endloop
  endfacet
  facet normal 0 0 -1
    outer loop
      vertex 9.20557 11.4405 -2
      vertex 9.55954 138.206 -2
      vertex 9.55954 11.7944 -2
    endloop
  endfacet
  facet normal 0 0 -1
    outer loop
      vertex 9.20557 11.4405 -2
      vertex 9.20557 138.56 -2
      vertex 9.55954 138.206 -2
    endloop
  endfacet
  facet normal 0 0 -1
    outer loop
      vertex 4.9 5.7 -2
      vertex 9.20557 11.4405 -2
      vertex 8.97831 10.9944 -2
    endloop
  endfacet
  facet normal -0 0 -1
    outer loop
      vertex 9.20557 11.4405 -2
      vertex 4.9 5.7 -2
      vertex 9.20557 138.56 -2
    endloop
  endfacet
  facet normal 0 0 -1
    outer loop
      vertex 4.9 5.7 -2
      vertex 8.97831 10.9944 -2
      vertex 8.9 10.5 -2
    endloop
  endfacet
  facet normal 0 0 -1
    outer loop
      vertex 4.9 144.3 -2
      vertex 9.20557 138.56 -2
      vertex 4.9 5.7 -2
    endloop
  endfacet
  facet normal 0 0 -1
    outer loop
      vertex 243.1 5.7 -2
      vertex 238.794 11.4405 -2
      vertex 243.1 144.3 -2
    endloop
  endfacet
  facet normal 0 0 -1
    outer loop
      vertex 243.1 144.3 -2
      vertex 239.022 139.006 -2
      vertex 239.1 139.5 -2
    endloop
  endfacet
  facet normal 0 0 -1
    outer loop
      vertex 238.794 138.56 -2
      vertex 243.1 144.3 -2
      vertex 238.794 11.4405 -2
    endloop
  endfacet
  facet normal 0 0 -1
    outer loop
      vertex 243.1 144.3 -2
      vertex 238.794 138.56 -2
      vertex 239.022 139.006 -2
    endloop
  endfacet
  facet normal 0 0 -1
    outer loop
      vertex 238.44 11.7944 -2
      vertex 238.794 138.56 -2
      vertex 238.794 11.4405 -2
    endloop
  endfacet
  facet normal 0 0 -1
    outer loop
      vertex 238.44 11.7944 -2
      vertex 238.44 138.206 -2
      vertex 238.794 138.56 -2
    endloop
  endfacet
  facet normal 0 0 -1
    outer loop
      vertex 237.994 12.0217 -2
      vertex 238.44 138.206 -2
      vertex 238.44 11.7944 -2
    endloop
  endfacet
  facet normal 0 0 -1
    outer loop
      vertex 237.994 12.0217 -2
      vertex 237.994 137.978 -2
      vertex 238.44 138.206 -2
    endloop
  endfacet
  facet normal 0 0 -1
    outer loop
      vertex 237.5 12.1 -2
      vertex 237.994 137.978 -2
      vertex 237.994 12.0217 -2
    endloop
  endfacet
  facet normal 0 0 -1
    outer loop
      vertex 237.5 12.1 -2
      vertex 237.5 137.9 -2
      vertex 237.994 137.978 -2
    endloop
  endfacet
  facet normal 0 0 -1
    outer loop
      vertex 237.006 12.0217 -2
      vertex 237.5 137.9 -2
      vertex 237.5 12.1 -2
    endloop
  endfacet
  facet normal 0 0 -1
    outer loop
      vertex 237.006 12.0217 -2
      vertex 237.006 137.978 -2
      vertex 237.5 137.9 -2
    endloop
  endfacet
  facet normal 0 0 -1
    outer loop
      vertex 236.56 11.7944 -2
      vertex 237.006 137.978 -2
      vertex 237.006 12.0217 -2
    endloop
  endfacet
  facet normal 0 0 -1
    outer loop
      vertex 236.56 11.7944 -2
      vertex 236.56 138.206 -2
      vertex 237.006 137.978 -2
    endloop
  endfacet
  facet normal 0 0 -1
    outer loop
      vertex 236.206 11.4405 -2
      vertex 236.56 138.206 -2
      vertex 236.56 11.7944 -2
    endloop
  endfacet
  facet normal 0 0 -1
    outer loop
      vertex 236.206 11.4405 -2
      vertex 236.206 138.56 -2
      vertex 236.56 138.206 -2
    endloop
  endfacet
  facet normal 0 0 -1
    outer loop
      vertex 12.0217 10.9944 -2
      vertex 235.978 10.9944 -2
      vertex 12.1 10.5 -2
    endloop
  endfacet
  facet normal 0 0 -1
    outer loop
      vertex 235.978 10.9944 -2
      vertex 12.0217 10.9944 -2
      vertex 236.206 11.4405 -2
    endloop
  endfacet
  facet normal 0 0 -1
    outer loop
      vertex 12.1 10.5 -2
      vertex 235.978 10.9944 -2
      vertex 235.9 10.5 -2
    endloop
  endfacet
  facet normal 0 0 -1
    outer loop
      vertex 11.7944 11.4405 -2
      vertex 236.206 11.4405 -2
      vertex 12.0217 10.9944 -2
    endloop
  endfacet
  facet normal 0 0 -1
    outer loop
      vertex 238.794 9.55954 -2
      vertex 243.1 5.7 -2
      vertex 242.3 4.9 -2
    endloop
  endfacet
  facet normal 0 0 -1
    outer loop
      vertex 239.022 10.9944 -2
      vertex 243.1 5.7 -2
      vertex 239.1 10.5 -2
    endloop
  endfacet
  facet normal 0 0 -1
    outer loop
      vertex 238.794 11.4405 -2
      vertex 243.1 5.7 -2
      vertex 239.022 10.9944 -2
    endloop
  endfacet
  facet normal 0 0 -1
    outer loop
      vertex 243.1 5.7 -2
      vertex 239.022 10.0056 -2
      vertex 239.1 10.5 -2
    endloop
  endfacet
  facet normal 0 0 -1
    outer loop
      vertex 243.1 5.7 -2
      vertex 238.794 9.55954 -2
      vertex 239.022 10.0056 -2
    endloop
  endfacet
  facet normal 0 0 -1
    outer loop
      vertex 242.3 4.9 -2
      vertex 238.44 9.20557 -2
      vertex 238.794 9.55954 -2
    endloop
  endfacet
  facet normal 0 0 -1
    outer loop
      vertex 242.3 4.9 -2
      vertex 237.994 8.97831 -2
      vertex 238.44 9.20557 -2
    endloop
  endfacet
  facet normal 0 0 -1
    outer loop
      vertex 242.3 4.9 -2
      vertex 237.5 8.9 -2
      vertex 237.994 8.97831 -2
    endloop
  endfacet
  facet normal 0 0 -1
    outer loop
      vertex 242.3 4.9 -2
      vertex 237.006 8.97831 -2
      vertex 237.5 8.9 -2
    endloop
  endfacet
  facet normal 0 0 -1
    outer loop
      vertex 242.3 4.9 -2
      vertex 236.56 9.20557 -2
      vertex 237.006 8.97831 -2
    endloop
  endfacet
  facet normal 0 0 -1
    outer loop
      vertex 236.206 138.56 -2
      vertex 12.1 139.5 -2
      vertex 235.978 139.006 -2
    endloop
  endfacet
  facet normal 0 0 -1
    outer loop
      vertex 235.978 10.0056 -2
      vertex 12.1 10.5 -2
      vertex 235.9 10.5 -2
    endloop
  endfacet
  facet normal 0 0 -1
    outer loop
      vertex 12.0217 10.0056 -2
      vertex 235.978 10.0056 -2
      vertex 236.206 9.55954 -2
    endloop
  endfacet
  facet normal 0 0 -1
    outer loop
      vertex 11.7944 9.55954 -2
      vertex 236.206 9.55954 -2
      vertex 236.56 9.20557 -2
    endloop
  endfacet
  facet normal 0 0 -1
    outer loop
      vertex 11.4405 9.20557 -2
      vertex 236.56 9.20557 -2
      vertex 242.3 4.9 -2
    endloop
  endfacet
  facet normal 0 0 -1
    outer loop
      vertex 235.978 10.0056 -2
      vertex 12.0217 10.0056 -2
      vertex 12.1 10.5 -2
    endloop
  endfacet
  facet normal 0 0 -1
    outer loop
      vertex 236.206 9.55954 -2
      vertex 11.7944 9.55954 -2
      vertex 12.0217 10.0056 -2
    endloop
  endfacet
  facet normal 0 0 -1
    outer loop
      vertex 236.56 9.20557 -2
      vertex 11.4405 9.20557 -2
      vertex 11.7944 9.55954 -2
    endloop
  endfacet
  facet normal 0 0 -1
    outer loop
      vertex 5.7 4.9 -2
      vertex 11.4405 9.20557 -2
      vertex 242.3 4.9 -2
    endloop
  endfacet
  facet normal 0 0 -1
    outer loop
      vertex 11.4405 9.20557 -2
      vertex 5.7 4.9 -2
      vertex 10.9944 8.97831 -2
    endloop
  endfacet
  facet normal -0 0 -1
    outer loop
      vertex 8.97831 10.0056 -2
      vertex 4.9 5.7 -2
      vertex 8.9 10.5 -2
    endloop
  endfacet
  facet normal -0 0 -1
    outer loop
      vertex 9.20557 9.55954 -2
      vertex 4.9 5.7 -2
      vertex 8.97831 10.0056 -2
    endloop
  endfacet
  facet normal 0 0 -1
    outer loop
      vertex 4.9 5.7 -2
      vertex 9.20557 9.55954 -2
      vertex 5.7 4.9 -2
    endloop
  endfacet
  facet normal -0 0 -1
    outer loop
      vertex 9.55954 9.20557 -2
      vertex 5.7 4.9 -2
      vertex 9.20557 9.55954 -2
    endloop
  endfacet
  facet normal -0 0 -1
    outer loop
      vertex 10.0056 8.97831 -2
      vertex 5.7 4.9 -2
      vertex 9.55954 9.20557 -2
    endloop
  endfacet
  facet normal -0 0 -1
    outer loop
      vertex 10.5 8.9 -2
      vertex 5.7 4.9 -2
      vertex 10.0056 8.97831 -2
    endloop
  endfacet
  facet normal 0 0 -1
    outer loop
      vertex 10.9944 8.97831 -2
      vertex 5.7 4.9 -2
      vertex 10.5 8.9 -2
    endloop
  endfacet
  facet normal 0 0 -1
    outer loop
      vertex 239.022 139.994 -2
      vertex 243.1 144.3 -2
      vertex 239.1 139.5 -2
    endloop
  endfacet
  facet normal 0 0 -1
    outer loop
      vertex 238.794 140.44 -2
      vertex 243.1 144.3 -2
      vertex 239.022 139.994 -2
    endloop
  endfacet
  facet normal -0 0 -1
    outer loop
      vertex 243.1 144.3 -2
      vertex 238.794 140.44 -2
      vertex 242.3 145.1 -2
    endloop
  endfacet
  facet normal 0 0 -1
    outer loop
      vertex 238.44 140.794 -2
      vertex 242.3 145.1 -2
      vertex 238.794 140.44 -2
    endloop
  endfacet
  facet normal 0 0 -1
    outer loop
      vertex 237.994 141.022 -2
      vertex 242.3 145.1 -2
      vertex 238.44 140.794 -2
    endloop
  endfacet
  facet normal 0 0 -1
    outer loop
      vertex 237.5 141.1 -2
      vertex 242.3 145.1 -2
      vertex 237.994 141.022 -2
    endloop
  endfacet
  facet normal 0 0 -1
    outer loop
      vertex 237.006 141.022 -2
      vertex 242.3 145.1 -2
      vertex 237.5 141.1 -2
    endloop
  endfacet
  facet normal 0 0 -1
    outer loop
      vertex 236.56 140.794 -2
      vertex 242.3 145.1 -2
      vertex 237.006 141.022 -2
    endloop
  endfacet
  facet normal 0 0 -1
    outer loop
      vertex 235.978 139.006 -2
      vertex 12.1 139.5 -2
      vertex 235.9 139.5 -2
    endloop
  endfacet
  facet normal 0 0 -1
    outer loop
      vertex 235.9 139.5 -2
      vertex 12.1 139.5 -2
      vertex 235.978 139.994 -2
    endloop
  endfacet
  facet normal 0 0 -1
    outer loop
      vertex 12.0217 139.994 -2
      vertex 235.978 139.994 -2
      vertex 12.1 139.5 -2
    endloop
  endfacet
  facet normal 0 0 -1
    outer loop
      vertex 235.978 139.994 -2
      vertex 12.0217 139.994 -2
      vertex 236.206 140.44 -2
    endloop
  endfacet
  facet normal 0 0 -1
    outer loop
      vertex 11.7944 140.44 -2
      vertex 236.206 140.44 -2
      vertex 12.0217 139.994 -2
    endloop
  endfacet
  facet normal 0 0 -1
    outer loop
      vertex 236.206 140.44 -2
      vertex 11.7944 140.44 -2
      vertex 236.56 140.794 -2
    endloop
  endfacet
  facet normal 0 0 -1
    outer loop
      vertex 11.4405 140.794 -2
      vertex 236.56 140.794 -2
      vertex 11.7944 140.44 -2
    endloop
  endfacet
  facet normal 0 0 -1
    outer loop
      vertex 236.56 140.794 -2
      vertex 11.4405 140.794 -2
      vertex 242.3 145.1 -2
    endloop
  endfacet
  facet normal 0 0 -1
    outer loop
      vertex 5.7 145.1 -2
      vertex 11.4405 140.794 -2
      vertex 10.9944 141.022 -2
    endloop
  endfacet
  facet normal 0 0 -1
    outer loop
      vertex 5.7 145.1 -2
      vertex 10.9944 141.022 -2
      vertex 10.5 141.1 -2
    endloop
  endfacet
  facet normal 0 0 -1
    outer loop
      vertex 11.4405 140.794 -2
      vertex 5.7 145.1 -2
      vertex 242.3 145.1 -2
    endloop
  endfacet
  facet normal 0 0 -1
    outer loop
      vertex 10.0056 141.022 -2
      vertex 5.7 145.1 -2
      vertex 10.5 141.1 -2
    endloop
  endfacet
  facet normal 0 0 -1
    outer loop
      vertex 9.55954 140.794 -2
      vertex 5.7 145.1 -2
      vertex 10.0056 141.022 -2
    endloop
  endfacet
  facet normal 0 0 -1
    outer loop
      vertex 9.20557 140.44 -2
      vertex 5.7 145.1 -2
      vertex 9.55954 140.794 -2
    endloop
  endfacet
  facet normal 0 0 -1
    outer loop
      vertex 4.9 144.3 -2
      vertex 9.20557 140.44 -2
      vertex 8.97831 139.994 -2
    endloop
  endfacet
  facet normal 0 0 -1
    outer loop
      vertex 4.9 144.3 -2
      vertex 8.97831 139.994 -2
      vertex 8.9 139.5 -2
    endloop
  endfacet
  facet normal 0 0 -1
    outer loop
      vertex 9.20557 138.56 -2
      vertex 4.9 144.3 -2
      vertex 8.97831 139.006 -2
    endloop
  endfacet
  facet normal 0 0 -1
    outer loop
      vertex 8.97831 139.006 -2
      vertex 4.9 144.3 -2
      vertex 8.9 139.5 -2
    endloop
  endfacet
  facet normal 0 0 -1
    outer loop
      vertex 9.20557 140.44 -2
      vertex 4.9 144.3 -2
      vertex 5.7 145.1 -2
    endloop
  endfacet
  facet normal 0 1 -0
    outer loop
      vertex 242.3 145.1 -2
      vertex 5.7 145.1 0
      vertex 242.3 145.1 0
    endloop
  endfacet
  facet normal 0 1 0
    outer loop
      vertex 5.7 145.1 0
      vertex 242.3 145.1 -2
      vertex 5.7 145.1 -2
    endloop
  endfacet
  facet normal -0.707107 -0.707107 0
    outer loop
      vertex 5.7 4.9 -2
      vertex 4.9 5.7 0
      vertex 4.9 5.7 -2
    endloop
  endfacet
  facet normal -0.707107 -0.707107 0
    outer loop
      vertex 4.9 5.7 0
      vertex 5.7 4.9 -2
      vertex 5.7 4.9 0
    endloop
  endfacet
  facet normal 0.707107 -0.707107 0
    outer loop
      vertex 242.3 4.9 0
      vertex 243.1 5.7 -2
      vertex 243.1 5.7 0
    endloop
  endfacet
  facet normal 0.707107 -0.707107 0
    outer loop
      vertex 243.1 5.7 -2
      vertex 242.3 4.9 0
      vertex 242.3 4.9 -2
    endloop
  endfacet
  facet normal -0.707107 0.707107 0
    outer loop
      vertex 4.9 144.3 -2
      vertex 5.7 145.1 0
      vertex 5.7 145.1 -2
    endloop
  endfacet
  facet normal -0.707107 0.707107 0
    outer loop
      vertex 5.7 145.1 0
      vertex 4.9 144.3 -2
      vertex 4.9 144.3 0
    endloop
  endfacet
  facet normal 0 -1 0
    outer loop
      vertex 5.7 4.9 -2
      vertex 242.3 4.9 0
      vertex 5.7 4.9 0
    endloop
  endfacet
  facet normal 0 -1 -0
    outer loop
      vertex 242.3 4.9 0
      vertex 5.7 4.9 -2
      vertex 242.3 4.9 -2
    endloop
  endfacet
  facet normal 0 0 1
    outer loop
      vertex 19 24.5981 -1
      vertex 19 19.4019 -1
      vertex 20.5 22 -1
    endloop
  endfacet
  facet normal -0 0 1
    outer loop
      vertex 16 24.5981 -1
      vertex 19 19.4019 -1
      vertex 19 24.5981 -1
    endloop
  endfacet
  facet normal 0 0 1
    outer loop
      vertex 16 24.5981 -1
      vertex 16 19.4019 -1
      vertex 19 19.4019 -1
    endloop
  endfacet
  facet normal 0 -0 1
    outer loop
      vertex 16 19.4019 -1
      vertex 16 24.5981 -1
      vertex 14.5 22 -1
    endloop
  endfacet
  facet normal -0.866027 -0.499997 0
    outer loop
      vertex 20.5 22 -1
      vertex 19 24.5981 2
      vertex 19 24.5981 -1
    endloop
  endfacet
  facet normal -0.866027 -0.499997 0
    outer loop
      vertex 19 24.5981 2
      vertex 20.5 22 -1
      vertex 20.5 22 2
    endloop
  endfacet
  facet normal 0 1 -0
    outer loop
      vertex 19 19.4019 -1
      vertex 16 19.4019 2
      vertex 19 19.4019 2
    endloop
  endfacet
  facet normal 0 1 0
    outer loop
      vertex 16 19.4019 2
      vertex 19 19.4019 -1
      vertex 16 19.4019 -1
    endloop
  endfacet
  facet normal 0.866027 -0.499997 0
    outer loop
      vertex 14.5 22 2
      vertex 16 24.5981 -1
      vertex 16 24.5981 2
    endloop
  endfacet
  facet normal 0.866027 -0.499997 0
    outer loop
      vertex 16 24.5981 -1
      vertex 14.5 22 2
      vertex 14.5 22 -1
    endloop
  endfacet
  facet normal 0 -1 0
    outer loop
      vertex 16 24.5981 -1
      vertex 19 24.5981 2
      vertex 16 24.5981 2
    endloop
  endfacet
  facet normal 0 -1 -0
    outer loop
      vertex 19 24.5981 2
      vertex 16 24.5981 -1
      vertex 19 24.5981 -1
    endloop
  endfacet
  facet normal 0.866027 0.499997 0
    outer loop
      vertex 16 19.4019 2
      vertex 14.5 22 -1
      vertex 14.5 22 2
    endloop
  endfacet
  facet normal 0.866027 0.499997 0
    outer loop
      vertex 14.5 22 -1
      vertex 16 19.4019 2
      vertex 16 19.4019 -1
    endloop
  endfacet
  facet normal -0.866027 0.499997 0
    outer loop
      vertex 19 19.4019 -1
      vertex 20.5 22 2
      vertex 20.5 22 -1
    endloop
  endfacet
  facet normal -0.866027 0.499997 0
    outer loop
      vertex 20.5 22 2
      vertex 19 19.4019 -1
      vertex 19 19.4019 2
    endloop
  endfacet
  facet normal 0 0 1
    outer loop
      vertex 19 33.5981 -1
      vertex 19 28.4019 -1
      vertex 20.5 31 -1
    endloop
  endfacet
  facet normal -0 0 1
    outer loop
      vertex 16 33.5981 -1
      vertex 19 28.4019 -1
      vertex 19 33.5981 -1
    endloop
  endfacet
  facet normal 0 0 1
    outer loop
      vertex 16 33.5981 -1
      vertex 16 28.4019 -1
      vertex 19 28.4019 -1
    endloop
  endfacet
  facet normal 0 -0 1
    outer loop
      vertex 16 28.4019 -1
      vertex 16 33.5981 -1
      vertex 14.5 31 -1
    endloop
  endfacet
  facet normal -0.866027 -0.499997 0
    outer loop
      vertex 20.5 31 -1
      vertex 19 33.5981 2
      vertex 19 33.5981 -1
    endloop
  endfacet
  facet normal -0.866027 -0.499997 0
    outer loop
      vertex 19 33.5981 2
      vertex 20.5 31 -1
      vertex 20.5 31 2
    endloop
  endfacet
  facet normal 0 1 -0
    outer loop
      vertex 19 28.4019 -1
      vertex 16 28.4019 2
      vertex 19 28.4019 2
    endloop
  endfacet
  facet normal 0 1 0
    outer loop
      vertex 16 28.4019 2
      vertex 19 28.4019 -1
      vertex 16 28.4019 -1
    endloop
  endfacet
  facet normal 0.866027 -0.499997 0
    outer loop
      vertex 14.5 31 2
      vertex 16 33.5981 -1
      vertex 16 33.5981 2
    endloop
  endfacet
  facet normal 0.866027 -0.499997 0
    outer loop
      vertex 16 33.5981 -1
      vertex 14.5 31 2
      vertex 14.5 31 -1
    endloop
  endfacet
  facet normal 0 -1 0
    outer loop
      vertex 16 33.5981 -1
      vertex 19 33.5981 2
      vertex 16 33.5981 2
    endloop
  endfacet
  facet normal 0 -1 -0
    outer loop
      vertex 19 33.5981 2
      vertex 16 33.5981 -1
      vertex 19 33.5981 -1
    endloop
  endfacet
  facet normal 0.866027 0.499997 0
    outer loop
      vertex 16 28.4019 2
      vertex 14.5 31 -1
      vertex 14.5 31 2
    endloop
  endfacet
  facet normal 0.866027 0.499997 0
    outer loop
      vertex 14.5 31 -1
      vertex 16 28.4019 2
      vertex 16 28.4019 -1
    endloop
  endfacet
  facet normal -0.866027 0.499997 0
    outer loop
      vertex 19 28.4019 -1
      vertex 20.5 31 2
      vertex 20.5 31 -1
    endloop
  endfacet
  facet normal -0.866027 0.499997 0
    outer loop
      vertex 20.5 31 2
      vertex 19 28.4019 -1
      vertex 19 28.4019 2
    endloop
  endfacet
  facet normal 0 0 1
    outer loop
      vertex 19 42.5981 -1
      vertex 19 37.4019 -1
      vertex 20.5 40 -1
    endloop
  endfacet
  facet normal -0 0 1
    outer loop
      vertex 16 42.5981 -1
      vertex 19 37.4019 -1
      vertex 19 42.5981 -1
    endloop
  endfacet
  facet normal 0 0 1
    outer loop
      vertex 16 42.5981 -1
      vertex 16 37.4019 -1
      vertex 19 37.4019 -1
    endloop
  endfacet
  facet normal 0 -0 1
    outer loop
      vertex 16 37.4019 -1
      vertex 16 42.5981 -1
      vertex 14.5 40 -1
    endloop
  endfacet
  facet normal -0.866027 -0.499997 0
    outer loop
      vertex 20.5 40 -1
      vertex 19 42.5981 2
      vertex 19 42.5981 -1
    endloop
  endfacet
  facet normal -0.866027 -0.499997 0
    outer loop
      vertex 19 42.5981 2
      vertex 20.5 40 -1
      vertex 20.5 40 2
    endloop
  endfacet
  facet normal 0 1 -0
    outer loop
      vertex 19 37.4019 -1
      vertex 16 37.4019 2
      vertex 19 37.4019 2
    endloop
  endfacet
  facet normal 0 1 0
    outer loop
      vertex 16 37.4019 2
      vertex 19 37.4019 -1
      vertex 16 37.4019 -1
    endloop
  endfacet
  facet normal 0.866027 -0.499997 0
    outer loop
      vertex 14.5 40 2
      vertex 16 42.5981 -1
      vertex 16 42.5981 2
    endloop
  endfacet
  facet normal 0.866027 -0.499997 0
    outer loop
      vertex 16 42.5981 -1
      vertex 14.5 40 2
      vertex 14.5 40 -1
    endloop
  endfacet
  facet normal 0 -1 0
    outer loop
      vertex 16 42.5981 -1
      vertex 19 42.5981 2
      vertex 16 42.5981 2
    endloop
  endfacet
  facet normal 0 -1 -0
    outer loop
      vertex 19 42.5981 2
      vertex 16 42.5981 -1
      vertex 19 42.5981 -1
    endloop
  endfacet
  facet normal 0.866027 0.499997 0
    outer loop
      vertex 16 37.4019 2
      vertex 14.5 40 -1
      vertex 14.5 40 2
    endloop
  endfacet
  facet normal 0.866027 0.499997 0
    outer loop
      vertex 14.5 40 -1
      vertex 16 37.4019 2
      vertex 16 37.4019 -1
    endloop
  endfacet
  facet normal -0.866027 0.499997 0
    outer loop
      vertex 19 37.4019 -1
      vertex 20.5 40 2
      vertex 20.5 40 -1
    endloop
  endfacet
  facet normal -0.866027 0.499997 0
    outer loop
      vertex 20.5 40 2
      vertex 19 37.4019 -1
      vertex 19 37.4019 2
    endloop
  endfacet
  facet normal 0 0 1
    outer loop
      vertex 19 51.5981 -1
      vertex 19 46.4019 -1
      vertex 20.5 49 -1
    endloop
  endfacet
  facet normal -0 0 1
    outer loop
      vertex 16 51.5981 -1
      vertex 19 46.4019 -1
      vertex 19 51.5981 -1
    endloop
  endfacet
  facet normal 0 0 1
    outer loop
      vertex 16 51.5981 -1
      vertex 16 46.4019 -1
      vertex 19 46.4019 -1
    endloop
  endfacet
  facet normal 0 -0 1
    outer loop
      vertex 16 46.4019 -1
      vertex 16 51.5981 -1
      vertex 14.5 49 -1
    endloop
  endfacet
  facet normal -0.866027 -0.499997 0
    outer loop
      vertex 20.5 49 -1
      vertex 19 51.5981 2
      vertex 19 51.5981 -1
    endloop
  endfacet
  facet normal -0.866027 -0.499997 0
    outer loop
      vertex 19 51.5981 2
      vertex 20.5 49 -1
      vertex 20.5 49 2
    endloop
  endfacet
  facet normal 0 1 -0
    outer loop
      vertex 19 46.4019 -1
      vertex 16 46.4019 2
      vertex 19 46.4019 2
    endloop
  endfacet
  facet normal 0 1 0
    outer loop
      vertex 16 46.4019 2
      vertex 19 46.4019 -1
      vertex 16 46.4019 -1
    endloop
  endfacet
  facet normal 0.866027 -0.499997 0
    outer loop
      vertex 14.5 49 2
      vertex 16 51.5981 -1
      vertex 16 51.5981 2
    endloop
  endfacet
  facet normal 0.866027 -0.499997 0
    outer loop
      vertex 16 51.5981 -1
      vertex 14.5 49 2
      vertex 14.5 49 -1
    endloop
  endfacet
  facet normal 0 -1 0
    outer loop
      vertex 16 51.5981 -1
      vertex 19 51.5981 2
      vertex 16 51.5981 2
    endloop
  endfacet
  facet normal 0 -1 -0
    outer loop
      vertex 19 51.5981 2
      vertex 16 51.5981 -1
      vertex 19 51.5981 -1
    endloop
  endfacet
  facet normal 0.866027 0.499997 0
    outer loop
      vertex 16 46.4019 2
      vertex 14.5 49 -1
      vertex 14.5 49 2
    endloop
  endfacet
  facet normal 0.866027 0.499997 0
    outer loop
      vertex 14.5 49 -1
      vertex 16 46.4019 2
      vertex 16 46.4019 -1
    endloop
  endfacet
  facet normal -0.866027 0.499997 0
    outer loop
      vertex 19 46.4019 -1
      vertex 20.5 49 2
      vertex 20.5 49 -1
    endloop
  endfacet
  facet normal -0.866027 0.499997 0
    outer loop
      vertex 20.5 49 2
      vertex 19 46.4019 -1
      vertex 19 46.4019 2
    endloop
  endfacet
  facet normal 0 0 1
    outer loop
      vertex 19 60.5981 -1
      vertex 19 55.4019 -1
      vertex 20.5 58 -1
    endloop
  endfacet
  facet normal -0 0 1
    outer loop
      vertex 16 60.5981 -1
      vertex 19 55.4019 -1
      vertex 19 60.5981 -1
    endloop
  endfacet
  facet normal 0 0 1
    outer loop
      vertex 16 60.5981 -1
      vertex 16 55.4019 -1
      vertex 19 55.4019 -1
    endloop
  endfacet
  facet normal 0 -0 1
    outer loop
      vertex 16 55.4019 -1
      vertex 16 60.5981 -1
      vertex 14.5 58 -1
    endloop
  endfacet
  facet normal -0.866027 -0.499997 0
    outer loop
      vertex 20.5 58 -1
      vertex 19 60.5981 2
      vertex 19 60.5981 -1
    endloop
  endfacet
  facet normal -0.866027 -0.499997 0
    outer loop
      vertex 19 60.5981 2
      vertex 20.5 58 -1
      vertex 20.5 58 2
    endloop
  endfacet
  facet normal 0 1 -0
    outer loop
      vertex 19 55.4019 -1
      vertex 16 55.4019 2
      vertex 19 55.4019 2
    endloop
  endfacet
  facet normal 0 1 0
    outer loop
      vertex 16 55.4019 2
      vertex 19 55.4019 -1
      vertex 16 55.4019 -1
    endloop
  endfacet
  facet normal 0.866027 -0.499997 0
    outer loop
      vertex 14.5 58 2
      vertex 16 60.5981 -1
      vertex 16 60.5981 2
    endloop
  endfacet
  facet normal 0.866027 -0.499997 0
    outer loop
      vertex 16 60.5981 -1
      vertex 14.5 58 2
      vertex 14.5 58 -1
    endloop
  endfacet
  facet normal 0 -1 0
    outer loop
      vertex 16 60.5981 -1
      vertex 19 60.5981 2
      vertex 16 60.5981 2
    endloop
  endfacet
  facet normal 0 -1 -0
    outer loop
      vertex 19 60.5981 2
      vertex 16 60.5981 -1
      vertex 19 60.5981 -1
    endloop
  endfacet
  facet normal 0.866027 0.499997 0
    outer loop
      vertex 16 55.4019 2
      vertex 14.5 58 -1
      vertex 14.5 58 2
    endloop
  endfacet
  facet normal 0.866027 0.499997 0
    outer loop
      vertex 14.5 58 -1
      vertex 16 55.4019 2
      vertex 16 55.4019 -1
    endloop
  endfacet
  facet normal -0.866027 0.499997 0
    outer loop
      vertex 19 55.4019 -1
      vertex 20.5 58 2
      vertex 20.5 58 -1
    endloop
  endfacet
  facet normal -0.866027 0.499997 0
    outer loop
      vertex 20.5 58 2
      vertex 19 55.4019 -1
      vertex 19 55.4019 2
    endloop
  endfacet
  facet normal 0 0 1
    outer loop
      vertex 19 69.5981 -1
      vertex 19 64.4019 -1
      vertex 20.5 67 -1
    endloop
  endfacet
  facet normal -0 0 1
    outer loop
      vertex 16 69.5981 -1
      vertex 19 64.4019 -1
      vertex 19 69.5981 -1
    endloop
  endfacet
  facet normal 0 0 1
    outer loop
      vertex 16 69.5981 -1
      vertex 16 64.4019 -1
      vertex 19 64.4019 -1
    endloop
  endfacet
  facet normal 0 -0 1
    outer loop
      vertex 16 64.4019 -1
      vertex 16 69.5981 -1
      vertex 14.5 67 -1
    endloop
  endfacet
  facet normal -0.866027 -0.499997 0
    outer loop
      vertex 20.5 67 -1
      vertex 19 69.5981 2
      vertex 19 69.5981 -1
    endloop
  endfacet
  facet normal -0.866027 -0.499997 0
    outer loop
      vertex 19 69.5981 2
      vertex 20.5 67 -1
      vertex 20.5 67 2
    endloop
  endfacet
  facet normal 0 1 -0
    outer loop
      vertex 19 64.4019 -1
      vertex 16 64.4019 2
      vertex 19 64.4019 2
    endloop
  endfacet
  facet normal 0 1 0
    outer loop
      vertex 16 64.4019 2
      vertex 19 64.4019 -1
      vertex 16 64.4019 -1
    endloop
  endfacet
  facet normal 0.866027 -0.499997 0
    outer loop
      vertex 14.5 67 2
      vertex 16 69.5981 -1
      vertex 16 69.5981 2
    endloop
  endfacet
  facet normal 0.866027 -0.499997 0
    outer loop
      vertex 16 69.5981 -1
      vertex 14.5 67 2
      vertex 14.5 67 -1
    endloop
  endfacet
  facet normal 0 -1 0
    outer loop
      vertex 16 69.5981 -1
      vertex 19 69.5981 2
      vertex 16 69.5981 2
    endloop
  endfacet
  facet normal 0 -1 -0
    outer loop
      vertex 19 69.5981 2
      vertex 16 69.5981 -1
      vertex 19 69.5981 -1
    endloop
  endfacet
  facet normal 0.866027 0.499997 0
    outer loop
      vertex 16 64.4019 2
      vertex 14.5 67 -1
      vertex 14.5 67 2
    endloop
  endfacet
  facet normal 0.866027 0.499997 0
    outer loop
      vertex 14.5 67 -1
      vertex 16 64.4019 2
      vertex 16 64.4019 -1
    endloop
  endfacet
  facet normal -0.866027 0.499997 0
    outer loop
      vertex 19 64.4019 -1
      vertex 20.5 67 2
      vertex 20.5 67 -1
    endloop
  endfacet
  facet normal -0.866027 0.499997 0
    outer loop
      vertex 20.5 67 2
      vertex 19 64.4019 -1
      vertex 19 64.4019 2
    endloop
  endfacet
  facet normal 0 0 1
    outer loop
      vertex 19 78.5981 -1
      vertex 19 73.4019 -1
      vertex 20.5 76 -1
    endloop
  endfacet
  facet normal -0 0 1
    outer loop
      vertex 16 78.5981 -1
      vertex 19 73.4019 -1
      vertex 19 78.5981 -1
    endloop
  endfacet
  facet normal 0 0 1
    outer loop
      vertex 16 78.5981 -1
      vertex 16 73.4019 -1
      vertex 19 73.4019 -1
    endloop
  endfacet
  facet normal 0 -0 1
    outer loop
      vertex 16 73.4019 -1
      vertex 16 78.5981 -1
      vertex 14.5 76 -1
    endloop
  endfacet
  facet normal -0.866027 -0.499997 0
    outer loop
      vertex 20.5 76 -1
      vertex 19 78.5981 2
      vertex 19 78.5981 -1
    endloop
  endfacet
  facet normal -0.866027 -0.499997 0
    outer loop
      vertex 19 78.5981 2
      vertex 20.5 76 -1
      vertex 20.5 76 2
    endloop
  endfacet
  facet normal 0 1 -0
    outer loop
      vertex 19 73.4019 -1
      vertex 16 73.4019 2
      vertex 19 73.4019 2
    endloop
  endfacet
  facet normal 0 1 0
    outer loop
      vertex 16 73.4019 2
      vertex 19 73.4019 -1
      vertex 16 73.4019 -1
    endloop
  endfacet
  facet normal 0.866027 -0.499997 0
    outer loop
      vertex 14.5 76 2
      vertex 16 78.5981 -1
      vertex 16 78.5981 2
    endloop
  endfacet
  facet normal 0.866027 -0.499997 0
    outer loop
      vertex 16 78.5981 -1
      vertex 14.5 76 2
      vertex 14.5 76 -1
    endloop
  endfacet
  facet normal 0 -1 0
    outer loop
      vertex 16 78.5981 -1
      vertex 19 78.5981 2
      vertex 16 78.5981 2
    endloop
  endfacet
  facet normal 0 -1 -0
    outer loop
      vertex 19 78.5981 2
      vertex 16 78.5981 -1
      vertex 19 78.5981 -1
    endloop
  endfacet
  facet normal 0.866027 0.499997 0
    outer loop
      vertex 16 73.4019 2
      vertex 14.5 76 -1
      vertex 14.5 76 2
    endloop
  endfacet
  facet normal 0.866027 0.499997 0
    outer loop
      vertex 14.5 76 -1
      vertex 16 73.4019 2
      vertex 16 73.4019 -1
    endloop
  endfacet
  facet normal -0.866027 0.499997 0
    outer loop
      vertex 19 73.4019 -1
      vertex 20.5 76 2
      vertex 20.5 76 -1
    endloop
  endfacet
  facet normal -0.866027 0.499997 0
    outer loop
      vertex 20.5 76 2
      vertex 19 73.4019 -1
      vertex 19 73.4019 2
    endloop
  endfacet
  facet normal 0 0 1
    outer loop
      vertex 19 87.5981 -1
      vertex 19 82.4019 -1
      vertex 20.5 85 -1
    endloop
  endfacet
  facet normal -0 0 1
    outer loop
      vertex 16 87.5981 -1
      vertex 19 82.4019 -1
      vertex 19 87.5981 -1
    endloop
  endfacet
  facet normal 0 0 1
    outer loop
      vertex 16 87.5981 -1
      vertex 16 82.4019 -1
      vertex 19 82.4019 -1
    endloop
  endfacet
  facet normal 0 -0 1
    outer loop
      vertex 16 82.4019 -1
      vertex 16 87.5981 -1
      vertex 14.5 85 -1
    endloop
  endfacet
  facet normal -0.866027 -0.499997 0
    outer loop
      vertex 20.5 85 -1
      vertex 19 87.5981 2
      vertex 19 87.5981 -1
    endloop
  endfacet
  facet normal -0.866027 -0.499997 0
    outer loop
      vertex 19 87.5981 2
      vertex 20.5 85 -1
      vertex 20.5 85 2
    endloop
  endfacet
  facet normal 0 1 -0
    outer loop
      vertex 19 82.4019 -1
      vertex 16 82.4019 2
      vertex 19 82.4019 2
    endloop
  endfacet
  facet normal 0 1 0
    outer loop
      vertex 16 82.4019 2
      vertex 19 82.4019 -1
      vertex 16 82.4019 -1
    endloop
  endfacet
  facet normal 0.866027 -0.499997 0
    outer loop
      vertex 14.5 85 2
      vertex 16 87.5981 -1
      vertex 16 87.5981 2
    endloop
  endfacet
  facet normal 0.866027 -0.499997 0
    outer loop
      vertex 16 87.5981 -1
      vertex 14.5 85 2
      vertex 14.5 85 -1
    endloop
  endfacet
  facet normal 0 -1 0
    outer loop
      vertex 16 87.5981 -1
      vertex 19 87.5981 2
      vertex 16 87.5981 2
    endloop
  endfacet
  facet normal 0 -1 -0
    outer loop
      vertex 19 87.5981 2
      vertex 16 87.5981 -1
      vertex 19 87.5981 -1
    endloop
  endfacet
  facet normal 0.866027 0.499997 0
    outer loop
      vertex 16 82.4019 2
      vertex 14.5 85 -1
      vertex 14.5 85 2
    endloop
  endfacet
  facet normal 0.866027 0.499997 0
    outer loop
      vertex 14.5 85 -1
      vertex 16 82.4019 2
      vertex 16 82.4019 -1
    endloop
  endfacet
  facet normal -0.866027 0.499997 0
    outer loop
      vertex 19 82.4019 -1
      vertex 20.5 85 2
      vertex 20.5 85 -1
    endloop
  endfacet
  facet normal -0.866027 0.499997 0
    outer loop
      vertex 20.5 85 2
      vertex 19 82.4019 -1
      vertex 19 82.4019 2
    endloop
  endfacet
  facet normal 0 0 1
    outer loop
      vertex 28 20.0981 -1
      vertex 28 14.9019 -1
      vertex 29.5 17.5 -1
    endloop
  endfacet
  facet normal -0 0 1
    outer loop
      vertex 25 20.0981 -1
      vertex 28 14.9019 -1
      vertex 28 20.0981 -1
    endloop
  endfacet
  facet normal 0 0 1
    outer loop
      vertex 25 20.0981 -1
      vertex 25 14.9019 -1
      vertex 28 14.9019 -1
    endloop
  endfacet
  facet normal 0 -0 1
    outer loop
      vertex 25 14.9019 -1
      vertex 25 20.0981 -1
      vertex 23.5 17.5 -1
    endloop
  endfacet
  facet normal -0.866027 -0.499997 0
    outer loop
      vertex 29.5 17.5 -1
      vertex 28 20.0981 2
      vertex 28 20.0981 -1
    endloop
  endfacet
  facet normal -0.866027 -0.499997 0
    outer loop
      vertex 28 20.0981 2
      vertex 29.5 17.5 -1
      vertex 29.5 17.5 2
    endloop
  endfacet
  facet normal 0 1 -0
    outer loop
      vertex 28 14.9019 -1
      vertex 25 14.9019 2
      vertex 28 14.9019 2
    endloop
  endfacet
  facet normal 0 1 0
    outer loop
      vertex 25 14.9019 2
      vertex 28 14.9019 -1
      vertex 25 14.9019 -1
    endloop
  endfacet
  facet normal 0.866027 -0.499997 0
    outer loop
      vertex 23.5 17.5 2
      vertex 25 20.0981 -1
      vertex 25 20.0981 2
    endloop
  endfacet
  facet normal 0.866027 -0.499997 0
    outer loop
      vertex 25 20.0981 -1
      vertex 23.5 17.5 2
      vertex 23.5 17.5 -1
    endloop
  endfacet
  facet normal 0 -1 0
    outer loop
      vertex 25 20.0981 -1
      vertex 28 20.0981 2
      vertex 25 20.0981 2
    endloop
  endfacet
  facet normal 0 -1 -0
    outer loop
      vertex 28 20.0981 2
      vertex 25 20.0981 -1
      vertex 28 20.0981 -1
    endloop
  endfacet
  facet normal 0.866027 0.499997 0
    outer loop
      vertex 25 14.9019 2
      vertex 23.5 17.5 -1
      vertex 23.5 17.5 2
    endloop
  endfacet
  facet normal 0.866027 0.499997 0
    outer loop
      vertex 23.5 17.5 -1
      vertex 25 14.9019 2
      vertex 25 14.9019 -1
    endloop
  endfacet
  facet normal -0.866027 0.499997 0
    outer loop
      vertex 28 14.9019 -1
      vertex 29.5 17.5 2
      vertex 29.5 17.5 -1
    endloop
  endfacet
  facet normal -0.866027 0.499997 0
    outer loop
      vertex 29.5 17.5 2
      vertex 28 14.9019 -1
      vertex 28 14.9019 2
    endloop
  endfacet
  facet normal 0 0 1
    outer loop
      vertex 28 29.0981 -1
      vertex 28 23.9019 -1
      vertex 29.5 26.5 -1
    endloop
  endfacet
  facet normal -0 0 1
    outer loop
      vertex 25 29.0981 -1
      vertex 28 23.9019 -1
      vertex 28 29.0981 -1
    endloop
  endfacet
  facet normal 0 0 1
    outer loop
      vertex 25 29.0981 -1
      vertex 25 23.9019 -1
      vertex 28 23.9019 -1
    endloop
  endfacet
  facet normal 0 -0 1
    outer loop
      vertex 25 23.9019 -1
      vertex 25 29.0981 -1
      vertex 23.5 26.5 -1
    endloop
  endfacet
  facet normal -0.866027 -0.499997 0
    outer loop
      vertex 29.5 26.5 -1
      vertex 28 29.0981 2
      vertex 28 29.0981 -1
    endloop
  endfacet
  facet normal -0.866027 -0.499997 0
    outer loop
      vertex 28 29.0981 2
      vertex 29.5 26.5 -1
      vertex 29.5 26.5 2
    endloop
  endfacet
  facet normal 0 1 -0
    outer loop
      vertex 28 23.9019 -1
      vertex 25 23.9019 2
      vertex 28 23.9019 2
    endloop
  endfacet
  facet normal 0 1 0
    outer loop
      vertex 25 23.9019 2
      vertex 28 23.9019 -1
      vertex 25 23.9019 -1
    endloop
  endfacet
  facet normal 0.866027 -0.499997 0
    outer loop
      vertex 23.5 26.5 2
      vertex 25 29.0981 -1
      vertex 25 29.0981 2
    endloop
  endfacet
  facet normal 0.866027 -0.499997 0
    outer loop
      vertex 25 29.0981 -1
      vertex 23.5 26.5 2
      vertex 23.5 26.5 -1
    endloop
  endfacet
  facet normal 0 -1 0
    outer loop
      vertex 25 29.0981 -1
      vertex 28 29.0981 2
      vertex 25 29.0981 2
    endloop
  endfacet
  facet normal 0 -1 -0
    outer loop
      vertex 28 29.0981 2
      vertex 25 29.0981 -1
      vertex 28 29.0981 -1
    endloop
  endfacet
  facet normal 0.866027 0.499997 0
    outer loop
      vertex 25 23.9019 2
      vertex 23.5 26.5 -1
      vertex 23.5 26.5 2
    endloop
  endfacet
  facet normal 0.866027 0.499997 0
    outer loop
      vertex 23.5 26.5 -1
      vertex 25 23.9019 2
      vertex 25 23.9019 -1
    endloop
  endfacet
  facet normal -0.866027 0.499997 0
    outer loop
      vertex 28 23.9019 -1
      vertex 29.5 26.5 2
      vertex 29.5 26.5 -1
    endloop
  endfacet
  facet normal -0.866027 0.499997 0
    outer loop
      vertex 29.5 26.5 2
      vertex 28 23.9019 -1
      vertex 28 23.9019 2
    endloop
  endfacet
  facet normal 0 0 1
    outer loop
      vertex 28 38.0981 -1
      vertex 28 32.9019 -1
      vertex 29.5 35.5 -1
    endloop
  endfacet
  facet normal -0 0 1
    outer loop
      vertex 25 38.0981 -1
      vertex 28 32.9019 -1
      vertex 28 38.0981 -1
    endloop
  endfacet
  facet normal 0 0 1
    outer loop
      vertex 25 38.0981 -1
      vertex 25 32.9019 -1
      vertex 28 32.9019 -1
    endloop
  endfacet
  facet normal 0 -0 1
    outer loop
      vertex 25 32.9019 -1
      vertex 25 38.0981 -1
      vertex 23.5 35.5 -1
    endloop
  endfacet
  facet normal -0.866027 -0.499997 0
    outer loop
      vertex 29.5 35.5 -1
      vertex 28 38.0981 2
      vertex 28 38.0981 -1
    endloop
  endfacet
  facet normal -0.866027 -0.499997 0
    outer loop
      vertex 28 38.0981 2
      vertex 29.5 35.5 -1
      vertex 29.5 35.5 2
    endloop
  endfacet
  facet normal 0 1 -0
    outer loop
      vertex 28 32.9019 -1
      vertex 25 32.9019 2
      vertex 28 32.9019 2
    endloop
  endfacet
  facet normal 0 1 0
    outer loop
      vertex 25 32.9019 2
      vertex 28 32.9019 -1
      vertex 25 32.9019 -1
    endloop
  endfacet
  facet normal 0.866027 -0.499997 0
    outer loop
      vertex 23.5 35.5 2
      vertex 25 38.0981 -1
      vertex 25 38.0981 2
    endloop
  endfacet
  facet normal 0.866027 -0.499997 0
    outer loop
      vertex 25 38.0981 -1
      vertex 23.5 35.5 2
      vertex 23.5 35.5 -1
    endloop
  endfacet
  facet normal 0 -1 0
    outer loop
      vertex 25 38.0981 -1
      vertex 28 38.0981 2
      vertex 25 38.0981 2
    endloop
  endfacet
  facet normal 0 -1 -0
    outer loop
      vertex 28 38.0981 2
      vertex 25 38.0981 -1
      vertex 28 38.0981 -1
    endloop
  endfacet
  facet normal 0.866027 0.499997 0
    outer loop
      vertex 25 32.9019 2
      vertex 23.5 35.5 -1
      vertex 23.5 35.5 2
    endloop
  endfacet
  facet normal 0.866027 0.499997 0
    outer loop
      vertex 23.5 35.5 -1
      vertex 25 32.9019 2
      vertex 25 32.9019 -1
    endloop
  endfacet
  facet normal -0.866027 0.499997 0
    outer loop
      vertex 28 32.9019 -1
      vertex 29.5 35.5 2
      vertex 29.5 35.5 -1
    endloop
  endfacet
  facet normal -0.866027 0.499997 0
    outer loop
      vertex 29.5 35.5 2
      vertex 28 32.9019 -1
      vertex 28 32.9019 2
    endloop
  endfacet
  facet normal 0 0 1
    outer loop
      vertex 28 47.0981 -1
      vertex 28 41.9019 -1
      vertex 29.5 44.5 -1
    endloop
  endfacet
  facet normal -0 0 1
    outer loop
      vertex 25 47.0981 -1
      vertex 28 41.9019 -1
      vertex 28 47.0981 -1
    endloop
  endfacet
  facet normal 0 0 1
    outer loop
      vertex 25 47.0981 -1
      vertex 25 41.9019 -1
      vertex 28 41.9019 -1
    endloop
  endfacet
  facet normal 0 -0 1
    outer loop
      vertex 25 41.9019 -1
      vertex 25 47.0981 -1
      vertex 23.5 44.5 -1
    endloop
  endfacet
  facet normal -0.866027 -0.499997 0
    outer loop
      vertex 29.5 44.5 -1
      vertex 28 47.0981 2
      vertex 28 47.0981 -1
    endloop
  endfacet
  facet normal -0.866027 -0.499997 0
    outer loop
      vertex 28 47.0981 2
      vertex 29.5 44.5 -1
      vertex 29.5 44.5 2
    endloop
  endfacet
  facet normal 0 1 -0
    outer loop
      vertex 28 41.9019 -1
      vertex 25 41.9019 2
      vertex 28 41.9019 2
    endloop
  endfacet
  facet normal 0 1 0
    outer loop
      vertex 25 41.9019 2
      vertex 28 41.9019 -1
      vertex 25 41.9019 -1
    endloop
  endfacet
  facet normal 0.866027 -0.499997 0
    outer loop
      vertex 23.5 44.5 2
      vertex 25 47.0981 -1
      vertex 25 47.0981 2
    endloop
  endfacet
  facet normal 0.866027 -0.499997 0
    outer loop
      vertex 25 47.0981 -1
      vertex 23.5 44.5 2
      vertex 23.5 44.5 -1
    endloop
  endfacet
  facet normal 0 -1 0
    outer loop
      vertex 25 47.0981 -1
      vertex 28 47.0981 2
      vertex 25 47.0981 2
    endloop
  endfacet
  facet normal 0 -1 -0
    outer loop
      vertex 28 47.0981 2
      vertex 25 47.0981 -1
      vertex 28 47.0981 -1
    endloop
  endfacet
  facet normal 0.866027 0.499997 0
    outer loop
      vertex 25 41.9019 2
      vertex 23.5 44.5 -1
      vertex 23.5 44.5 2
    endloop
  endfacet
  facet normal 0.866027 0.499997 0
    outer loop
      vertex 23.5 44.5 -1
      vertex 25 41.9019 2
      vertex 25 41.9019 -1
    endloop
  endfacet
  facet normal -0.866027 0.499997 0
    outer loop
      vertex 28 41.9019 -1
      vertex 29.5 44.5 2
      vertex 29.5 44.5 -1
    endloop
  endfacet
  facet normal -0.866027 0.499997 0
    outer loop
      vertex 29.5 44.5 2
      vertex 28 41.9019 -1
      vertex 28 41.9019 2
    endloop
  endfacet
  facet normal 0 0 1
    outer loop
      vertex 28 56.0981 -1
      vertex 28 50.9019 -1
      vertex 29.5 53.5 -1
    endloop
  endfacet
  facet normal -0 0 1
    outer loop
      vertex 25 56.0981 -1
      vertex 28 50.9019 -1
      vertex 28 56.0981 -1
    endloop
  endfacet
  facet normal 0 0 1
    outer loop
      vertex 25 56.0981 -1
      vertex 25 50.9019 -1
      vertex 28 50.9019 -1
    endloop
  endfacet
  facet normal 0 -0 1
    outer loop
      vertex 25 50.9019 -1
      vertex 25 56.0981 -1
      vertex 23.5 53.5 -1
    endloop
  endfacet
  facet normal -0.866027 -0.499997 0
    outer loop
      vertex 29.5 53.5 -1
      vertex 28 56.0981 2
      vertex 28 56.0981 -1
    endloop
  endfacet
  facet normal -0.866027 -0.499997 0
    outer loop
      vertex 28 56.0981 2
      vertex 29.5 53.5 -1
      vertex 29.5 53.5 2
    endloop
  endfacet
  facet normal 0 1 -0
    outer loop
      vertex 28 50.9019 -1
      vertex 25 50.9019 2
      vertex 28 50.9019 2
    endloop
  endfacet
  facet normal 0 1 0
    outer loop
      vertex 25 50.9019 2
      vertex 28 50.9019 -1
      vertex 25 50.9019 -1
    endloop
  endfacet
  facet normal 0.866027 -0.499997 0
    outer loop
      vertex 23.5 53.5 2
      vertex 25 56.0981 -1
      vertex 25 56.0981 2
    endloop
  endfacet
  facet normal 0.866027 -0.499997 0
    outer loop
      vertex 25 56.0981 -1
      vertex 23.5 53.5 2
      vertex 23.5 53.5 -1
    endloop
  endfacet
  facet normal 0 -1 0
    outer loop
      vertex 25 56.0981 -1
      vertex 28 56.0981 2
      vertex 25 56.0981 2
    endloop
  endfacet
  facet normal 0 -1 -0
    outer loop
      vertex 28 56.0981 2
      vertex 25 56.0981 -1
      vertex 28 56.0981 -1
    endloop
  endfacet
  facet normal 0.866027 0.499997 0
    outer loop
      vertex 25 50.9019 2
      vertex 23.5 53.5 -1
      vertex 23.5 53.5 2
    endloop
  endfacet
  facet normal 0.866027 0.499997 0
    outer loop
      vertex 23.5 53.5 -1
      vertex 25 50.9019 2
      vertex 25 50.9019 -1
    endloop
  endfacet
  facet normal -0.866027 0.499997 0
    outer loop
      vertex 28 50.9019 -1
      vertex 29.5 53.5 2
      vertex 29.5 53.5 -1
    endloop
  endfacet
  facet normal -0.866027 0.499997 0
    outer loop
      vertex 29.5 53.5 2
      vertex 28 50.9019 -1
      vertex 28 50.9019 2
    endloop
  endfacet
  facet normal 0 0 1
    outer loop
      vertex 28 65.0981 -1
      vertex 28 59.9019 -1
      vertex 29.5 62.5 -1
    endloop
  endfacet
  facet normal -0 0 1
    outer loop
      vertex 25 65.0981 -1
      vertex 28 59.9019 -1
      vertex 28 65.0981 -1
    endloop
  endfacet
  facet normal 0 0 1
    outer loop
      vertex 25 65.0981 -1
      vertex 25 59.9019 -1
      vertex 28 59.9019 -1
    endloop
  endfacet
  facet normal 0 -0 1
    outer loop
      vertex 25 59.9019 -1
      vertex 25 65.0981 -1
      vertex 23.5 62.5 -1
    endloop
  endfacet
  facet normal -0.866027 -0.499997 0
    outer loop
      vertex 29.5 62.5 -1
      vertex 28 65.0981 2
      vertex 28 65.0981 -1
    endloop
  endfacet
  facet normal -0.866027 -0.499997 0
    outer loop
      vertex 28 65.0981 2
      vertex 29.5 62.5 -1
      vertex 29.5 62.5 2
    endloop
  endfacet
  facet normal 0 1 -0
    outer loop
      vertex 28 59.9019 -1
      vertex 25 59.9019 2
      vertex 28 59.9019 2
    endloop
  endfacet
  facet normal 0 1 0
    outer loop
      vertex 25 59.9019 2
      vertex 28 59.9019 -1
      vertex 25 59.9019 -1
    endloop
  endfacet
  facet normal 0.866027 -0.499997 0
    outer loop
      vertex 23.5 62.5 2
      vertex 25 65.0981 -1
      vertex 25 65.0981 2
    endloop
  endfacet
  facet normal 0.866027 -0.499997 0
    outer loop
      vertex 25 65.0981 -1
      vertex 23.5 62.5 2
      vertex 23.5 62.5 -1
    endloop
  endfacet
  facet normal 0 -1 0
    outer loop
      vertex 25 65.0981 -1
      vertex 28 65.0981 2
      vertex 25 65.0981 2
    endloop
  endfacet
  facet normal 0 -1 -0
    outer loop
      vertex 28 65.0981 2
      vertex 25 65.0981 -1
      vertex 28 65.0981 -1
    endloop
  endfacet
  facet normal 0.866027 0.499997 0
    outer loop
      vertex 25 59.9019 2
      vertex 23.5 62.5 -1
      vertex 23.5 62.5 2
    endloop
  endfacet
  facet normal 0.866027 0.499997 0
    outer loop
      vertex 23.5 62.5 -1
      vertex 25 59.9019 2
      vertex 25 59.9019 -1
    endloop
  endfacet
  facet normal -0.866027 0.499997 0
    outer loop
      vertex 28 59.9019 -1
      vertex 29.5 62.5 2
      vertex 29.5 62.5 -1
    endloop
  endfacet
  facet normal -0.866027 0.499997 0
    outer loop
      vertex 29.5 62.5 2
      vertex 28 59.9019 -1
      vertex 28 59.9019 2
    endloop
  endfacet
  facet normal 0 0 1
    outer loop
      vertex 28 74.0981 -1
      vertex 28 68.9019 -1
      vertex 29.5 71.5 -1
    endloop
  endfacet
  facet normal -0 0 1
    outer loop
      vertex 25 74.0981 -1
      vertex 28 68.9019 -1
      vertex 28 74.0981 -1
    endloop
  endfacet
  facet normal 0 0 1
    outer loop
      vertex 25 74.0981 -1
      vertex 25 68.9019 -1
      vertex 28 68.9019 -1
    endloop
  endfacet
  facet normal 0 -0 1
    outer loop
      vertex 25 68.9019 -1
      vertex 25 74.0981 -1
      vertex 23.5 71.5 -1
    endloop
  endfacet
  facet normal -0.866027 -0.499997 0
    outer loop
      vertex 29.5 71.5 -1
      vertex 28 74.0981 2
      vertex 28 74.0981 -1
    endloop
  endfacet
  facet normal -0.866027 -0.499997 0
    outer loop
      vertex 28 74.0981 2
      vertex 29.5 71.5 -1
      vertex 29.5 71.5 2
    endloop
  endfacet
  facet normal 0 1 -0
    outer loop
      vertex 28 68.9019 -1
      vertex 25 68.9019 2
      vertex 28 68.9019 2
    endloop
  endfacet
  facet normal 0 1 0
    outer loop
      vertex 25 68.9019 2
      vertex 28 68.9019 -1
      vertex 25 68.9019 -1
    endloop
  endfacet
  facet normal 0.866027 -0.499997 0
    outer loop
      vertex 23.5 71.5 2
      vertex 25 74.0981 -1
      vertex 25 74.0981 2
    endloop
  endfacet
  facet normal 0.866027 -0.499997 0
    outer loop
      vertex 25 74.0981 -1
      vertex 23.5 71.5 2
      vertex 23.5 71.5 -1
    endloop
  endfacet
  facet normal 0 -1 0
    outer loop
      vertex 25 74.0981 -1
      vertex 28 74.0981 2
      vertex 25 74.0981 2
    endloop
  endfacet
  facet normal 0 -1 -0
    outer loop
      vertex 28 74.0981 2
      vertex 25 74.0981 -1
      vertex 28 74.0981 -1
    endloop
  endfacet
  facet normal 0.866027 0.499997 0
    outer loop
      vertex 25 68.9019 2
      vertex 23.5 71.5 -1
      vertex 23.5 71.5 2
    endloop
  endfacet
  facet normal 0.866027 0.499997 0
    outer loop
      vertex 23.5 71.5 -1
      vertex 25 68.9019 2
      vertex 25 68.9019 -1
    endloop
  endfacet
  facet normal -0.866027 0.499997 0
    outer loop
      vertex 28 68.9019 -1
      vertex 29.5 71.5 2
      vertex 29.5 71.5 -1
    endloop
  endfacet
  facet normal -0.866027 0.499997 0
    outer loop
      vertex 29.5 71.5 2
      vertex 28 68.9019 -1
      vertex 28 68.9019 2
    endloop
  endfacet
  facet normal 0 0 1
    outer loop
      vertex 28 83.0981 -1
      vertex 28 77.9019 -1
      vertex 29.5 80.5 -1
    endloop
  endfacet
  facet normal -0 0 1
    outer loop
      vertex 25 83.0981 -1
      vertex 28 77.9019 -1
      vertex 28 83.0981 -1
    endloop
  endfacet
  facet normal 0 0 1
    outer loop
      vertex 25 83.0981 -1
      vertex 25 77.9019 -1
      vertex 28 77.9019 -1
    endloop
  endfacet
  facet normal 0 -0 1
    outer loop
      vertex 25 77.9019 -1
      vertex 25 83.0981 -1
      vertex 23.5 80.5 -1
    endloop
  endfacet
  facet normal -0.866027 -0.499997 0
    outer loop
      vertex 29.5 80.5 -1
      vertex 28 83.0981 2
      vertex 28 83.0981 -1
    endloop
  endfacet
  facet normal -0.866027 -0.499997 0
    outer loop
      vertex 28 83.0981 2
      vertex 29.5 80.5 -1
      vertex 29.5 80.5 2
    endloop
  endfacet
  facet normal 0 1 -0
    outer loop
      vertex 28 77.9019 -1
      vertex 25 77.9019 2
      vertex 28 77.9019 2
    endloop
  endfacet
  facet normal 0 1 0
    outer loop
      vertex 25 77.9019 2
      vertex 28 77.9019 -1
      vertex 25 77.9019 -1
    endloop
  endfacet
  facet normal 0.866027 -0.499997 0
    outer loop
      vertex 23.5 80.5 2
      vertex 25 83.0981 -1
      vertex 25 83.0981 2
    endloop
  endfacet
  facet normal 0.866027 -0.499997 0
    outer loop
      vertex 25 83.0981 -1
      vertex 23.5 80.5 2
      vertex 23.5 80.5 -1
    endloop
  endfacet
  facet normal 0 -1 0
    outer loop
      vertex 25 83.0981 -1
      vertex 28 83.0981 2
      vertex 25 83.0981 2
    endloop
  endfacet
  facet normal 0 -1 -0
    outer loop
      vertex 28 83.0981 2
      vertex 25 83.0981 -1
      vertex 28 83.0981 -1
    endloop
  endfacet
  facet normal 0.866027 0.499997 0
    outer loop
      vertex 25 77.9019 2
      vertex 23.5 80.5 -1
      vertex 23.5 80.5 2
    endloop
  endfacet
  facet normal 0.866027 0.499997 0
    outer loop
      vertex 23.5 80.5 -1
      vertex 25 77.9019 2
      vertex 25 77.9019 -1
    endloop
  endfacet
  facet normal -0.866027 0.499997 0
    outer loop
      vertex 28 77.9019 -1
      vertex 29.5 80.5 2
      vertex 29.5 80.5 -1
    endloop
  endfacet
  facet normal -0.866027 0.499997 0
    outer loop
      vertex 29.5 80.5 2
      vertex 28 77.9019 -1
      vertex 28 77.9019 2
    endloop
  endfacet
  facet normal 0 0 1
    outer loop
      vertex 37 24.5981 -1
      vertex 37 19.4019 -1
      vertex 38.5 22 -1
    endloop
  endfacet
  facet normal -0 0 1
    outer loop
      vertex 34 24.5981 -1
      vertex 37 19.4019 -1
      vertex 37 24.5981 -1
    endloop
  endfacet
  facet normal 0 0 1
    outer loop
      vertex 34 24.5981 -1
      vertex 34 19.4019 -1
      vertex 37 19.4019 -1
    endloop
  endfacet
  facet normal 0 -0 1
    outer loop
      vertex 34 19.4019 -1
      vertex 34 24.5981 -1
      vertex 32.5 22 -1
    endloop
  endfacet
  facet normal -0.866027 -0.499997 0
    outer loop
      vertex 38.5 22 -1
      vertex 37 24.5981 2
      vertex 37 24.5981 -1
    endloop
  endfacet
  facet normal -0.866027 -0.499997 0
    outer loop
      vertex 37 24.5981 2
      vertex 38.5 22 -1
      vertex 38.5 22 2
    endloop
  endfacet
  facet normal 0 1 -0
    outer loop
      vertex 37 19.4019 -1
      vertex 34 19.4019 2
      vertex 37 19.4019 2
    endloop
  endfacet
  facet normal 0 1 0
    outer loop
      vertex 34 19.4019 2
      vertex 37 19.4019 -1
      vertex 34 19.4019 -1
    endloop
  endfacet
  facet normal 0.866027 -0.499997 0
    outer loop
      vertex 32.5 22 2
      vertex 34 24.5981 -1
      vertex 34 24.5981 2
    endloop
  endfacet
  facet normal 0.866027 -0.499997 0
    outer loop
      vertex 34 24.5981 -1
      vertex 32.5 22 2
      vertex 32.5 22 -1
    endloop
  endfacet
  facet normal 0 -1 0
    outer loop
      vertex 34 24.5981 -1
      vertex 37 24.5981 2
      vertex 34 24.5981 2
    endloop
  endfacet
  facet normal 0 -1 -0
    outer loop
      vertex 37 24.5981 2
      vertex 34 24.5981 -1
      vertex 37 24.5981 -1
    endloop
  endfacet
  facet normal 0.866027 0.499997 0
    outer loop
      vertex 34 19.4019 2
      vertex 32.5 22 -1
      vertex 32.5 22 2
    endloop
  endfacet
  facet normal 0.866027 0.499997 0
    outer loop
      vertex 32.5 22 -1
      vertex 34 19.4019 2
      vertex 34 19.4019 -1
    endloop
  endfacet
  facet normal -0.866027 0.499997 0
    outer loop
      vertex 37 19.4019 -1
      vertex 38.5 22 2
      vertex 38.5 22 -1
    endloop
  endfacet
  facet normal -0.866027 0.499997 0
    outer loop
      vertex 38.5 22 2
      vertex 37 19.4019 -1
      vertex 37 19.4019 2
    endloop
  endfacet
  facet normal 0 0 1
    outer loop
      vertex 37 33.5981 -1
      vertex 37 28.4019 -1
      vertex 38.5 31 -1
    endloop
  endfacet
  facet normal -0 0 1
    outer loop
      vertex 34 33.5981 -1
      vertex 37 28.4019 -1
      vertex 37 33.5981 -1
    endloop
  endfacet
  facet normal 0 0 1
    outer loop
      vertex 34 33.5981 -1
      vertex 34 28.4019 -1
      vertex 37 28.4019 -1
    endloop
  endfacet
  facet normal 0 -0 1
    outer loop
      vertex 34 28.4019 -1
      vertex 34 33.5981 -1
      vertex 32.5 31 -1
    endloop
  endfacet
  facet normal -0.866027 -0.499997 0
    outer loop
      vertex 38.5 31 -1
      vertex 37 33.5981 2
      vertex 37 33.5981 -1
    endloop
  endfacet
  facet normal -0.866027 -0.499997 0
    outer loop
      vertex 37 33.5981 2
      vertex 38.5 31 -1
      vertex 38.5 31 2
    endloop
  endfacet
  facet normal 0 1 -0
    outer loop
      vertex 37 28.4019 -1
      vertex 34 28.4019 2
      vertex 37 28.4019 2
    endloop
  endfacet
  facet normal 0 1 0
    outer loop
      vertex 34 28.4019 2
      vertex 37 28.4019 -1
      vertex 34 28.4019 -1
    endloop
  endfacet
  facet normal 0.866027 -0.499997 0
    outer loop
      vertex 32.5 31 2
      vertex 34 33.5981 -1
      vertex 34 33.5981 2
    endloop
  endfacet
  facet normal 0.866027 -0.499997 0
    outer loop
      vertex 34 33.5981 -1
      vertex 32.5 31 2
      vertex 32.5 31 -1
    endloop
  endfacet
  facet normal 0 -1 0
    outer loop
      vertex 34 33.5981 -1
      vertex 37 33.5981 2
      vertex 34 33.5981 2
    endloop
  endfacet
  facet normal 0 -1 -0
    outer loop
      vertex 37 33.5981 2
      vertex 34 33.5981 -1
      vertex 37 33.5981 -1
    endloop
  endfacet
  facet normal 0.866027 0.499997 0
    outer loop
      vertex 34 28.4019 2
      vertex 32.5 31 -1
      vertex 32.5 31 2
    endloop
  endfacet
  facet normal 0.866027 0.499997 0
    outer loop
      vertex 32.5 31 -1
      vertex 34 28.4019 2
      vertex 34 28.4019 -1
    endloop
  endfacet
  facet normal -0.866027 0.499997 0
    outer loop
      vertex 37 28.4019 -1
      vertex 38.5 31 2
      vertex 38.5 31 -1
    endloop
  endfacet
  facet normal -0.866027 0.499997 0
    outer loop
      vertex 38.5 31 2
      vertex 37 28.4019 -1
      vertex 37 28.4019 2
    endloop
  endfacet
  facet normal 0 0 1
    outer loop
      vertex 37 42.5981 -1
      vertex 37 37.4019 -1
      vertex 38.5 40 -1
    endloop
  endfacet
  facet normal -0 0 1
    outer loop
      vertex 34 42.5981 -1
      vertex 37 37.4019 -1
      vertex 37 42.5981 -1
    endloop
  endfacet
  facet normal 0 0 1
    outer loop
      vertex 34 42.5981 -1
      vertex 34 37.4019 -1
      vertex 37 37.4019 -1
    endloop
  endfacet
  facet normal 0 -0 1
    outer loop
      vertex 34 37.4019 -1
      vertex 34 42.5981 -1
      vertex 32.5 40 -1
    endloop
  endfacet
  facet normal -0.866027 -0.499997 0
    outer loop
      vertex 38.5 40 -1
      vertex 37 42.5981 2
      vertex 37 42.5981 -1
    endloop
  endfacet
  facet normal -0.866027 -0.499997 0
    outer loop
      vertex 37 42.5981 2
      vertex 38.5 40 -1
      vertex 38.5 40 2
    endloop
  endfacet
  facet normal 0 1 -0
    outer loop
      vertex 37 37.4019 -1
      vertex 34 37.4019 2
      vertex 37 37.4019 2
    endloop
  endfacet
  facet normal 0 1 0
    outer loop
      vertex 34 37.4019 2
      vertex 37 37.4019 -1
      vertex 34 37.4019 -1
    endloop
  endfacet
  facet normal 0.866027 -0.499997 0
    outer loop
      vertex 32.5 40 2
      vertex 34 42.5981 -1
      vertex 34 42.5981 2
    endloop
  endfacet
  facet normal 0.866027 -0.499997 0
    outer loop
      vertex 34 42.5981 -1
      vertex 32.5 40 2
      vertex 32.5 40 -1
    endloop
  endfacet
  facet normal 0 -1 0
    outer loop
      vertex 34 42.5981 -1
      vertex 37 42.5981 2
      vertex 34 42.5981 2
    endloop
  endfacet
  facet normal 0 -1 -0
    outer loop
      vertex 37 42.5981 2
      vertex 34 42.5981 -1
      vertex 37 42.5981 -1
    endloop
  endfacet
  facet normal 0.866027 0.499997 0
    outer loop
      vertex 34 37.4019 2
      vertex 32.5 40 -1
      vertex 32.5 40 2
    endloop
  endfacet
  facet normal 0.866027 0.499997 0
    outer loop
      vertex 32.5 40 -1
      vertex 34 37.4019 2
      vertex 34 37.4019 -1
    endloop
  endfacet
  facet normal -0.866027 0.499997 0
    outer loop
      vertex 37 37.4019 -1
      vertex 38.5 40 2
      vertex 38.5 40 -1
    endloop
  endfacet
  facet normal -0.866027 0.499997 0
    outer loop
      vertex 38.5 40 2
      vertex 37 37.4019 -1
      vertex 37 37.4019 2
    endloop
  endfacet
  facet normal 0 0 1
    outer loop
      vertex 37 51.5981 -1
      vertex 37 46.4019 -1
      vertex 38.5 49 -1
    endloop
  endfacet
  facet normal -0 0 1
    outer loop
      vertex 34 51.5981 -1
      vertex 37 46.4019 -1
      vertex 37 51.5981 -1
    endloop
  endfacet
  facet normal 0 0 1
    outer loop
      vertex 34 51.5981 -1
      vertex 34 46.4019 -1
      vertex 37 46.4019 -1
    endloop
  endfacet
  facet normal 0 -0 1
    outer loop
      vertex 34 46.4019 -1
      vertex 34 51.5981 -1
      vertex 32.5 49 -1
    endloop
  endfacet
  facet normal -0.866027 -0.499997 0
    outer loop
      vertex 38.5 49 -1
      vertex 37 51.5981 2
      vertex 37 51.5981 -1
    endloop
  endfacet
  facet normal -0.866027 -0.499997 0
    outer loop
      vertex 37 51.5981 2
      vertex 38.5 49 -1
      vertex 38.5 49 2
    endloop
  endfacet
  facet normal 0 1 -0
    outer loop
      vertex 37 46.4019 -1
      vertex 34 46.4019 2
      vertex 37 46.4019 2
    endloop
  endfacet
  facet normal 0 1 0
    outer loop
      vertex 34 46.4019 2
      vertex 37 46.4019 -1
      vertex 34 46.4019 -1
    endloop
  endfacet
  facet normal 0.866027 -0.499997 0
    outer loop
      vertex 32.5 49 2
      vertex 34 51.5981 -1
      vertex 34 51.5981 2
    endloop
  endfacet
  facet normal 0.866027 -0.499997 0
    outer loop
      vertex 34 51.5981 -1
      vertex 32.5 49 2
      vertex 32.5 49 -1
    endloop
  endfacet
  facet normal 0 -1 0
    outer loop
      vertex 34 51.5981 -1
      vertex 37 51.5981 2
      vertex 34 51.5981 2
    endloop
  endfacet
  facet normal 0 -1 -0
    outer loop
      vertex 37 51.5981 2
      vertex 34 51.5981 -1
      vertex 37 51.5981 -1
    endloop
  endfacet
  facet normal 0.866027 0.499997 0
    outer loop
      vertex 34 46.4019 2
      vertex 32.5 49 -1
      vertex 32.5 49 2
    endloop
  endfacet
  facet normal 0.866027 0.499997 0
    outer loop
      vertex 32.5 49 -1
      vertex 34 46.4019 2
      vertex 34 46.4019 -1
    endloop
  endfacet
  facet normal -0.866027 0.499997 0
    outer loop
      vertex 37 46.4019 -1
      vertex 38.5 49 2
      vertex 38.5 49 -1
    endloop
  endfacet
  facet normal -0.866027 0.499997 0
    outer loop
      vertex 38.5 49 2
      vertex 37 46.4019 -1
      vertex 37 46.4019 2
    endloop
  endfacet
  facet normal 0 0 1
    outer loop
      vertex 37 60.5981 -1
      vertex 37 55.4019 -1
      vertex 38.5 58 -1
    endloop
  endfacet
  facet normal -0 0 1
    outer loop
      vertex 34 60.5981 -1
      vertex 37 55.4019 -1
      vertex 37 60.5981 -1
    endloop
  endfacet
  facet normal 0 0 1
    outer loop
      vertex 34 60.5981 -1
      vertex 34 55.4019 -1
      vertex 37 55.4019 -1
    endloop
  endfacet
  facet normal 0 -0 1
    outer loop
      vertex 34 55.4019 -1
      vertex 34 60.5981 -1
      vertex 32.5 58 -1
    endloop
  endfacet
  facet normal -0.866027 -0.499997 0
    outer loop
      vertex 38.5 58 -1
      vertex 37 60.5981 2
      vertex 37 60.5981 -1
    endloop
  endfacet
  facet normal -0.866027 -0.499997 0
    outer loop
      vertex 37 60.5981 2
      vertex 38.5 58 -1
      vertex 38.5 58 2
    endloop
  endfacet
  facet normal 0 1 -0
    outer loop
      vertex 37 55.4019 -1
      vertex 34 55.4019 2
      vertex 37 55.4019 2
    endloop
  endfacet
  facet normal 0 1 0
    outer loop
      vertex 34 55.4019 2
      vertex 37 55.4019 -1
      vertex 34 55.4019 -1
    endloop
  endfacet
  facet normal 0.866027 -0.499997 0
    outer loop
      vertex 32.5 58 2
      vertex 34 60.5981 -1
      vertex 34 60.5981 2
    endloop
  endfacet
  facet normal 0.866027 -0.499997 0
    outer loop
      vertex 34 60.5981 -1
      vertex 32.5 58 2
      vertex 32.5 58 -1
    endloop
  endfacet
  facet normal 0 -1 0
    outer loop
      vertex 34 60.5981 -1
      vertex 37 60.5981 2
      vertex 34 60.5981 2
    endloop
  endfacet
  facet normal 0 -1 -0
    outer loop
      vertex 37 60.5981 2
      vertex 34 60.5981 -1
      vertex 37 60.5981 -1
    endloop
  endfacet
  facet normal 0.866027 0.499997 0
    outer loop
      vertex 34 55.4019 2
      vertex 32.5 58 -1
      vertex 32.5 58 2
    endloop
  endfacet
  facet normal 0.866027 0.499997 0
    outer loop
      vertex 32.5 58 -1
      vertex 34 55.4019 2
      vertex 34 55.4019 -1
    endloop
  endfacet
  facet normal -0.866027 0.499997 0
    outer loop
      vertex 37 55.4019 -1
      vertex 38.5 58 2
      vertex 38.5 58 -1
    endloop
  endfacet
  facet normal -0.866027 0.499997 0
    outer loop
      vertex 38.5 58 2
      vertex 37 55.4019 -1
      vertex 37 55.4019 2
    endloop
  endfacet
  facet normal 0 0 1
    outer loop
      vertex 37 69.5981 -1
      vertex 37 64.4019 -1
      vertex 38.5 67 -1
    endloop
  endfacet
  facet normal -0 0 1
    outer loop
      vertex 34 69.5981 -1
      vertex 37 64.4019 -1
      vertex 37 69.5981 -1
    endloop
  endfacet
  facet normal 0 0 1
    outer loop
      vertex 34 69.5981 -1
      vertex 34 64.4019 -1
      vertex 37 64.4019 -1
    endloop
  endfacet
  facet normal 0 -0 1
    outer loop
      vertex 34 64.4019 -1
      vertex 34 69.5981 -1
      vertex 32.5 67 -1
    endloop
  endfacet
  facet normal -0.866027 -0.499997 0
    outer loop
      vertex 38.5 67 -1
      vertex 37 69.5981 2
      vertex 37 69.5981 -1
    endloop
  endfacet
  facet normal -0.866027 -0.499997 0
    outer loop
      vertex 37 69.5981 2
      vertex 38.5 67 -1
      vertex 38.5 67 2
    endloop
  endfacet
  facet normal 0 1 -0
    outer loop
      vertex 37 64.4019 -1
      vertex 34 64.4019 2
      vertex 37 64.4019 2
    endloop
  endfacet
  facet normal 0 1 0
    outer loop
      vertex 34 64.4019 2
      vertex 37 64.4019 -1
      vertex 34 64.4019 -1
    endloop
  endfacet
  facet normal 0.866027 -0.499997 0
    outer loop
      vertex 32.5 67 2
      vertex 34 69.5981 -1
      vertex 34 69.5981 2
    endloop
  endfacet
  facet normal 0.866027 -0.499997 0
    outer loop
      vertex 34 69.5981 -1
      vertex 32.5 67 2
      vertex 32.5 67 -1
    endloop
  endfacet
  facet normal 0 -1 0
    outer loop
      vertex 34 69.5981 -1
      vertex 37 69.5981 2
      vertex 34 69.5981 2
    endloop
  endfacet
  facet normal 0 -1 -0
    outer loop
      vertex 37 69.5981 2
      vertex 34 69.5981 -1
      vertex 37 69.5981 -1
    endloop
  endfacet
  facet normal 0.866027 0.499997 0
    outer loop
      vertex 34 64.4019 2
      vertex 32.5 67 -1
      vertex 32.5 67 2
    endloop
  endfacet
  facet normal 0.866027 0.499997 0
    outer loop
      vertex 32.5 67 -1
      vertex 34 64.4019 2
      vertex 34 64.4019 -1
    endloop
  endfacet
  facet normal -0.866027 0.499997 0
    outer loop
      vertex 37 64.4019 -1
      vertex 38.5 67 2
      vertex 38.5 67 -1
    endloop
  endfacet
  facet normal -0.866027 0.499997 0
    outer loop
      vertex 38.5 67 2
      vertex 37 64.4019 -1
      vertex 37 64.4019 2
    endloop
  endfacet
  facet normal 0 0 1
    outer loop
      vertex 37 78.5981 -1
      vertex 37 73.4019 -1
      vertex 38.5 76 -1
    endloop
  endfacet
  facet normal -0 0 1
    outer loop
      vertex 34 78.5981 -1
      vertex 37 73.4019 -1
      vertex 37 78.5981 -1
    endloop
  endfacet
  facet normal 0 0 1
    outer loop
      vertex 34 78.5981 -1
      vertex 34 73.4019 -1
      vertex 37 73.4019 -1
    endloop
  endfacet
  facet normal 0 -0 1
    outer loop
      vertex 34 73.4019 -1
      vertex 34 78.5981 -1
      vertex 32.5 76 -1
    endloop
  endfacet
  facet normal -0.866027 -0.499997 0
    outer loop
      vertex 38.5 76 -1
      vertex 37 78.5981 2
      vertex 37 78.5981 -1
    endloop
  endfacet
  facet normal -0.866027 -0.499997 0
    outer loop
      vertex 37 78.5981 2
      vertex 38.5 76 -1
      vertex 38.5 76 2
    endloop
  endfacet
  facet normal 0 1 -0
    outer loop
      vertex 37 73.4019 -1
      vertex 34 73.4019 2
      vertex 37 73.4019 2
    endloop
  endfacet
  facet normal 0 1 0
    outer loop
      vertex 34 73.4019 2
      vertex 37 73.4019 -1
      vertex 34 73.4019 -1
    endloop
  endfacet
  facet normal 0.866027 -0.499997 0
    outer loop
      vertex 32.5 76 2
      vertex 34 78.5981 -1
      vertex 34 78.5981 2
    endloop
  endfacet
  facet normal 0.866027 -0.499997 0
    outer loop
      vertex 34 78.5981 -1
      vertex 32.5 76 2
      vertex 32.5 76 -1
    endloop
  endfacet
  facet normal 0 -1 0
    outer loop
      vertex 34 78.5981 -1
      vertex 37 78.5981 2
      vertex 34 78.5981 2
    endloop
  endfacet
  facet normal 0 -1 -0
    outer loop
      vertex 37 78.5981 2
      vertex 34 78.5981 -1
      vertex 37 78.5981 -1
    endloop
  endfacet
  facet normal 0.866027 0.499997 0
    outer loop
      vertex 34 73.4019 2
      vertex 32.5 76 -1
      vertex 32.5 76 2
    endloop
  endfacet
  facet normal 0.866027 0.499997 0
    outer loop
      vertex 32.5 76 -1
      vertex 34 73.4019 2
      vertex 34 73.4019 -1
    endloop
  endfacet
  facet normal -0.866027 0.499997 0
    outer loop
      vertex 37 73.4019 -1
      vertex 38.5 76 2
      vertex 38.5 76 -1
    endloop
  endfacet
  facet normal -0.866027 0.499997 0
    outer loop
      vertex 38.5 76 2
      vertex 37 73.4019 -1
      vertex 37 73.4019 2
    endloop
  endfacet
  facet normal 0 0 1
    outer loop
      vertex 37 87.5981 -1
      vertex 37 82.4019 -1
      vertex 38.5 85 -1
    endloop
  endfacet
  facet normal -0 0 1
    outer loop
      vertex 34 87.5981 -1
      vertex 37 82.4019 -1
      vertex 37 87.5981 -1
    endloop
  endfacet
  facet normal 0 0 1
    outer loop
      vertex 34 87.5981 -1
      vertex 34 82.4019 -1
      vertex 37 82.4019 -1
    endloop
  endfacet
  facet normal 0 -0 1
    outer loop
      vertex 34 82.4019 -1
      vertex 34 87.5981 -1
      vertex 32.5 85 -1
    endloop
  endfacet
  facet normal -0.866027 -0.499997 0
    outer loop
      vertex 38.5 85 -1
      vertex 37 87.5981 2
      vertex 37 87.5981 -1
    endloop
  endfacet
  facet normal -0.866027 -0.499997 0
    outer loop
      vertex 37 87.5981 2
      vertex 38.5 85 -1
      vertex 38.5 85 2
    endloop
  endfacet
  facet normal 0 1 -0
    outer loop
      vertex 37 82.4019 -1
      vertex 34 82.4019 2
      vertex 37 82.4019 2
    endloop
  endfacet
  facet normal 0 1 0
    outer loop
      vertex 34 82.4019 2
      vertex 37 82.4019 -1
      vertex 34 82.4019 -1
    endloop
  endfacet
  facet normal 0.866027 -0.499997 0
    outer loop
      vertex 32.5 85 2
      vertex 34 87.5981 -1
      vertex 34 87.5981 2
    endloop
  endfacet
  facet normal 0.866027 -0.499997 0
    outer loop
      vertex 34 87.5981 -1
      vertex 32.5 85 2
      vertex 32.5 85 -1
    endloop
  endfacet
  facet normal 0 -1 0
    outer loop
      vertex 34 87.5981 -1
      vertex 37 87.5981 2
      vertex 34 87.5981 2
    endloop
  endfacet
  facet normal 0 -1 -0
    outer loop
      vertex 37 87.5981 2
      vertex 34 87.5981 -1
      vertex 37 87.5981 -1
    endloop
  endfacet
  facet normal 0.866027 0.499997 0
    outer loop
      vertex 34 82.4019 2
      vertex 32.5 85 -1
      vertex 32.5 85 2
    endloop
  endfacet
  facet normal 0.866027 0.499997 0
    outer loop
      vertex 32.5 85 -1
      vertex 34 82.4019 2
      vertex 34 82.4019 -1
    endloop
  endfacet
  facet normal -0.866027 0.499997 0
    outer loop
      vertex 37 82.4019 -1
      vertex 38.5 85 2
      vertex 38.5 85 -1
    endloop
  endfacet
  facet normal -0.866027 0.499997 0
    outer loop
      vertex 38.5 85 2
      vertex 37 82.4019 -1
      vertex 37 82.4019 2
    endloop
  endfacet
  facet normal 0 0 1
    outer loop
      vertex 46 20.0981 -1
      vertex 46 14.9019 -1
      vertex 47.5 17.5 -1
    endloop
  endfacet
  facet normal -0 0 1
    outer loop
      vertex 43 20.0981 -1
      vertex 46 14.9019 -1
      vertex 46 20.0981 -1
    endloop
  endfacet
  facet normal 0 0 1
    outer loop
      vertex 43 20.0981 -1
      vertex 43 14.9019 -1
      vertex 46 14.9019 -1
    endloop
  endfacet
  facet normal 0 -0 1
    outer loop
      vertex 43 14.9019 -1
      vertex 43 20.0981 -1
      vertex 41.5 17.5 -1
    endloop
  endfacet
  facet normal -0.866027 -0.499997 0
    outer loop
      vertex 47.5 17.5 -1
      vertex 46 20.0981 2
      vertex 46 20.0981 -1
    endloop
  endfacet
  facet normal -0.866027 -0.499997 0
    outer loop
      vertex 46 20.0981 2
      vertex 47.5 17.5 -1
      vertex 47.5 17.5 2
    endloop
  endfacet
  facet normal 0 1 -0
    outer loop
      vertex 46 14.9019 -1
      vertex 43 14.9019 2
      vertex 46 14.9019 2
    endloop
  endfacet
  facet normal 0 1 0
    outer loop
      vertex 43 14.9019 2
      vertex 46 14.9019 -1
      vertex 43 14.9019 -1
    endloop
  endfacet
  facet normal 0.866027 -0.499997 0
    outer loop
      vertex 41.5 17.5 2
      vertex 43 20.0981 -1
      vertex 43 20.0981 2
    endloop
  endfacet
  facet normal 0.866027 -0.499997 0
    outer loop
      vertex 43 20.0981 -1
      vertex 41.5 17.5 2
      vertex 41.5 17.5 -1
    endloop
  endfacet
  facet normal 0 -1 0
    outer loop
      vertex 43 20.0981 -1
      vertex 46 20.0981 2
      vertex 43 20.0981 2
    endloop
  endfacet
  facet normal 0 -1 -0
    outer loop
      vertex 46 20.0981 2
      vertex 43 20.0981 -1
      vertex 46 20.0981 -1
    endloop
  endfacet
  facet normal 0.866027 0.499997 0
    outer loop
      vertex 43 14.9019 2
      vertex 41.5 17.5 -1
      vertex 41.5 17.5 2
    endloop
  endfacet
  facet normal 0.866027 0.499997 0
    outer loop
      vertex 41.5 17.5 -1
      vertex 43 14.9019 2
      vertex 43 14.9019 -1
    endloop
  endfacet
  facet normal -0.866027 0.499997 0
    outer loop
      vertex 46 14.9019 -1
      vertex 47.5 17.5 2
      vertex 47.5 17.5 -1
    endloop
  endfacet
  facet normal -0.866027 0.499997 0
    outer loop
      vertex 47.5 17.5 2
      vertex 46 14.9019 -1
      vertex 46 14.9019 2
    endloop
  endfacet
  facet normal 0 0 1
    outer loop
      vertex 46 29.0981 -1
      vertex 46 23.9019 -1
      vertex 47.5 26.5 -1
    endloop
  endfacet
  facet normal -0 0 1
    outer loop
      vertex 43 29.0981 -1
      vertex 46 23.9019 -1
      vertex 46 29.0981 -1
    endloop
  endfacet
  facet normal 0 0 1
    outer loop
      vertex 43 29.0981 -1
      vertex 43 23.9019 -1
      vertex 46 23.9019 -1
    endloop
  endfacet
  facet normal 0 -0 1
    outer loop
      vertex 43 23.9019 -1
      vertex 43 29.0981 -1
      vertex 41.5 26.5 -1
    endloop
  endfacet
  facet normal -0.866027 -0.499997 0
    outer loop
      vertex 47.5 26.5 -1
      vertex 46 29.0981 2
      vertex 46 29.0981 -1
    endloop
  endfacet
  facet normal -0.866027 -0.499997 0
    outer loop
      vertex 46 29.0981 2
      vertex 47.5 26.5 -1
      vertex 47.5 26.5 2
    endloop
  endfacet
  facet normal 0 1 -0
    outer loop
      vertex 46 23.9019 -1
      vertex 43 23.9019 2
      vertex 46 23.9019 2
    endloop
  endfacet
  facet normal 0 1 0
    outer loop
      vertex 43 23.9019 2
      vertex 46 23.9019 -1
      vertex 43 23.9019 -1
    endloop
  endfacet
  facet normal 0.866027 -0.499997 0
    outer loop
      vertex 41.5 26.5 2
      vertex 43 29.0981 -1
      vertex 43 29.0981 2
    endloop
  endfacet
  facet normal 0.866027 -0.499997 0
    outer loop
      vertex 43 29.0981 -1
      vertex 41.5 26.5 2
      vertex 41.5 26.5 -1
    endloop
  endfacet
  facet normal 0 -1 0
    outer loop
      vertex 43 29.0981 -1
      vertex 46 29.0981 2
      vertex 43 29.0981 2
    endloop
  endfacet
  facet normal 0 -1 -0
    outer loop
      vertex 46 29.0981 2
      vertex 43 29.0981 -1
      vertex 46 29.0981 -1
    endloop
  endfacet
  facet normal 0.866027 0.499997 0
    outer loop
      vertex 43 23.9019 2
      vertex 41.5 26.5 -1
      vertex 41.5 26.5 2
    endloop
  endfacet
  facet normal 0.866027 0.499997 0
    outer loop
      vertex 41.5 26.5 -1
      vertex 43 23.9019 2
      vertex 43 23.9019 -1
    endloop
  endfacet
  facet normal -0.866027 0.499997 0
    outer loop
      vertex 46 23.9019 -1
      vertex 47.5 26.5 2
      vertex 47.5 26.5 -1
    endloop
  endfacet
  facet normal -0.866027 0.499997 0
    outer loop
      vertex 47.5 26.5 2
      vertex 46 23.9019 -1
      vertex 46 23.9019 2
    endloop
  endfacet
  facet normal 0 0 1
    outer loop
      vertex 46 38.0981 -1
      vertex 46 32.9019 -1
      vertex 47.5 35.5 -1
    endloop
  endfacet
  facet normal -0 0 1
    outer loop
      vertex 43 38.0981 -1
      vertex 46 32.9019 -1
      vertex 46 38.0981 -1
    endloop
  endfacet
  facet normal 0 0 1
    outer loop
      vertex 43 38.0981 -1
      vertex 43 32.9019 -1
      vertex 46 32.9019 -1
    endloop
  endfacet
  facet normal 0 -0 1
    outer loop
      vertex 43 32.9019 -1
      vertex 43 38.0981 -1
      vertex 41.5 35.5 -1
    endloop
  endfacet
  facet normal -0.866027 -0.499997 0
    outer loop
      vertex 47.5 35.5 -1
      vertex 46 38.0981 2
      vertex 46 38.0981 -1
    endloop
  endfacet
  facet normal -0.866027 -0.499997 0
    outer loop
      vertex 46 38.0981 2
      vertex 47.5 35.5 -1
      vertex 47.5 35.5 2
    endloop
  endfacet
  facet normal 0 1 -0
    outer loop
      vertex 46 32.9019 -1
      vertex 43 32.9019 2
      vertex 46 32.9019 2
    endloop
  endfacet
  facet normal 0 1 0
    outer loop
      vertex 43 32.9019 2
      vertex 46 32.9019 -1
      vertex 43 32.9019 -1
    endloop
  endfacet
  facet normal 0.866027 -0.499997 0
    outer loop
      vertex 41.5 35.5 2
      vertex 43 38.0981 -1
      vertex 43 38.0981 2
    endloop
  endfacet
  facet normal 0.866027 -0.499997 0
    outer loop
      vertex 43 38.0981 -1
      vertex 41.5 35.5 2
      vertex 41.5 35.5 -1
    endloop
  endfacet
  facet normal 0 -1 0
    outer loop
      vertex 43 38.0981 -1
      vertex 46 38.0981 2
      vertex 43 38.0981 2
    endloop
  endfacet
  facet normal 0 -1 -0
    outer loop
      vertex 46 38.0981 2
      vertex 43 38.0981 -1
      vertex 46 38.0981 -1
    endloop
  endfacet
  facet normal 0.866027 0.499997 0
    outer loop
      vertex 43 32.9019 2
      vertex 41.5 35.5 -1
      vertex 41.5 35.5 2
    endloop
  endfacet
  facet normal 0.866027 0.499997 0
    outer loop
      vertex 41.5 35.5 -1
      vertex 43 32.9019 2
      vertex 43 32.9019 -1
    endloop
  endfacet
  facet normal -0.866027 0.499997 0
    outer loop
      vertex 46 32.9019 -1
      vertex 47.5 35.5 2
      vertex 47.5 35.5 -1
    endloop
  endfacet
  facet normal -0.866027 0.499997 0
    outer loop
      vertex 47.5 35.5 2
      vertex 46 32.9019 -1
      vertex 46 32.9019 2
    endloop
  endfacet
  facet normal 0 0 1
    outer loop
      vertex 46 47.0981 -1
      vertex 46 41.9019 -1
      vertex 47.5 44.5 -1
    endloop
  endfacet
  facet normal -0 0 1
    outer loop
      vertex 43 47.0981 -1
      vertex 46 41.9019 -1
      vertex 46 47.0981 -1
    endloop
  endfacet
  facet normal 0 0 1
    outer loop
      vertex 43 47.0981 -1
      vertex 43 41.9019 -1
      vertex 46 41.9019 -1
    endloop
  endfacet
  facet normal 0 -0 1
    outer loop
      vertex 43 41.9019 -1
      vertex 43 47.0981 -1
      vertex 41.5 44.5 -1
    endloop
  endfacet
  facet normal -0.866027 -0.499997 0
    outer loop
      vertex 47.5 44.5 -1
      vertex 46 47.0981 2
      vertex 46 47.0981 -1
    endloop
  endfacet
  facet normal -0.866027 -0.499997 0
    outer loop
      vertex 46 47.0981 2
      vertex 47.5 44.5 -1
      vertex 47.5 44.5 2
    endloop
  endfacet
  facet normal 0 1 -0
    outer loop
      vertex 46 41.9019 -1
      vertex 43 41.9019 2
      vertex 46 41.9019 2
    endloop
  endfacet
  facet normal 0 1 0
    outer loop
      vertex 43 41.9019 2
      vertex 46 41.9019 -1
      vertex 43 41.9019 -1
    endloop
  endfacet
  facet normal 0.866027 -0.499997 0
    outer loop
      vertex 41.5 44.5 2
      vertex 43 47.0981 -1
      vertex 43 47.0981 2
    endloop
  endfacet
  facet normal 0.866027 -0.499997 0
    outer loop
      vertex 43 47.0981 -1
      vertex 41.5 44.5 2
      vertex 41.5 44.5 -1
    endloop
  endfacet
  facet normal 0 -1 0
    outer loop
      vertex 43 47.0981 -1
      vertex 46 47.0981 2
      vertex 43 47.0981 2
    endloop
  endfacet
  facet normal 0 -1 -0
    outer loop
      vertex 46 47.0981 2
      vertex 43 47.0981 -1
      vertex 46 47.0981 -1
    endloop
  endfacet
  facet normal 0.866027 0.499997 0
    outer loop
      vertex 43 41.9019 2
      vertex 41.5 44.5 -1
      vertex 41.5 44.5 2
    endloop
  endfacet
  facet normal 0.866027 0.499997 0
    outer loop
      vertex 41.5 44.5 -1
      vertex 43 41.9019 2
      vertex 43 41.9019 -1
    endloop
  endfacet
  facet normal -0.866027 0.499997 0
    outer loop
      vertex 46 41.9019 -1
      vertex 47.5 44.5 2
      vertex 47.5 44.5 -1
    endloop
  endfacet
  facet normal -0.866027 0.499997 0
    outer loop
      vertex 47.5 44.5 2
      vertex 46 41.9019 -1
      vertex 46 41.9019 2
    endloop
  endfacet
  facet normal 0 0 1
    outer loop
      vertex 46 56.0981 -1
      vertex 46 50.9019 -1
      vertex 47.5 53.5 -1
    endloop
  endfacet
  facet normal -0 0 1
    outer loop
      vertex 43 56.0981 -1
      vertex 46 50.9019 -1
      vertex 46 56.0981 -1
    endloop
  endfacet
  facet normal 0 0 1
    outer loop
      vertex 43 56.0981 -1
      vertex 43 50.9019 -1
      vertex 46 50.9019 -1
    endloop
  endfacet
  facet normal 0 -0 1
    outer loop
      vertex 43 50.9019 -1
      vertex 43 56.0981 -1
      vertex 41.5 53.5 -1
    endloop
  endfacet
  facet normal -0.866027 -0.499997 0
    outer loop
      vertex 47.5 53.5 -1
      vertex 46 56.0981 2
      vertex 46 56.0981 -1
    endloop
  endfacet
  facet normal -0.866027 -0.499997 0
    outer loop
      vertex 46 56.0981 2
      vertex 47.5 53.5 -1
      vertex 47.5 53.5 2
    endloop
  endfacet
  facet normal 0 1 -0
    outer loop
      vertex 46 50.9019 -1
      vertex 43 50.9019 2
      vertex 46 50.9019 2
    endloop
  endfacet
  facet normal 0 1 0
    outer loop
      vertex 43 50.9019 2
      vertex 46 50.9019 -1
      vertex 43 50.9019 -1
    endloop
  endfacet
  facet normal 0.866027 -0.499997 0
    outer loop
      vertex 41.5 53.5 2
      vertex 43 56.0981 -1
      vertex 43 56.0981 2
    endloop
  endfacet
  facet normal 0.866027 -0.499997 0
    outer loop
      vertex 43 56.0981 -1
      vertex 41.5 53.5 2
      vertex 41.5 53.5 -1
    endloop
  endfacet
  facet normal 0 -1 0
    outer loop
      vertex 43 56.0981 -1
      vertex 46 56.0981 2
      vertex 43 56.0981 2
    endloop
  endfacet
  facet normal 0 -1 -0
    outer loop
      vertex 46 56.0981 2
      vertex 43 56.0981 -1
      vertex 46 56.0981 -1
    endloop
  endfacet
  facet normal 0.866027 0.499997 0
    outer loop
      vertex 43 50.9019 2
      vertex 41.5 53.5 -1
      vertex 41.5 53.5 2
    endloop
  endfacet
  facet normal 0.866027 0.499997 0
    outer loop
      vertex 41.5 53.5 -1
      vertex 43 50.9019 2
      vertex 43 50.9019 -1
    endloop
  endfacet
  facet normal -0.866027 0.499997 0
    outer loop
      vertex 46 50.9019 -1
      vertex 47.5 53.5 2
      vertex 47.5 53.5 -1
    endloop
  endfacet
  facet normal -0.866027 0.499997 0
    outer loop
      vertex 47.5 53.5 2
      vertex 46 50.9019 -1
      vertex 46 50.9019 2
    endloop
  endfacet
  facet normal 0 0 1
    outer loop
      vertex 46 65.0981 -1
      vertex 46 59.9019 -1
      vertex 47.5 62.5 -1
    endloop
  endfacet
  facet normal -0 0 1
    outer loop
      vertex 43 65.0981 -1
      vertex 46 59.9019 -1
      vertex 46 65.0981 -1
    endloop
  endfacet
  facet normal 0 0 1
    outer loop
      vertex 43 65.0981 -1
      vertex 43 59.9019 -1
      vertex 46 59.9019 -1
    endloop
  endfacet
  facet normal 0 -0 1
    outer loop
      vertex 43 59.9019 -1
      vertex 43 65.0981 -1
      vertex 41.5 62.5 -1
    endloop
  endfacet
  facet normal -0.866027 -0.499997 0
    outer loop
      vertex 47.5 62.5 -1
      vertex 46 65.0981 2
      vertex 46 65.0981 -1
    endloop
  endfacet
  facet normal -0.866027 -0.499997 0
    outer loop
      vertex 46 65.0981 2
      vertex 47.5 62.5 -1
      vertex 47.5 62.5 2
    endloop
  endfacet
  facet normal 0 1 -0
    outer loop
      vertex 46 59.9019 -1
      vertex 43 59.9019 2
      vertex 46 59.9019 2
    endloop
  endfacet
  facet normal 0 1 0
    outer loop
      vertex 43 59.9019 2
      vertex 46 59.9019 -1
      vertex 43 59.9019 -1
    endloop
  endfacet
  facet normal 0.866027 -0.499997 0
    outer loop
      vertex 41.5 62.5 2
      vertex 43 65.0981 -1
      vertex 43 65.0981 2
    endloop
  endfacet
  facet normal 0.866027 -0.499997 0
    outer loop
      vertex 43 65.0981 -1
      vertex 41.5 62.5 2
      vertex 41.5 62.5 -1
    endloop
  endfacet
  facet normal 0 -1 0
    outer loop
      vertex 43 65.0981 -1
      vertex 46 65.0981 2
      vertex 43 65.0981 2
    endloop
  endfacet
  facet normal 0 -1 -0
    outer loop
      vertex 46 65.0981 2
      vertex 43 65.0981 -1
      vertex 46 65.0981 -1
    endloop
  endfacet
  facet normal 0.866027 0.499997 0
    outer loop
      vertex 43 59.9019 2
      vertex 41.5 62.5 -1
      vertex 41.5 62.5 2
    endloop
  endfacet
  facet normal 0.866027 0.499997 0
    outer loop
      vertex 41.5 62.5 -1
      vertex 43 59.9019 2
      vertex 43 59.9019 -1
    endloop
  endfacet
  facet normal -0.866027 0.499997 0
    outer loop
      vertex 46 59.9019 -1
      vertex 47.5 62.5 2
      vertex 47.5 62.5 -1
    endloop
  endfacet
  facet normal -0.866027 0.499997 0
    outer loop
      vertex 47.5 62.5 2
      vertex 46 59.9019 -1
      vertex 46 59.9019 2
    endloop
  endfacet
  facet normal 0 0 1
    outer loop
      vertex 46 74.0981 -1
      vertex 46 68.9019 -1
      vertex 47.5 71.5 -1
    endloop
  endfacet
  facet normal -0 0 1
    outer loop
      vertex 43 74.0981 -1
      vertex 46 68.9019 -1
      vertex 46 74.0981 -1
    endloop
  endfacet
  facet normal 0 0 1
    outer loop
      vertex 43 74.0981 -1
      vertex 43 68.9019 -1
      vertex 46 68.9019 -1
    endloop
  endfacet
  facet normal 0 -0 1
    outer loop
      vertex 43 68.9019 -1
      vertex 43 74.0981 -1
      vertex 41.5 71.5 -1
    endloop
  endfacet
  facet normal -0.866027 -0.499997 0
    outer loop
      vertex 47.5 71.5 -1
      vertex 46 74.0981 2
      vertex 46 74.0981 -1
    endloop
  endfacet
  facet normal -0.866027 -0.499997 0
    outer loop
      vertex 46 74.0981 2
      vertex 47.5 71.5 -1
      vertex 47.5 71.5 2
    endloop
  endfacet
  facet normal 0 1 -0
    outer loop
      vertex 46 68.9019 -1
      vertex 43 68.9019 2
      vertex 46 68.9019 2
    endloop
  endfacet
  facet normal 0 1 0
    outer loop
      vertex 43 68.9019 2
      vertex 46 68.9019 -1
      vertex 43 68.9019 -1
    endloop
  endfacet
  facet normal 0.866027 -0.499997 0
    outer loop
      vertex 41.5 71.5 2
      vertex 43 74.0981 -1
      vertex 43 74.0981 2
    endloop
  endfacet
  facet normal 0.866027 -0.499997 0
    outer loop
      vertex 43 74.0981 -1
      vertex 41.5 71.5 2
      vertex 41.5 71.5 -1
    endloop
  endfacet
  facet normal 0 -1 0
    outer loop
      vertex 43 74.0981 -1
      vertex 46 74.0981 2
      vertex 43 74.0981 2
    endloop
  endfacet
  facet normal 0 -1 -0
    outer loop
      vertex 46 74.0981 2
      vertex 43 74.0981 -1
      vertex 46 74.0981 -1
    endloop
  endfacet
  facet normal 0.866027 0.499997 0
    outer loop
      vertex 43 68.9019 2
      vertex 41.5 71.5 -1
      vertex 41.5 71.5 2
    endloop
  endfacet
  facet normal 0.866027 0.499997 0
    outer loop
      vertex 41.5 71.5 -1
      vertex 43 68.9019 2
      vertex 43 68.9019 -1
    endloop
  endfacet
  facet normal -0.866027 0.499997 0
    outer loop
      vertex 46 68.9019 -1
      vertex 47.5 71.5 2
      vertex 47.5 71.5 -1
    endloop
  endfacet
  facet normal -0.866027 0.499997 0
    outer loop
      vertex 47.5 71.5 2
      vertex 46 68.9019 -1
      vertex 46 68.9019 2
    endloop
  endfacet
  facet normal 0 0 1
    outer loop
      vertex 46 83.0981 -1
      vertex 46 77.9019 -1
      vertex 47.5 80.5 -1
    endloop
  endfacet
  facet normal -0 0 1
    outer loop
      vertex 43 83.0981 -1
      vertex 46 77.9019 -1
      vertex 46 83.0981 -1
    endloop
  endfacet
  facet normal 0 0 1
    outer loop
      vertex 43 83.0981 -1
      vertex 43 77.9019 -1
      vertex 46 77.9019 -1
    endloop
  endfacet
  facet normal 0 -0 1
    outer loop
      vertex 43 77.9019 -1
      vertex 43 83.0981 -1
      vertex 41.5 80.5 -1
    endloop
  endfacet
  facet normal -0.866027 -0.499997 0
    outer loop
      vertex 47.5 80.5 -1
      vertex 46 83.0981 2
      vertex 46 83.0981 -1
    endloop
  endfacet
  facet normal -0.866027 -0.499997 0
    outer loop
      vertex 46 83.0981 2
      vertex 47.5 80.5 -1
      vertex 47.5 80.5 2
    endloop
  endfacet
  facet normal 0 1 -0
    outer loop
      vertex 46 77.9019 -1
      vertex 43 77.9019 2
      vertex 46 77.9019 2
    endloop
  endfacet
  facet normal 0 1 0
    outer loop
      vertex 43 77.9019 2
      vertex 46 77.9019 -1
      vertex 43 77.9019 -1
    endloop
  endfacet
  facet normal 0.866027 -0.499997 0
    outer loop
      vertex 41.5 80.5 2
      vertex 43 83.0981 -1
      vertex 43 83.0981 2
    endloop
  endfacet
  facet normal 0.866027 -0.499997 0
    outer loop
      vertex 43 83.0981 -1
      vertex 41.5 80.5 2
      vertex 41.5 80.5 -1
    endloop
  endfacet
  facet normal 0 -1 0
    outer loop
      vertex 43 83.0981 -1
      vertex 46 83.0981 2
      vertex 43 83.0981 2
    endloop
  endfacet
  facet normal 0 -1 -0
    outer loop
      vertex 46 83.0981 2
      vertex 43 83.0981 -1
      vertex 46 83.0981 -1
    endloop
  endfacet
  facet normal 0.866027 0.499997 0
    outer loop
      vertex 43 77.9019 2
      vertex 41.5 80.5 -1
      vertex 41.5 80.5 2
    endloop
  endfacet
  facet normal 0.866027 0.499997 0
    outer loop
      vertex 41.5 80.5 -1
      vertex 43 77.9019 2
      vertex 43 77.9019 -1
    endloop
  endfacet
  facet normal -0.866027 0.499997 0
    outer loop
      vertex 46 77.9019 -1
      vertex 47.5 80.5 2
      vertex 47.5 80.5 -1
    endloop
  endfacet
  facet normal -0.866027 0.499997 0
    outer loop
      vertex 47.5 80.5 2
      vertex 46 77.9019 -1
      vertex 46 77.9019 2
    endloop
  endfacet
  facet normal 0 0 1
    outer loop
      vertex 55 24.5981 -1
      vertex 55 19.4019 -1
      vertex 56.5 22 -1
    endloop
  endfacet
  facet normal -0 0 1
    outer loop
      vertex 52 24.5981 -1
      vertex 55 19.4019 -1
      vertex 55 24.5981 -1
    endloop
  endfacet
  facet normal 0 0 1
    outer loop
      vertex 52 24.5981 -1
      vertex 52 19.4019 -1
      vertex 55 19.4019 -1
    endloop
  endfacet
  facet normal 0 -0 1
    outer loop
      vertex 52 19.4019 -1
      vertex 52 24.5981 -1
      vertex 50.5 22 -1
    endloop
  endfacet
  facet normal -0.866027 -0.499997 0
    outer loop
      vertex 56.5 22 -1
      vertex 55 24.5981 2
      vertex 55 24.5981 -1
    endloop
  endfacet
  facet normal -0.866027 -0.499997 0
    outer loop
      vertex 55 24.5981 2
      vertex 56.5 22 -1
      vertex 56.5 22 2
    endloop
  endfacet
  facet normal 0 1 -0
    outer loop
      vertex 55 19.4019 -1
      vertex 52 19.4019 2
      vertex 55 19.4019 2
    endloop
  endfacet
  facet normal 0 1 0
    outer loop
      vertex 52 19.4019 2
      vertex 55 19.4019 -1
      vertex 52 19.4019 -1
    endloop
  endfacet
  facet normal 0.866027 -0.499997 0
    outer loop
      vertex 50.5 22 2
      vertex 52 24.5981 -1
      vertex 52 24.5981 2
    endloop
  endfacet
  facet normal 0.866027 -0.499997 0
    outer loop
      vertex 52 24.5981 -1
      vertex 50.5 22 2
      vertex 50.5 22 -1
    endloop
  endfacet
  facet normal 0 -1 0
    outer loop
      vertex 52 24.5981 -1
      vertex 55 24.5981 2
      vertex 52 24.5981 2
    endloop
  endfacet
  facet normal 0 -1 -0
    outer loop
      vertex 55 24.5981 2
      vertex 52 24.5981 -1
      vertex 55 24.5981 -1
    endloop
  endfacet
  facet normal 0.866027 0.499997 0
    outer loop
      vertex 52 19.4019 2
      vertex 50.5 22 -1
      vertex 50.5 22 2
    endloop
  endfacet
  facet normal 0.866027 0.499997 0
    outer loop
      vertex 50.5 22 -1
      vertex 52 19.4019 2
      vertex 52 19.4019 -1
    endloop
  endfacet
  facet normal -0.866027 0.499997 0
    outer loop
      vertex 55 19.4019 -1
      vertex 56.5 22 2
      vertex 56.5 22 -1
    endloop
  endfacet
  facet normal -0.866027 0.499997 0
    outer loop
      vertex 56.5 22 2
      vertex 55 19.4019 -1
      vertex 55 19.4019 2
    endloop
  endfacet
  facet normal 0 0 1
    outer loop
      vertex 55 33.5981 -1
      vertex 55 28.4019 -1
      vertex 56.5 31 -1
    endloop
  endfacet
  facet normal -0 0 1
    outer loop
      vertex 52 33.5981 -1
      vertex 55 28.4019 -1
      vertex 55 33.5981 -1
    endloop
  endfacet
  facet normal 0 0 1
    outer loop
      vertex 52 33.5981 -1
      vertex 52 28.4019 -1
      vertex 55 28.4019 -1
    endloop
  endfacet
  facet normal 0 -0 1
    outer loop
      vertex 52 28.4019 -1
      vertex 52 33.5981 -1
      vertex 50.5 31 -1
    endloop
  endfacet
  facet normal -0.866027 -0.499997 0
    outer loop
      vertex 56.5 31 -1
      vertex 55 33.5981 2
      vertex 55 33.5981 -1
    endloop
  endfacet
  facet normal -0.866027 -0.499997 0
    outer loop
      vertex 55 33.5981 2
      vertex 56.5 31 -1
      vertex 56.5 31 2
    endloop
  endfacet
  facet normal 0 1 -0
    outer loop
      vertex 55 28.4019 -1
      vertex 52 28.4019 2
      vertex 55 28.4019 2
    endloop
  endfacet
  facet normal 0 1 0
    outer loop
      vertex 52 28.4019 2
      vertex 55 28.4019 -1
      vertex 52 28.4019 -1
    endloop
  endfacet
  facet normal 0.866027 -0.499997 0
    outer loop
      vertex 50.5 31 2
      vertex 52 33.5981 -1
      vertex 52 33.5981 2
    endloop
  endfacet
  facet normal 0.866027 -0.499997 0
    outer loop
      vertex 52 33.5981 -1
      vertex 50.5 31 2
      vertex 50.5 31 -1
    endloop
  endfacet
  facet normal 0 -1 0
    outer loop
      vertex 52 33.5981 -1
      vertex 55 33.5981 2
      vertex 52 33.5981 2
    endloop
  endfacet
  facet normal 0 -1 -0
    outer loop
      vertex 55 33.5981 2
      vertex 52 33.5981 -1
      vertex 55 33.5981 -1
    endloop
  endfacet
  facet normal 0.866027 0.499997 0
    outer loop
      vertex 52 28.4019 2
      vertex 50.5 31 -1
      vertex 50.5 31 2
    endloop
  endfacet
  facet normal 0.866027 0.499997 0
    outer loop
      vertex 50.5 31 -1
      vertex 52 28.4019 2
      vertex 52 28.4019 -1
    endloop
  endfacet
  facet normal -0.866027 0.499997 0
    outer loop
      vertex 55 28.4019 -1
      vertex 56.5 31 2
      vertex 56.5 31 -1
    endloop
  endfacet
  facet normal -0.866027 0.499997 0
    outer loop
      vertex 56.5 31 2
      vertex 55 28.4019 -1
      vertex 55 28.4019 2
    endloop
  endfacet
  facet normal 0 0 1
    outer loop
      vertex 55 42.5981 -1
      vertex 55 37.4019 -1
      vertex 56.5 40 -1
    endloop
  endfacet
  facet normal -0 0 1
    outer loop
      vertex 52 42.5981 -1
      vertex 55 37.4019 -1
      vertex 55 42.5981 -1
    endloop
  endfacet
  facet normal 0 0 1
    outer loop
      vertex 52 42.5981 -1
      vertex 52 37.4019 -1
      vertex 55 37.4019 -1
    endloop
  endfacet
  facet normal 0 -0 1
    outer loop
      vertex 52 37.4019 -1
      vertex 52 42.5981 -1
      vertex 50.5 40 -1
    endloop
  endfacet
  facet normal -0.866027 -0.499997 0
    outer loop
      vertex 56.5 40 -1
      vertex 55 42.5981 2
      vertex 55 42.5981 -1
    endloop
  endfacet
  facet normal -0.866027 -0.499997 0
    outer loop
      vertex 55 42.5981 2
      vertex 56.5 40 -1
      vertex 56.5 40 2
    endloop
  endfacet
  facet normal 0 1 -0
    outer loop
      vertex 55 37.4019 -1
      vertex 52 37.4019 2
      vertex 55 37.4019 2
    endloop
  endfacet
  facet normal 0 1 0
    outer loop
      vertex 52 37.4019 2
      vertex 55 37.4019 -1
      vertex 52 37.4019 -1
    endloop
  endfacet
  facet normal 0.866027 -0.499997 0
    outer loop
      vertex 50.5 40 2
      vertex 52 42.5981 -1
      vertex 52 42.5981 2
    endloop
  endfacet
  facet normal 0.866027 -0.499997 0
    outer loop
      vertex 52 42.5981 -1
      vertex 50.5 40 2
      vertex 50.5 40 -1
    endloop
  endfacet
  facet normal 0 -1 0
    outer loop
      vertex 52 42.5981 -1
      vertex 55 42.5981 2
      vertex 52 42.5981 2
    endloop
  endfacet
  facet normal 0 -1 -0
    outer loop
      vertex 55 42.5981 2
      vertex 52 42.5981 -1
      vertex 55 42.5981 -1
    endloop
  endfacet
  facet normal 0.866027 0.499997 0
    outer loop
      vertex 52 37.4019 2
      vertex 50.5 40 -1
      vertex 50.5 40 2
    endloop
  endfacet
  facet normal 0.866027 0.499997 0
    outer loop
      vertex 50.5 40 -1
      vertex 52 37.4019 2
      vertex 52 37.4019 -1
    endloop
  endfacet
  facet normal -0.866027 0.499997 0
    outer loop
      vertex 55 37.4019 -1
      vertex 56.5 40 2
      vertex 56.5 40 -1
    endloop
  endfacet
  facet normal -0.866027 0.499997 0
    outer loop
      vertex 56.5 40 2
      vertex 55 37.4019 -1
      vertex 55 37.4019 2
    endloop
  endfacet
  facet normal 0 0 1
    outer loop
      vertex 55 51.5981 -1
      vertex 55 46.4019 -1
      vertex 56.5 49 -1
    endloop
  endfacet
  facet normal -0 0 1
    outer loop
      vertex 52 51.5981 -1
      vertex 55 46.4019 -1
      vertex 55 51.5981 -1
    endloop
  endfacet
  facet normal 0 0 1
    outer loop
      vertex 52 51.5981 -1
      vertex 52 46.4019 -1
      vertex 55 46.4019 -1
    endloop
  endfacet
  facet normal 0 -0 1
    outer loop
      vertex 52 46.4019 -1
      vertex 52 51.5981 -1
      vertex 50.5 49 -1
    endloop
  endfacet
  facet normal -0.866027 -0.499997 0
    outer loop
      vertex 56.5 49 -1
      vertex 55 51.5981 2
      vertex 55 51.5981 -1
    endloop
  endfacet
  facet normal -0.866027 -0.499997 0
    outer loop
      vertex 55 51.5981 2
      vertex 56.5 49 -1
      vertex 56.5 49 2
    endloop
  endfacet
  facet normal 0 1 -0
    outer loop
      vertex 55 46.4019 -1
      vertex 52 46.4019 2
      vertex 55 46.4019 2
    endloop
  endfacet
  facet normal 0 1 0
    outer loop
      vertex 52 46.4019 2
      vertex 55 46.4019 -1
      vertex 52 46.4019 -1
    endloop
  endfacet
  facet normal 0.866027 -0.499997 0
    outer loop
      vertex 50.5 49 2
      vertex 52 51.5981 -1
      vertex 52 51.5981 2
    endloop
  endfacet
  facet normal 0.866027 -0.499997 0
    outer loop
      vertex 52 51.5981 -1
      vertex 50.5 49 2
      vertex 50.5 49 -1
    endloop
  endfacet
  facet normal 0 -1 0
    outer loop
      vertex 52 51.5981 -1
      vertex 55 51.5981 2
      vertex 52 51.5981 2
    endloop
  endfacet
  facet normal 0 -1 -0
    outer loop
      vertex 55 51.5981 2
      vertex 52 51.5981 -1
      vertex 55 51.5981 -1
    endloop
  endfacet
  facet normal 0.866027 0.499997 0
    outer loop
      vertex 52 46.4019 2
      vertex 50.5 49 -1
      vertex 50.5 49 2
    endloop
  endfacet
  facet normal 0.866027 0.499997 0
    outer loop
      vertex 50.5 49 -1
      vertex 52 46.4019 2
      vertex 52 46.4019 -1
    endloop
  endfacet
  facet normal -0.866027 0.499997 0
    outer loop
      vertex 55 46.4019 -1
      vertex 56.5 49 2
      vertex 56.5 49 -1
    endloop
  endfacet
  facet normal -0.866027 0.499997 0
    outer loop
      vertex 56.5 49 2
      vertex 55 46.4019 -1
      vertex 55 46.4019 2
    endloop
  endfacet
  facet normal 0 0 1
    outer loop
      vertex 55 60.5981 -1
      vertex 55 55.4019 -1
      vertex 56.5 58 -1
    endloop
  endfacet
  facet normal -0 0 1
    outer loop
      vertex 52 60.5981 -1
      vertex 55 55.4019 -1
      vertex 55 60.5981 -1
    endloop
  endfacet
  facet normal 0 0 1
    outer loop
      vertex 52 60.5981 -1
      vertex 52 55.4019 -1
      vertex 55 55.4019 -1
    endloop
  endfacet
  facet normal 0 -0 1
    outer loop
      vertex 52 55.4019 -1
      vertex 52 60.5981 -1
      vertex 50.5 58 -1
    endloop
  endfacet
  facet normal -0.866027 -0.499997 0
    outer loop
      vertex 56.5 58 -1
      vertex 55 60.5981 2
      vertex 55 60.5981 -1
    endloop
  endfacet
  facet normal -0.866027 -0.499997 0
    outer loop
      vertex 55 60.5981 2
      vertex 56.5 58 -1
      vertex 56.5 58 2
    endloop
  endfacet
  facet normal 0 1 -0
    outer loop
      vertex 55 55.4019 -1
      vertex 52 55.4019 2
      vertex 55 55.4019 2
    endloop
  endfacet
  facet normal 0 1 0
    outer loop
      vertex 52 55.4019 2
      vertex 55 55.4019 -1
      vertex 52 55.4019 -1
    endloop
  endfacet
  facet normal 0.866027 -0.499997 0
    outer loop
      vertex 50.5 58 2
      vertex 52 60.5981 -1
      vertex 52 60.5981 2
    endloop
  endfacet
  facet normal 0.866027 -0.499997 0
    outer loop
      vertex 52 60.5981 -1
      vertex 50.5 58 2
      vertex 50.5 58 -1
    endloop
  endfacet
  facet normal 0 -1 0
    outer loop
      vertex 52 60.5981 -1
      vertex 55 60.5981 2
      vertex 52 60.5981 2
    endloop
  endfacet
  facet normal 0 -1 -0
    outer loop
      vertex 55 60.5981 2
      vertex 52 60.5981 -1
      vertex 55 60.5981 -1
    endloop
  endfacet
  facet normal 0.866027 0.499997 0
    outer loop
      vertex 52 55.4019 2
      vertex 50.5 58 -1
      vertex 50.5 58 2
    endloop
  endfacet
  facet normal 0.866027 0.499997 0
    outer loop
      vertex 50.5 58 -1
      vertex 52 55.4019 2
      vertex 52 55.4019 -1
    endloop
  endfacet
  facet normal -0.866027 0.499997 0
    outer loop
      vertex 55 55.4019 -1
      vertex 56.5 58 2
      vertex 56.5 58 -1
    endloop
  endfacet
  facet normal -0.866027 0.499997 0
    outer loop
      vertex 56.5 58 2
      vertex 55 55.4019 -1
      vertex 55 55.4019 2
    endloop
  endfacet
  facet normal 0 0 1
    outer loop
      vertex 55 69.5981 -1
      vertex 55 64.4019 -1
      vertex 56.5 67 -1
    endloop
  endfacet
  facet normal -0 0 1
    outer loop
      vertex 52 69.5981 -1
      vertex 55 64.4019 -1
      vertex 55 69.5981 -1
    endloop
  endfacet
  facet normal 0 0 1
    outer loop
      vertex 52 69.5981 -1
      vertex 52 64.4019 -1
      vertex 55 64.4019 -1
    endloop
  endfacet
  facet normal 0 -0 1
    outer loop
      vertex 52 64.4019 -1
      vertex 52 69.5981 -1
      vertex 50.5 67 -1
    endloop
  endfacet
  facet normal -0.866027 -0.499997 0
    outer loop
      vertex 56.5 67 -1
      vertex 55 69.5981 2
      vertex 55 69.5981 -1
    endloop
  endfacet
  facet normal -0.866027 -0.499997 0
    outer loop
      vertex 55 69.5981 2
      vertex 56.5 67 -1
      vertex 56.5 67 2
    endloop
  endfacet
  facet normal 0 1 -0
    outer loop
      vertex 55 64.4019 -1
      vertex 52 64.4019 2
      vertex 55 64.4019 2
    endloop
  endfacet
  facet normal 0 1 0
    outer loop
      vertex 52 64.4019 2
      vertex 55 64.4019 -1
      vertex 52 64.4019 -1
    endloop
  endfacet
  facet normal 0.866027 -0.499997 0
    outer loop
      vertex 50.5 67 2
      vertex 52 69.5981 -1
      vertex 52 69.5981 2
    endloop
  endfacet
  facet normal 0.866027 -0.499997 0
    outer loop
      vertex 52 69.5981 -1
      vertex 50.5 67 2
      vertex 50.5 67 -1
    endloop
  endfacet
  facet normal 0 -1 0
    outer loop
      vertex 52 69.5981 -1
      vertex 55 69.5981 2
      vertex 52 69.5981 2
    endloop
  endfacet
  facet normal 0 -1 -0
    outer loop
      vertex 55 69.5981 2
      vertex 52 69.5981 -1
      vertex 55 69.5981 -1
    endloop
  endfacet
  facet normal 0.866027 0.499997 0
    outer loop
      vertex 52 64.4019 2
      vertex 50.5 67 -1
      vertex 50.5 67 2
    endloop
  endfacet
  facet normal 0.866027 0.499997 0
    outer loop
      vertex 50.5 67 -1
      vertex 52 64.4019 2
      vertex 52 64.4019 -1
    endloop
  endfacet
  facet normal -0.866027 0.499997 0
    outer loop
      vertex 55 64.4019 -1
      vertex 56.5 67 2
      vertex 56.5 67 -1
    endloop
  endfacet
  facet normal -0.866027 0.499997 0
    outer loop
      vertex 56.5 67 2
      vertex 55 64.4019 -1
      vertex 55 64.4019 2
    endloop
  endfacet
  facet normal 0 0 1
    outer loop
      vertex 55 78.5981 -1
      vertex 55 73.4019 -1
      vertex 56.5 76 -1
    endloop
  endfacet
  facet normal -0 0 1
    outer loop
      vertex 52 78.5981 -1
      vertex 55 73.4019 -1
      vertex 55 78.5981 -1
    endloop
  endfacet
  facet normal 0 0 1
    outer loop
      vertex 52 78.5981 -1
      vertex 52 73.4019 -1
      vertex 55 73.4019 -1
    endloop
  endfacet
  facet normal 0 -0 1
    outer loop
      vertex 52 73.4019 -1
      vertex 52 78.5981 -1
      vertex 50.5 76 -1
    endloop
  endfacet
  facet normal -0.866027 -0.499997 0
    outer loop
      vertex 56.5 76 -1
      vertex 55 78.5981 2
      vertex 55 78.5981 -1
    endloop
  endfacet
  facet normal -0.866027 -0.499997 0
    outer loop
      vertex 55 78.5981 2
      vertex 56.5 76 -1
      vertex 56.5 76 2
    endloop
  endfacet
  facet normal 0 1 -0
    outer loop
      vertex 55 73.4019 -1
      vertex 52 73.4019 2
      vertex 55 73.4019 2
    endloop
  endfacet
  facet normal 0 1 0
    outer loop
      vertex 52 73.4019 2
      vertex 55 73.4019 -1
      vertex 52 73.4019 -1
    endloop
  endfacet
  facet normal 0.866027 -0.499997 0
    outer loop
      vertex 50.5 76 2
      vertex 52 78.5981 -1
      vertex 52 78.5981 2
    endloop
  endfacet
  facet normal 0.866027 -0.499997 0
    outer loop
      vertex 52 78.5981 -1
      vertex 50.5 76 2
      vertex 50.5 76 -1
    endloop
  endfacet
  facet normal 0 -1 0
    outer loop
      vertex 52 78.5981 -1
      vertex 55 78.5981 2
      vertex 52 78.5981 2
    endloop
  endfacet
  facet normal 0 -1 -0
    outer loop
      vertex 55 78.5981 2
      vertex 52 78.5981 -1
      vertex 55 78.5981 -1
    endloop
  endfacet
  facet normal 0.866027 0.499997 0
    outer loop
      vertex 52 73.4019 2
      vertex 50.5 76 -1
      vertex 50.5 76 2
    endloop
  endfacet
  facet normal 0.866027 0.499997 0
    outer loop
      vertex 50.5 76 -1
      vertex 52 73.4019 2
      vertex 52 73.4019 -1
    endloop
  endfacet
  facet normal -0.866027 0.499997 0
    outer loop
      vertex 55 73.4019 -1
      vertex 56.5 76 2
      vertex 56.5 76 -1
    endloop
  endfacet
  facet normal -0.866027 0.499997 0
    outer loop
      vertex 56.5 76 2
      vertex 55 73.4019 -1
      vertex 55 73.4019 2
    endloop
  endfacet
  facet normal 0 0 1
    outer loop
      vertex 55 87.5981 -1
      vertex 55 82.4019 -1
      vertex 56.5 85 -1
    endloop
  endfacet
  facet normal -0 0 1
    outer loop
      vertex 52 87.5981 -1
      vertex 55 82.4019 -1
      vertex 55 87.5981 -1
    endloop
  endfacet
  facet normal 0 0 1
    outer loop
      vertex 52 87.5981 -1
      vertex 52 82.4019 -1
      vertex 55 82.4019 -1
    endloop
  endfacet
  facet normal 0 -0 1
    outer loop
      vertex 52 82.4019 -1
      vertex 52 87.5981 -1
      vertex 50.5 85 -1
    endloop
  endfacet
  facet normal -0.866027 -0.499997 0
    outer loop
      vertex 56.5 85 -1
      vertex 55 87.5981 2
      vertex 55 87.5981 -1
    endloop
  endfacet
  facet normal -0.866027 -0.499997 0
    outer loop
      vertex 55 87.5981 2
      vertex 56.5 85 -1
      vertex 56.5 85 2
    endloop
  endfacet
  facet normal 0 1 -0
    outer loop
      vertex 55 82.4019 -1
      vertex 52 82.4019 2
      vertex 55 82.4019 2
    endloop
  endfacet
  facet normal 0 1 0
    outer loop
      vertex 52 82.4019 2
      vertex 55 82.4019 -1
      vertex 52 82.4019 -1
    endloop
  endfacet
  facet normal 0.866027 -0.499997 0
    outer loop
      vertex 50.5 85 2
      vertex 52 87.5981 -1
      vertex 52 87.5981 2
    endloop
  endfacet
  facet normal 0.866027 -0.499997 0
    outer loop
      vertex 52 87.5981 -1
      vertex 50.5 85 2
      vertex 50.5 85 -1
    endloop
  endfacet
  facet normal 0 -1 0
    outer loop
      vertex 52 87.5981 -1
      vertex 55 87.5981 2
      vertex 52 87.5981 2
    endloop
  endfacet
  facet normal 0 -1 -0
    outer loop
      vertex 55 87.5981 2
      vertex 52 87.5981 -1
      vertex 55 87.5981 -1
    endloop
  endfacet
  facet normal 0.866027 0.499997 0
    outer loop
      vertex 52 82.4019 2
      vertex 50.5 85 -1
      vertex 50.5 85 2
    endloop
  endfacet
  facet normal 0.866027 0.499997 0
    outer loop
      vertex 50.5 85 -1
      vertex 52 82.4019 2
      vertex 52 82.4019 -1
    endloop
  endfacet
  facet normal -0.866027 0.499997 0
    outer loop
      vertex 55 82.4019 -1
      vertex 56.5 85 2
      vertex 56.5 85 -1
    endloop
  endfacet
  facet normal -0.866027 0.499997 0
    outer loop
      vertex 56.5 85 2
      vertex 55 82.4019 -1
      vertex 55 82.4019 2
    endloop
  endfacet
  facet normal 0 0 1
    outer loop
      vertex 64 20.0981 -1
      vertex 64 14.9019 -1
      vertex 65.5 17.5 -1
    endloop
  endfacet
  facet normal -0 0 1
    outer loop
      vertex 61 20.0981 -1
      vertex 64 14.9019 -1
      vertex 64 20.0981 -1
    endloop
  endfacet
  facet normal 0 0 1
    outer loop
      vertex 61 20.0981 -1
      vertex 61 14.9019 -1
      vertex 64 14.9019 -1
    endloop
  endfacet
  facet normal 0 -0 1
    outer loop
      vertex 61 14.9019 -1
      vertex 61 20.0981 -1
      vertex 59.5 17.5 -1
    endloop
  endfacet
  facet normal -0.866027 -0.499997 0
    outer loop
      vertex 65.5 17.5 -1
      vertex 64 20.0981 2
      vertex 64 20.0981 -1
    endloop
  endfacet
  facet normal -0.866027 -0.499997 0
    outer loop
      vertex 64 20.0981 2
      vertex 65.5 17.5 -1
      vertex 65.5 17.5 2
    endloop
  endfacet
  facet normal 0 1 -0
    outer loop
      vertex 64 14.9019 -1
      vertex 61 14.9019 2
      vertex 64 14.9019 2
    endloop
  endfacet
  facet normal 0 1 0
    outer loop
      vertex 61 14.9019 2
      vertex 64 14.9019 -1
      vertex 61 14.9019 -1
    endloop
  endfacet
  facet normal 0.866027 -0.499997 0
    outer loop
      vertex 59.5 17.5 2
      vertex 61 20.0981 -1
      vertex 61 20.0981 2
    endloop
  endfacet
  facet normal 0.866027 -0.499997 0
    outer loop
      vertex 61 20.0981 -1
      vertex 59.5 17.5 2
      vertex 59.5 17.5 -1
    endloop
  endfacet
  facet normal 0 -1 0
    outer loop
      vertex 61 20.0981 -1
      vertex 64 20.0981 2
      vertex 61 20.0981 2
    endloop
  endfacet
  facet normal 0 -1 -0
    outer loop
      vertex 64 20.0981 2
      vertex 61 20.0981 -1
      vertex 64 20.0981 -1
    endloop
  endfacet
  facet normal 0.866027 0.499997 0
    outer loop
      vertex 61 14.9019 2
      vertex 59.5 17.5 -1
      vertex 59.5 17.5 2
    endloop
  endfacet
  facet normal 0.866027 0.499997 0
    outer loop
      vertex 59.5 17.5 -1
      vertex 61 14.9019 2
      vertex 61 14.9019 -1
    endloop
  endfacet
  facet normal -0.866027 0.499997 0
    outer loop
      vertex 64 14.9019 -1
      vertex 65.5 17.5 2
      vertex 65.5 17.5 -1
    endloop
  endfacet
  facet normal -0.866027 0.499997 0
    outer loop
      vertex 65.5 17.5 2
      vertex 64 14.9019 -1
      vertex 64 14.9019 2
    endloop
  endfacet
  facet normal 0 0 1
    outer loop
      vertex 64 29.0981 -1
      vertex 64 23.9019 -1
      vertex 65.5 26.5 -1
    endloop
  endfacet
  facet normal -0 0 1
    outer loop
      vertex 61 29.0981 -1
      vertex 64 23.9019 -1
      vertex 64 29.0981 -1
    endloop
  endfacet
  facet normal 0 0 1
    outer loop
      vertex 61 29.0981 -1
      vertex 61 23.9019 -1
      vertex 64 23.9019 -1
    endloop
  endfacet
  facet normal 0 -0 1
    outer loop
      vertex 61 23.9019 -1
      vertex 61 29.0981 -1
      vertex 59.5 26.5 -1
    endloop
  endfacet
  facet normal -0.866027 -0.499997 0
    outer loop
      vertex 65.5 26.5 -1
      vertex 64 29.0981 2
      vertex 64 29.0981 -1
    endloop
  endfacet
  facet normal -0.866027 -0.499997 0
    outer loop
      vertex 64 29.0981 2
      vertex 65.5 26.5 -1
      vertex 65.5 26.5 2
    endloop
  endfacet
  facet normal 0 1 -0
    outer loop
      vertex 64 23.9019 -1
      vertex 61 23.9019 2
      vertex 64 23.9019 2
    endloop
  endfacet
  facet normal 0 1 0
    outer loop
      vertex 61 23.9019 2
      vertex 64 23.9019 -1
      vertex 61 23.9019 -1
    endloop
  endfacet
  facet normal 0.866027 -0.499997 0
    outer loop
      vertex 59.5 26.5 2
      vertex 61 29.0981 -1
      vertex 61 29.0981 2
    endloop
  endfacet
  facet normal 0.866027 -0.499997 0
    outer loop
      vertex 61 29.0981 -1
      vertex 59.5 26.5 2
      vertex 59.5 26.5 -1
    endloop
  endfacet
  facet normal 0 -1 0
    outer loop
      vertex 61 29.0981 -1
      vertex 64 29.0981 2
      vertex 61 29.0981 2
    endloop
  endfacet
  facet normal 0 -1 -0
    outer loop
      vertex 64 29.0981 2
      vertex 61 29.0981 -1
      vertex 64 29.0981 -1
    endloop
  endfacet
  facet normal 0.866027 0.499997 0
    outer loop
      vertex 61 23.9019 2
      vertex 59.5 26.5 -1
      vertex 59.5 26.5 2
    endloop
  endfacet
  facet normal 0.866027 0.499997 0
    outer loop
      vertex 59.5 26.5 -1
      vertex 61 23.9019 2
      vertex 61 23.9019 -1
    endloop
  endfacet
  facet normal -0.866027 0.499997 0
    outer loop
      vertex 64 23.9019 -1
      vertex 65.5 26.5 2
      vertex 65.5 26.5 -1
    endloop
  endfacet
  facet normal -0.866027 0.499997 0
    outer loop
      vertex 65.5 26.5 2
      vertex 64 23.9019 -1
      vertex 64 23.9019 2
    endloop
  endfacet
  facet normal 0 0 1
    outer loop
      vertex 64 38.0981 -1
      vertex 64 32.9019 -1
      vertex 65.5 35.5 -1
    endloop
  endfacet
  facet normal -0 0 1
    outer loop
      vertex 61 38.0981 -1
      vertex 64 32.9019 -1
      vertex 64 38.0981 -1
    endloop
  endfacet
  facet normal 0 0 1
    outer loop
      vertex 61 38.0981 -1
      vertex 61 32.9019 -1
      vertex 64 32.9019 -1
    endloop
  endfacet
  facet normal 0 -0 1
    outer loop
      vertex 61 32.9019 -1
      vertex 61 38.0981 -1
      vertex 59.5 35.5 -1
    endloop
  endfacet
  facet normal -0.866027 -0.499997 0
    outer loop
      vertex 65.5 35.5 -1
      vertex 64 38.0981 2
      vertex 64 38.0981 -1
    endloop
  endfacet
  facet normal -0.866027 -0.499997 0
    outer loop
      vertex 64 38.0981 2
      vertex 65.5 35.5 -1
      vertex 65.5 35.5 2
    endloop
  endfacet
  facet normal 0 1 -0
    outer loop
      vertex 64 32.9019 -1
      vertex 61 32.9019 2
      vertex 64 32.9019 2
    endloop
  endfacet
  facet normal 0 1 0
    outer loop
      vertex 61 32.9019 2
      vertex 64 32.9019 -1
      vertex 61 32.9019 -1
    endloop
  endfacet
  facet normal 0.866027 -0.499997 0
    outer loop
      vertex 59.5 35.5 2
      vertex 61 38.0981 -1
      vertex 61 38.0981 2
    endloop
  endfacet
  facet normal 0.866027 -0.499997 0
    outer loop
      vertex 61 38.0981 -1
      vertex 59.5 35.5 2
      vertex 59.5 35.5 -1
    endloop
  endfacet
  facet normal 0 -1 0
    outer loop
      vertex 61 38.0981 -1
      vertex 64 38.0981 2
      vertex 61 38.0981 2
    endloop
  endfacet
  facet normal 0 -1 -0
    outer loop
      vertex 64 38.0981 2
      vertex 61 38.0981 -1
      vertex 64 38.0981 -1
    endloop
  endfacet
  facet normal 0.866027 0.499997 0
    outer loop
      vertex 61 32.9019 2
      vertex 59.5 35.5 -1
      vertex 59.5 35.5 2
    endloop
  endfacet
  facet normal 0.866027 0.499997 0
    outer loop
      vertex 59.5 35.5 -1
      vertex 61 32.9019 2
      vertex 61 32.9019 -1
    endloop
  endfacet
  facet normal -0.866027 0.499997 0
    outer loop
      vertex 64 32.9019 -1
      vertex 65.5 35.5 2
      vertex 65.5 35.5 -1
    endloop
  endfacet
  facet normal -0.866027 0.499997 0
    outer loop
      vertex 65.5 35.5 2
      vertex 64 32.9019 -1
      vertex 64 32.9019 2
    endloop
  endfacet
  facet normal 0 0 1
    outer loop
      vertex 64 47.0981 -1
      vertex 64 41.9019 -1
      vertex 65.5 44.5 -1
    endloop
  endfacet
  facet normal -0 0 1
    outer loop
      vertex 61 47.0981 -1
      vertex 64 41.9019 -1
      vertex 64 47.0981 -1
    endloop
  endfacet
  facet normal 0 0 1
    outer loop
      vertex 61 47.0981 -1
      vertex 61 41.9019 -1
      vertex 64 41.9019 -1
    endloop
  endfacet
  facet normal 0 -0 1
    outer loop
      vertex 61 41.9019 -1
      vertex 61 47.0981 -1
      vertex 59.5 44.5 -1
    endloop
  endfacet
  facet normal -0.866027 -0.499997 0
    outer loop
      vertex 65.5 44.5 -1
      vertex 64 47.0981 2
      vertex 64 47.0981 -1
    endloop
  endfacet
  facet normal -0.866027 -0.499997 0
    outer loop
      vertex 64 47.0981 2
      vertex 65.5 44.5 -1
      vertex 65.5 44.5 2
    endloop
  endfacet
  facet normal 0 1 -0
    outer loop
      vertex 64 41.9019 -1
      vertex 61 41.9019 2
      vertex 64 41.9019 2
    endloop
  endfacet
  facet normal 0 1 0
    outer loop
      vertex 61 41.9019 2
      vertex 64 41.9019 -1
      vertex 61 41.9019 -1
    endloop
  endfacet
  facet normal 0.866027 -0.499997 0
    outer loop
      vertex 59.5 44.5 2
      vertex 61 47.0981 -1
      vertex 61 47.0981 2
    endloop
  endfacet
  facet normal 0.866027 -0.499997 0
    outer loop
      vertex 61 47.0981 -1
      vertex 59.5 44.5 2
      vertex 59.5 44.5 -1
    endloop
  endfacet
  facet normal 0 -1 0
    outer loop
      vertex 61 47.0981 -1
      vertex 64 47.0981 2
      vertex 61 47.0981 2
    endloop
  endfacet
  facet normal 0 -1 -0
    outer loop
      vertex 64 47.0981 2
      vertex 61 47.0981 -1
      vertex 64 47.0981 -1
    endloop
  endfacet
  facet normal 0.866027 0.499997 0
    outer loop
      vertex 61 41.9019 2
      vertex 59.5 44.5 -1
      vertex 59.5 44.5 2
    endloop
  endfacet
  facet normal 0.866027 0.499997 0
    outer loop
      vertex 59.5 44.5 -1
      vertex 61 41.9019 2
      vertex 61 41.9019 -1
    endloop
  endfacet
  facet normal -0.866027 0.499997 0
    outer loop
      vertex 64 41.9019 -1
      vertex 65.5 44.5 2
      vertex 65.5 44.5 -1
    endloop
  endfacet
  facet normal -0.866027 0.499997 0
    outer loop
      vertex 65.5 44.5 2
      vertex 64 41.9019 -1
      vertex 64 41.9019 2
    endloop
  endfacet
  facet normal 0 0 1
    outer loop
      vertex 64 56.0981 -1
      vertex 64 50.9019 -1
      vertex 65.5 53.5 -1
    endloop
  endfacet
  facet normal -0 0 1
    outer loop
      vertex 61 56.0981 -1
      vertex 64 50.9019 -1
      vertex 64 56.0981 -1
    endloop
  endfacet
  facet normal 0 0 1
    outer loop
      vertex 61 56.0981 -1
      vertex 61 50.9019 -1
      vertex 64 50.9019 -1
    endloop
  endfacet
  facet normal 0 -0 1
    outer loop
      vertex 61 50.9019 -1
      vertex 61 56.0981 -1
      vertex 59.5 53.5 -1
    endloop
  endfacet
  facet normal -0.866027 -0.499997 0
    outer loop
      vertex 65.5 53.5 -1
      vertex 64 56.0981 2
      vertex 64 56.0981 -1
    endloop
  endfacet
  facet normal -0.866027 -0.499997 0
    outer loop
      vertex 64 56.0981 2
      vertex 65.5 53.5 -1
      vertex 65.5 53.5 2
    endloop
  endfacet
  facet normal 0 1 -0
    outer loop
      vertex 64 50.9019 -1
      vertex 61 50.9019 2
      vertex 64 50.9019 2
    endloop
  endfacet
  facet normal 0 1 0
    outer loop
      vertex 61 50.9019 2
      vertex 64 50.9019 -1
      vertex 61 50.9019 -1
    endloop
  endfacet
  facet normal 0.866027 -0.499997 0
    outer loop
      vertex 59.5 53.5 2
      vertex 61 56.0981 -1
      vertex 61 56.0981 2
    endloop
  endfacet
  facet normal 0.866027 -0.499997 0
    outer loop
      vertex 61 56.0981 -1
      vertex 59.5 53.5 2
      vertex 59.5 53.5 -1
    endloop
  endfacet
  facet normal 0 -1 0
    outer loop
      vertex 61 56.0981 -1
      vertex 64 56.0981 2
      vertex 61 56.0981 2
    endloop
  endfacet
  facet normal 0 -1 -0
    outer loop
      vertex 64 56.0981 2
      vertex 61 56.0981 -1
      vertex 64 56.0981 -1
    endloop
  endfacet
  facet normal 0.866027 0.499997 0
    outer loop
      vertex 61 50.9019 2
      vertex 59.5 53.5 -1
      vertex 59.5 53.5 2
    endloop
  endfacet
  facet normal 0.866027 0.499997 0
    outer loop
      vertex 59.5 53.5 -1
      vertex 61 50.9019 2
      vertex 61 50.9019 -1
    endloop
  endfacet
  facet normal -0.866027 0.499997 0
    outer loop
      vertex 64 50.9019 -1
      vertex 65.5 53.5 2
      vertex 65.5 53.5 -1
    endloop
  endfacet
  facet normal -0.866027 0.499997 0
    outer loop
      vertex 65.5 53.5 2
      vertex 64 50.9019 -1
      vertex 64 50.9019 2
    endloop
  endfacet
  facet normal 0 0 1
    outer loop
      vertex 64 65.0981 -1
      vertex 64 59.9019 -1
      vertex 65.5 62.5 -1
    endloop
  endfacet
  facet normal -0 0 1
    outer loop
      vertex 61 65.0981 -1
      vertex 64 59.9019 -1
      vertex 64 65.0981 -1
    endloop
  endfacet
  facet normal 0 0 1
    outer loop
      vertex 61 65.0981 -1
      vertex 61 59.9019 -1
      vertex 64 59.9019 -1
    endloop
  endfacet
  facet normal 0 -0 1
    outer loop
      vertex 61 59.9019 -1
      vertex 61 65.0981 -1
      vertex 59.5 62.5 -1
    endloop
  endfacet
  facet normal -0.866027 -0.499997 0
    outer loop
      vertex 65.5 62.5 -1
      vertex 64 65.0981 2
      vertex 64 65.0981 -1
    endloop
  endfacet
  facet normal -0.866027 -0.499997 0
    outer loop
      vertex 64 65.0981 2
      vertex 65.5 62.5 -1
      vertex 65.5 62.5 2
    endloop
  endfacet
  facet normal 0 1 -0
    outer loop
      vertex 64 59.9019 -1
      vertex 61 59.9019 2
      vertex 64 59.9019 2
    endloop
  endfacet
  facet normal 0 1 0
    outer loop
      vertex 61 59.9019 2
      vertex 64 59.9019 -1
      vertex 61 59.9019 -1
    endloop
  endfacet
  facet normal 0.866027 -0.499997 0
    outer loop
      vertex 59.5 62.5 2
      vertex 61 65.0981 -1
      vertex 61 65.0981 2
    endloop
  endfacet
  facet normal 0.866027 -0.499997 0
    outer loop
      vertex 61 65.0981 -1
      vertex 59.5 62.5 2
      vertex 59.5 62.5 -1
    endloop
  endfacet
  facet normal 0 -1 0
    outer loop
      vertex 61 65.0981 -1
      vertex 64 65.0981 2
      vertex 61 65.0981 2
    endloop
  endfacet
  facet normal 0 -1 -0
    outer loop
      vertex 64 65.0981 2
      vertex 61 65.0981 -1
      vertex 64 65.0981 -1
    endloop
  endfacet
  facet normal 0.866027 0.499997 0
    outer loop
      vertex 61 59.9019 2
      vertex 59.5 62.5 -1
      vertex 59.5 62.5 2
    endloop
  endfacet
  facet normal 0.866027 0.499997 0
    outer loop
      vertex 59.5 62.5 -1
      vertex 61 59.9019 2
      vertex 61 59.9019 -1
    endloop
  endfacet
  facet normal -0.866027 0.499997 0
    outer loop
      vertex 64 59.9019 -1
      vertex 65.5 62.5 2
      vertex 65.5 62.5 -1
    endloop
  endfacet
  facet normal -0.866027 0.499997 0
    outer loop
      vertex 65.5 62.5 2
      vertex 64 59.9019 -1
      vertex 64 59.9019 2
    endloop
  endfacet
  facet normal 0 0 1
    outer loop
      vertex 64 74.0981 -1
      vertex 64 68.9019 -1
      vertex 65.5 71.5 -1
    endloop
  endfacet
  facet normal -0 0 1
    outer loop
      vertex 61 74.0981 -1
      vertex 64 68.9019 -1
      vertex 64 74.0981 -1
    endloop
  endfacet
  facet normal 0 0 1
    outer loop
      vertex 61 74.0981 -1
      vertex 61 68.9019 -1
      vertex 64 68.9019 -1
    endloop
  endfacet
  facet normal 0 -0 1
    outer loop
      vertex 61 68.9019 -1
      vertex 61 74.0981 -1
      vertex 59.5 71.5 -1
    endloop
  endfacet
  facet normal -0.866027 -0.499997 0
    outer loop
      vertex 65.5 71.5 -1
      vertex 64 74.0981 2
      vertex 64 74.0981 -1
    endloop
  endfacet
  facet normal -0.866027 -0.499997 0
    outer loop
      vertex 64 74.0981 2
      vertex 65.5 71.5 -1
      vertex 65.5 71.5 2
    endloop
  endfacet
  facet normal 0 1 -0
    outer loop
      vertex 64 68.9019 -1
      vertex 61 68.9019 2
      vertex 64 68.9019 2
    endloop
  endfacet
  facet normal 0 1 0
    outer loop
      vertex 61 68.9019 2
      vertex 64 68.9019 -1
      vertex 61 68.9019 -1
    endloop
  endfacet
  facet normal 0.866027 -0.499997 0
    outer loop
      vertex 59.5 71.5 2
      vertex 61 74.0981 -1
      vertex 61 74.0981 2
    endloop
  endfacet
  facet normal 0.866027 -0.499997 0
    outer loop
      vertex 61 74.0981 -1
      vertex 59.5 71.5 2
      vertex 59.5 71.5 -1
    endloop
  endfacet
  facet normal 0 -1 0
    outer loop
      vertex 61 74.0981 -1
      vertex 64 74.0981 2
      vertex 61 74.0981 2
    endloop
  endfacet
  facet normal 0 -1 -0
    outer loop
      vertex 64 74.0981 2
      vertex 61 74.0981 -1
      vertex 64 74.0981 -1
    endloop
  endfacet
  facet normal 0.866027 0.499997 0
    outer loop
      vertex 61 68.9019 2
      vertex 59.5 71.5 -1
      vertex 59.5 71.5 2
    endloop
  endfacet
  facet normal 0.866027 0.499997 0
    outer loop
      vertex 59.5 71.5 -1
      vertex 61 68.9019 2
      vertex 61 68.9019 -1
    endloop
  endfacet
  facet normal -0.866027 0.499997 0
    outer loop
      vertex 64 68.9019 -1
      vertex 65.5 71.5 2
      vertex 65.5 71.5 -1
    endloop
  endfacet
  facet normal -0.866027 0.499997 0
    outer loop
      vertex 65.5 71.5 2
      vertex 64 68.9019 -1
      vertex 64 68.9019 2
    endloop
  endfacet
  facet normal 0 0 1
    outer loop
      vertex 64 83.0981 -1
      vertex 64 77.9019 -1
      vertex 65.5 80.5 -1
    endloop
  endfacet
  facet normal -0 0 1
    outer loop
      vertex 61 83.0981 -1
      vertex 64 77.9019 -1
      vertex 64 83.0981 -1
    endloop
  endfacet
  facet normal 0 0 1
    outer loop
      vertex 61 83.0981 -1
      vertex 61 77.9019 -1
      vertex 64 77.9019 -1
    endloop
  endfacet
  facet normal 0 -0 1
    outer loop
      vertex 61 77.9019 -1
      vertex 61 83.0981 -1
      vertex 59.5 80.5 -1
    endloop
  endfacet
  facet normal -0.866027 -0.499997 0
    outer loop
      vertex 65.5 80.5 -1
      vertex 64 83.0981 2
      vertex 64 83.0981 -1
    endloop
  endfacet
  facet normal -0.866027 -0.499997 0
    outer loop
      vertex 64 83.0981 2
      vertex 65.5 80.5 -1
      vertex 65.5 80.5 2
    endloop
  endfacet
  facet normal 0 1 -0
    outer loop
      vertex 64 77.9019 -1
      vertex 61 77.9019 2
      vertex 64 77.9019 2
    endloop
  endfacet
  facet normal 0 1 0
    outer loop
      vertex 61 77.9019 2
      vertex 64 77.9019 -1
      vertex 61 77.9019 -1
    endloop
  endfacet
  facet normal 0.866027 -0.499997 0
    outer loop
      vertex 59.5 80.5 2
      vertex 61 83.0981 -1
      vertex 61 83.0981 2
    endloop
  endfacet
  facet normal 0.866027 -0.499997 0
    outer loop
      vertex 61 83.0981 -1
      vertex 59.5 80.5 2
      vertex 59.5 80.5 -1
    endloop
  endfacet
  facet normal 0 -1 0
    outer loop
      vertex 61 83.0981 -1
      vertex 64 83.0981 2
      vertex 61 83.0981 2
    endloop
  endfacet
  facet normal 0 -1 -0
    outer loop
      vertex 64 83.0981 2
      vertex 61 83.0981 -1
      vertex 64 83.0981 -1
    endloop
  endfacet
  facet normal 0.866027 0.499997 0
    outer loop
      vertex 61 77.9019 2
      vertex 59.5 80.5 -1
      vertex 59.5 80.5 2
    endloop
  endfacet
  facet normal 0.866027 0.499997 0
    outer loop
      vertex 59.5 80.5 -1
      vertex 61 77.9019 2
      vertex 61 77.9019 -1
    endloop
  endfacet
  facet normal -0.866027 0.499997 0
    outer loop
      vertex 64 77.9019 -1
      vertex 65.5 80.5 2
      vertex 65.5 80.5 -1
    endloop
  endfacet
  facet normal -0.866027 0.499997 0
    outer loop
      vertex 65.5 80.5 2
      vertex 64 77.9019 -1
      vertex 64 77.9019 2
    endloop
  endfacet
  facet normal 0 0 1
    outer loop
      vertex 73 24.5981 -1
      vertex 73 19.4019 -1
      vertex 74.5 22 -1
    endloop
  endfacet
  facet normal -0 0 1
    outer loop
      vertex 70 24.5981 -1
      vertex 73 19.4019 -1
      vertex 73 24.5981 -1
    endloop
  endfacet
  facet normal 0 0 1
    outer loop
      vertex 70 24.5981 -1
      vertex 70 19.4019 -1
      vertex 73 19.4019 -1
    endloop
  endfacet
  facet normal 0 -0 1
    outer loop
      vertex 70 19.4019 -1
      vertex 70 24.5981 -1
      vertex 68.5 22 -1
    endloop
  endfacet
  facet normal -0.866027 -0.499997 0
    outer loop
      vertex 74.5 22 -1
      vertex 73 24.5981 2
      vertex 73 24.5981 -1
    endloop
  endfacet
  facet normal -0.866027 -0.499997 0
    outer loop
      vertex 73 24.5981 2
      vertex 74.5 22 -1
      vertex 74.5 22 2
    endloop
  endfacet
  facet normal 0 1 -0
    outer loop
      vertex 73 19.4019 -1
      vertex 70 19.4019 2
      vertex 73 19.4019 2
    endloop
  endfacet
  facet normal 0 1 0
    outer loop
      vertex 70 19.4019 2
      vertex 73 19.4019 -1
      vertex 70 19.4019 -1
    endloop
  endfacet
  facet normal 0.866027 -0.499997 0
    outer loop
      vertex 68.5 22 2
      vertex 70 24.5981 -1
      vertex 70 24.5981 2
    endloop
  endfacet
  facet normal 0.866027 -0.499997 0
    outer loop
      vertex 70 24.5981 -1
      vertex 68.5 22 2
      vertex 68.5 22 -1
    endloop
  endfacet
  facet normal 0 -1 0
    outer loop
      vertex 70 24.5981 -1
      vertex 73 24.5981 2
      vertex 70 24.5981 2
    endloop
  endfacet
  facet normal 0 -1 -0
    outer loop
      vertex 73 24.5981 2
      vertex 70 24.5981 -1
      vertex 73 24.5981 -1
    endloop
  endfacet
  facet normal 0.866027 0.499997 0
    outer loop
      vertex 70 19.4019 2
      vertex 68.5 22 -1
      vertex 68.5 22 2
    endloop
  endfacet
  facet normal 0.866027 0.499997 0
    outer loop
      vertex 68.5 22 -1
      vertex 70 19.4019 2
      vertex 70 19.4019 -1
    endloop
  endfacet
  facet normal -0.866027 0.499997 0
    outer loop
      vertex 73 19.4019 -1
      vertex 74.5 22 2
      vertex 74.5 22 -1
    endloop
  endfacet
  facet normal -0.866027 0.499997 0
    outer loop
      vertex 74.5 22 2
      vertex 73 19.4019 -1
      vertex 73 19.4019 2
    endloop
  endfacet
  facet normal 0 0 1
    outer loop
      vertex 73 33.5981 -1
      vertex 73 28.4019 -1
      vertex 74.5 31 -1
    endloop
  endfacet
  facet normal -0 0 1
    outer loop
      vertex 70 33.5981 -1
      vertex 73 28.4019 -1
      vertex 73 33.5981 -1
    endloop
  endfacet
  facet normal 0 0 1
    outer loop
      vertex 70 33.5981 -1
      vertex 70 28.4019 -1
      vertex 73 28.4019 -1
    endloop
  endfacet
  facet normal 0 -0 1
    outer loop
      vertex 70 28.4019 -1
      vertex 70 33.5981 -1
      vertex 68.5 31 -1
    endloop
  endfacet
  facet normal -0.866027 -0.499997 0
    outer loop
      vertex 74.5 31 -1
      vertex 73 33.5981 2
      vertex 73 33.5981 -1
    endloop
  endfacet
  facet normal -0.866027 -0.499997 0
    outer loop
      vertex 73 33.5981 2
      vertex 74.5 31 -1
      vertex 74.5 31 2
    endloop
  endfacet
  facet normal 0 1 -0
    outer loop
      vertex 73 28.4019 -1
      vertex 70 28.4019 2
      vertex 73 28.4019 2
    endloop
  endfacet
  facet normal 0 1 0
    outer loop
      vertex 70 28.4019 2
      vertex 73 28.4019 -1
      vertex 70 28.4019 -1
    endloop
  endfacet
  facet normal 0.866027 -0.499997 0
    outer loop
      vertex 68.5 31 2
      vertex 70 33.5981 -1
      vertex 70 33.5981 2
    endloop
  endfacet
  facet normal 0.866027 -0.499997 0
    outer loop
      vertex 70 33.5981 -1
      vertex 68.5 31 2
      vertex 68.5 31 -1
    endloop
  endfacet
  facet normal 0 -1 0
    outer loop
      vertex 70 33.5981 -1
      vertex 73 33.5981 2
      vertex 70 33.5981 2
    endloop
  endfacet
  facet normal 0 -1 -0
    outer loop
      vertex 73 33.5981 2
      vertex 70 33.5981 -1
      vertex 73 33.5981 -1
    endloop
  endfacet
  facet normal 0.866027 0.499997 0
    outer loop
      vertex 70 28.4019 2
      vertex 68.5 31 -1
      vertex 68.5 31 2
    endloop
  endfacet
  facet normal 0.866027 0.499997 0
    outer loop
      vertex 68.5 31 -1
      vertex 70 28.4019 2
      vertex 70 28.4019 -1
    endloop
  endfacet
  facet normal -0.866027 0.499997 0
    outer loop
      vertex 73 28.4019 -1
      vertex 74.5 31 2
      vertex 74.5 31 -1
    endloop
  endfacet
  facet normal -0.866027 0.499997 0
    outer loop
      vertex 74.5 31 2
      vertex 73 28.4019 -1
      vertex 73 28.4019 2
    endloop
  endfacet
  facet normal 0 0 1
    outer loop
      vertex 73 42.5981 -1
      vertex 73 37.4019 -1
      vertex 74.5 40 -1
    endloop
  endfacet
  facet normal -0 0 1
    outer loop
      vertex 70 42.5981 -1
      vertex 73 37.4019 -1
      vertex 73 42.5981 -1
    endloop
  endfacet
  facet normal 0 0 1
    outer loop
      vertex 70 42.5981 -1
      vertex 70 37.4019 -1
      vertex 73 37.4019 -1
    endloop
  endfacet
  facet normal 0 -0 1
    outer loop
      vertex 70 37.4019 -1
      vertex 70 42.5981 -1
      vertex 68.5 40 -1
    endloop
  endfacet
  facet normal -0.866027 -0.499997 0
    outer loop
      vertex 74.5 40 -1
      vertex 73 42.5981 2
      vertex 73 42.5981 -1
    endloop
  endfacet
  facet normal -0.866027 -0.499997 0
    outer loop
      vertex 73 42.5981 2
      vertex 74.5 40 -1
      vertex 74.5 40 2
    endloop
  endfacet
  facet normal 0 1 -0
    outer loop
      vertex 73 37.4019 -1
      vertex 70 37.4019 2
      vertex 73 37.4019 2
    endloop
  endfacet
  facet normal 0 1 0
    outer loop
      vertex 70 37.4019 2
      vertex 73 37.4019 -1
      vertex 70 37.4019 -1
    endloop
  endfacet
  facet normal 0.866027 -0.499997 0
    outer loop
      vertex 68.5 40 2
      vertex 70 42.5981 -1
      vertex 70 42.5981 2
    endloop
  endfacet
  facet normal 0.866027 -0.499997 0
    outer loop
      vertex 70 42.5981 -1
      vertex 68.5 40 2
      vertex 68.5 40 -1
    endloop
  endfacet
  facet normal 0 -1 0
    outer loop
      vertex 70 42.5981 -1
      vertex 73 42.5981 2
      vertex 70 42.5981 2
    endloop
  endfacet
  facet normal 0 -1 -0
    outer loop
      vertex 73 42.5981 2
      vertex 70 42.5981 -1
      vertex 73 42.5981 -1
    endloop
  endfacet
  facet normal 0.866027 0.499997 0
    outer loop
      vertex 70 37.4019 2
      vertex 68.5 40 -1
      vertex 68.5 40 2
    endloop
  endfacet
  facet normal 0.866027 0.499997 0
    outer loop
      vertex 68.5 40 -1
      vertex 70 37.4019 2
      vertex 70 37.4019 -1
    endloop
  endfacet
  facet normal -0.866027 0.499997 0
    outer loop
      vertex 73 37.4019 -1
      vertex 74.5 40 2
      vertex 74.5 40 -1
    endloop
  endfacet
  facet normal -0.866027 0.499997 0
    outer loop
      vertex 74.5 40 2
      vertex 73 37.4019 -1
      vertex 73 37.4019 2
    endloop
  endfacet
  facet normal 0 0 1
    outer loop
      vertex 73 51.5981 -1
      vertex 73 46.4019 -1
      vertex 74.5 49 -1
    endloop
  endfacet
  facet normal -0 0 1
    outer loop
      vertex 70 51.5981 -1
      vertex 73 46.4019 -1
      vertex 73 51.5981 -1
    endloop
  endfacet
  facet normal 0 0 1
    outer loop
      vertex 70 51.5981 -1
      vertex 70 46.4019 -1
      vertex 73 46.4019 -1
    endloop
  endfacet
  facet normal 0 -0 1
    outer loop
      vertex 70 46.4019 -1
      vertex 70 51.5981 -1
      vertex 68.5 49 -1
    endloop
  endfacet
  facet normal -0.866027 -0.499997 0
    outer loop
      vertex 74.5 49 -1
      vertex 73 51.5981 2
      vertex 73 51.5981 -1
    endloop
  endfacet
  facet normal -0.866027 -0.499997 0
    outer loop
      vertex 73 51.5981 2
      vertex 74.5 49 -1
      vertex 74.5 49 2
    endloop
  endfacet
  facet normal 0 1 -0
    outer loop
      vertex 73 46.4019 -1
      vertex 70 46.4019 2
      vertex 73 46.4019 2
    endloop
  endfacet
  facet normal 0 1 0
    outer loop
      vertex 70 46.4019 2
      vertex 73 46.4019 -1
      vertex 70 46.4019 -1
    endloop
  endfacet
  facet normal 0.866027 -0.499997 0
    outer loop
      vertex 68.5 49 2
      vertex 70 51.5981 -1
      vertex 70 51.5981 2
    endloop
  endfacet
  facet normal 0.866027 -0.499997 0
    outer loop
      vertex 70 51.5981 -1
      vertex 68.5 49 2
      vertex 68.5 49 -1
    endloop
  endfacet
  facet normal 0 -1 0
    outer loop
      vertex 70 51.5981 -1
      vertex 73 51.5981 2
      vertex 70 51.5981 2
    endloop
  endfacet
  facet normal 0 -1 -0
    outer loop
      vertex 73 51.5981 2
      vertex 70 51.5981 -1
      vertex 73 51.5981 -1
    endloop
  endfacet
  facet normal 0.866027 0.499997 0
    outer loop
      vertex 70 46.4019 2
      vertex 68.5 49 -1
      vertex 68.5 49 2
    endloop
  endfacet
  facet normal 0.866027 0.499997 0
    outer loop
      vertex 68.5 49 -1
      vertex 70 46.4019 2
      vertex 70 46.4019 -1
    endloop
  endfacet
  facet normal -0.866027 0.499997 0
    outer loop
      vertex 73 46.4019 -1
      vertex 74.5 49 2
      vertex 74.5 49 -1
    endloop
  endfacet
  facet normal -0.866027 0.499997 0
    outer loop
      vertex 74.5 49 2
      vertex 73 46.4019 -1
      vertex 73 46.4019 2
    endloop
  endfacet
  facet normal 0 0 1
    outer loop
      vertex 73 60.5981 -1
      vertex 73 55.4019 -1
      vertex 74.5 58 -1
    endloop
  endfacet
  facet normal -0 0 1
    outer loop
      vertex 70 60.5981 -1
      vertex 73 55.4019 -1
      vertex 73 60.5981 -1
    endloop
  endfacet
  facet normal 0 0 1
    outer loop
      vertex 70 60.5981 -1
      vertex 70 55.4019 -1
      vertex 73 55.4019 -1
    endloop
  endfacet
  facet normal 0 -0 1
    outer loop
      vertex 70 55.4019 -1
      vertex 70 60.5981 -1
      vertex 68.5 58 -1
    endloop
  endfacet
  facet normal -0.866027 -0.499997 0
    outer loop
      vertex 74.5 58 -1
      vertex 73 60.5981 2
      vertex 73 60.5981 -1
    endloop
  endfacet
  facet normal -0.866027 -0.499997 0
    outer loop
      vertex 73 60.5981 2
      vertex 74.5 58 -1
      vertex 74.5 58 2
    endloop
  endfacet
  facet normal 0 1 -0
    outer loop
      vertex 73 55.4019 -1
      vertex 70 55.4019 2
      vertex 73 55.4019 2
    endloop
  endfacet
  facet normal 0 1 0
    outer loop
      vertex 70 55.4019 2
      vertex 73 55.4019 -1
      vertex 70 55.4019 -1
    endloop
  endfacet
  facet normal 0.866027 -0.499997 0
    outer loop
      vertex 68.5 58 2
      vertex 70 60.5981 -1
      vertex 70 60.5981 2
    endloop
  endfacet
  facet normal 0.866027 -0.499997 0
    outer loop
      vertex 70 60.5981 -1
      vertex 68.5 58 2
      vertex 68.5 58 -1
    endloop
  endfacet
  facet normal 0 -1 0
    outer loop
      vertex 70 60.5981 -1
      vertex 73 60.5981 2
      vertex 70 60.5981 2
    endloop
  endfacet
  facet normal 0 -1 -0
    outer loop
      vertex 73 60.5981 2
      vertex 70 60.5981 -1
      vertex 73 60.5981 -1
    endloop
  endfacet
  facet normal 0.866027 0.499997 0
    outer loop
      vertex 70 55.4019 2
      vertex 68.5 58 -1
      vertex 68.5 58 2
    endloop
  endfacet
  facet normal 0.866027 0.499997 0
    outer loop
      vertex 68.5 58 -1
      vertex 70 55.4019 2
      vertex 70 55.4019 -1
    endloop
  endfacet
  facet normal -0.866027 0.499997 0
    outer loop
      vertex 73 55.4019 -1
      vertex 74.5 58 2
      vertex 74.5 58 -1
    endloop
  endfacet
  facet normal -0.866027 0.499997 0
    outer loop
      vertex 74.5 58 2
      vertex 73 55.4019 -1
      vertex 73 55.4019 2
    endloop
  endfacet
  facet normal 0 0 1
    outer loop
      vertex 73 69.5981 -1
      vertex 73 64.4019 -1
      vertex 74.5 67 -1
    endloop
  endfacet
  facet normal -0 0 1
    outer loop
      vertex 70 69.5981 -1
      vertex 73 64.4019 -1
      vertex 73 69.5981 -1
    endloop
  endfacet
  facet normal 0 0 1
    outer loop
      vertex 70 69.5981 -1
      vertex 70 64.4019 -1
      vertex 73 64.4019 -1
    endloop
  endfacet
  facet normal 0 -0 1
    outer loop
      vertex 70 64.4019 -1
      vertex 70 69.5981 -1
      vertex 68.5 67 -1
    endloop
  endfacet
  facet normal -0.866027 -0.499997 0
    outer loop
      vertex 74.5 67 -1
      vertex 73 69.5981 2
      vertex 73 69.5981 -1
    endloop
  endfacet
  facet normal -0.866027 -0.499997 0
    outer loop
      vertex 73 69.5981 2
      vertex 74.5 67 -1
      vertex 74.5 67 2
    endloop
  endfacet
  facet normal 0 1 -0
    outer loop
      vertex 73 64.4019 -1
      vertex 70 64.4019 2
      vertex 73 64.4019 2
    endloop
  endfacet
  facet normal 0 1 0
    outer loop
      vertex 70 64.4019 2
      vertex 73 64.4019 -1
      vertex 70 64.4019 -1
    endloop
  endfacet
  facet normal 0.866027 -0.499997 0
    outer loop
      vertex 68.5 67 2
      vertex 70 69.5981 -1
      vertex 70 69.5981 2
    endloop
  endfacet
  facet normal 0.866027 -0.499997 0
    outer loop
      vertex 70 69.5981 -1
      vertex 68.5 67 2
      vertex 68.5 67 -1
    endloop
  endfacet
  facet normal 0 -1 0
    outer loop
      vertex 70 69.5981 -1
      vertex 73 69.5981 2
      vertex 70 69.5981 2
    endloop
  endfacet
  facet normal 0 -1 -0
    outer loop
      vertex 73 69.5981 2
      vertex 70 69.5981 -1
      vertex 73 69.5981 -1
    endloop
  endfacet
  facet normal 0.866027 0.499997 0
    outer loop
      vertex 70 64.4019 2
      vertex 68.5 67 -1
      vertex 68.5 67 2
    endloop
  endfacet
  facet normal 0.866027 0.499997 0
    outer loop
      vertex 68.5 67 -1
      vertex 70 64.4019 2
      vertex 70 64.4019 -1
    endloop
  endfacet
  facet normal -0.866027 0.499997 0
    outer loop
      vertex 73 64.4019 -1
      vertex 74.5 67 2
      vertex 74.5 67 -1
    endloop
  endfacet
  facet normal -0.866027 0.499997 0
    outer loop
      vertex 74.5 67 2
      vertex 73 64.4019 -1
      vertex 73 64.4019 2
    endloop
  endfacet
  facet normal 0 0 1
    outer loop
      vertex 73 78.5981 -1
      vertex 73 73.4019 -1
      vertex 74.5 76 -1
    endloop
  endfacet
  facet normal -0 0 1
    outer loop
      vertex 70 78.5981 -1
      vertex 73 73.4019 -1
      vertex 73 78.5981 -1
    endloop
  endfacet
  facet normal 0 0 1
    outer loop
      vertex 70 78.5981 -1
      vertex 70 73.4019 -1
      vertex 73 73.4019 -1
    endloop
  endfacet
  facet normal 0 -0 1
    outer loop
      vertex 70 73.4019 -1
      vertex 70 78.5981 -1
      vertex 68.5 76 -1
    endloop
  endfacet
  facet normal -0.866027 -0.499997 0
    outer loop
      vertex 74.5 76 -1
      vertex 73 78.5981 2
      vertex 73 78.5981 -1
    endloop
  endfacet
  facet normal -0.866027 -0.499997 0
    outer loop
      vertex 73 78.5981 2
      vertex 74.5 76 -1
      vertex 74.5 76 2
    endloop
  endfacet
  facet normal 0 1 -0
    outer loop
      vertex 73 73.4019 -1
      vertex 70 73.4019 2
      vertex 73 73.4019 2
    endloop
  endfacet
  facet normal 0 1 0
    outer loop
      vertex 70 73.4019 2
      vertex 73 73.4019 -1
      vertex 70 73.4019 -1
    endloop
  endfacet
  facet normal 0.866027 -0.499997 0
    outer loop
      vertex 68.5 76 2
      vertex 70 78.5981 -1
      vertex 70 78.5981 2
    endloop
  endfacet
  facet normal 0.866027 -0.499997 0
    outer loop
      vertex 70 78.5981 -1
      vertex 68.5 76 2
      vertex 68.5 76 -1
    endloop
  endfacet
  facet normal 0 -1 0
    outer loop
      vertex 70 78.5981 -1
      vertex 73 78.5981 2
      vertex 70 78.5981 2
    endloop
  endfacet
  facet normal 0 -1 -0
    outer loop
      vertex 73 78.5981 2
      vertex 70 78.5981 -1
      vertex 73 78.5981 -1
    endloop
  endfacet
  facet normal 0.866027 0.499997 0
    outer loop
      vertex 70 73.4019 2
      vertex 68.5 76 -1
      vertex 68.5 76 2
    endloop
  endfacet
  facet normal 0.866027 0.499997 0
    outer loop
      vertex 68.5 76 -1
      vertex 70 73.4019 2
      vertex 70 73.4019 -1
    endloop
  endfacet
  facet normal -0.866027 0.499997 0
    outer loop
      vertex 73 73.4019 -1
      vertex 74.5 76 2
      vertex 74.5 76 -1
    endloop
  endfacet
  facet normal -0.866027 0.499997 0
    outer loop
      vertex 74.5 76 2
      vertex 73 73.4019 -1
      vertex 73 73.4019 2
    endloop
  endfacet
  facet normal 0 0 1
    outer loop
      vertex 73 87.5981 -1
      vertex 73 82.4019 -1
      vertex 74.5 85 -1
    endloop
  endfacet
  facet normal -0 0 1
    outer loop
      vertex 70 87.5981 -1
      vertex 73 82.4019 -1
      vertex 73 87.5981 -1
    endloop
  endfacet
  facet normal 0 0 1
    outer loop
      vertex 70 87.5981 -1
      vertex 70 82.4019 -1
      vertex 73 82.4019 -1
    endloop
  endfacet
  facet normal 0 -0 1
    outer loop
      vertex 70 82.4019 -1
      vertex 70 87.5981 -1
      vertex 68.5 85 -1
    endloop
  endfacet
  facet normal -0.866027 -0.499997 0
    outer loop
      vertex 74.5 85 -1
      vertex 73 87.5981 2
      vertex 73 87.5981 -1
    endloop
  endfacet
  facet normal -0.866027 -0.499997 0
    outer loop
      vertex 73 87.5981 2
      vertex 74.5 85 -1
      vertex 74.5 85 2
    endloop
  endfacet
  facet normal 0 1 -0
    outer loop
      vertex 73 82.4019 -1
      vertex 70 82.4019 2
      vertex 73 82.4019 2
    endloop
  endfacet
  facet normal 0 1 0
    outer loop
      vertex 70 82.4019 2
      vertex 73 82.4019 -1
      vertex 70 82.4019 -1
    endloop
  endfacet
  facet normal 0.866027 -0.499997 0
    outer loop
      vertex 68.5 85 2
      vertex 70 87.5981 -1
      vertex 70 87.5981 2
    endloop
  endfacet
  facet normal 0.866027 -0.499997 0
    outer loop
      vertex 70 87.5981 -1
      vertex 68.5 85 2
      vertex 68.5 85 -1
    endloop
  endfacet
  facet normal 0 -1 0
    outer loop
      vertex 70 87.5981 -1
      vertex 73 87.5981 2
      vertex 70 87.5981 2
    endloop
  endfacet
  facet normal 0 -1 -0
    outer loop
      vertex 73 87.5981 2
      vertex 70 87.5981 -1
      vertex 73 87.5981 -1
    endloop
  endfacet
  facet normal 0.866027 0.499997 0
    outer loop
      vertex 70 82.4019 2
      vertex 68.5 85 -1
      vertex 68.5 85 2
    endloop
  endfacet
  facet normal 0.866027 0.499997 0
    outer loop
      vertex 68.5 85 -1
      vertex 70 82.4019 2
      vertex 70 82.4019 -1
    endloop
  endfacet
  facet normal -0.866027 0.499997 0
    outer loop
      vertex 73 82.4019 -1
      vertex 74.5 85 2
      vertex 74.5 85 -1
    endloop
  endfacet
  facet normal -0.866027 0.499997 0
    outer loop
      vertex 74.5 85 2
      vertex 73 82.4019 -1
      vertex 73 82.4019 2
    endloop
  endfacet
  facet normal 0 0 1
    outer loop
      vertex 82 20.0981 -1
      vertex 82 14.9019 -1
      vertex 83.5 17.5 -1
    endloop
  endfacet
  facet normal -0 0 1
    outer loop
      vertex 79 20.0981 -1
      vertex 82 14.9019 -1
      vertex 82 20.0981 -1
    endloop
  endfacet
  facet normal 0 0 1
    outer loop
      vertex 79 20.0981 -1
      vertex 79 14.9019 -1
      vertex 82 14.9019 -1
    endloop
  endfacet
  facet normal 0 -0 1
    outer loop
      vertex 79 14.9019 -1
      vertex 79 20.0981 -1
      vertex 77.5 17.5 -1
    endloop
  endfacet
  facet normal -0.866027 -0.499997 0
    outer loop
      vertex 83.5 17.5 -1
      vertex 82 20.0981 2
      vertex 82 20.0981 -1
    endloop
  endfacet
  facet normal -0.866027 -0.499997 0
    outer loop
      vertex 82 20.0981 2
      vertex 83.5 17.5 -1
      vertex 83.5 17.5 2
    endloop
  endfacet
  facet normal 0 1 -0
    outer loop
      vertex 82 14.9019 -1
      vertex 79 14.9019 2
      vertex 82 14.9019 2
    endloop
  endfacet
  facet normal 0 1 0
    outer loop
      vertex 79 14.9019 2
      vertex 82 14.9019 -1
      vertex 79 14.9019 -1
    endloop
  endfacet
  facet normal 0.866027 -0.499997 0
    outer loop
      vertex 77.5 17.5 2
      vertex 79 20.0981 -1
      vertex 79 20.0981 2
    endloop
  endfacet
  facet normal 0.866027 -0.499997 0
    outer loop
      vertex 79 20.0981 -1
      vertex 77.5 17.5 2
      vertex 77.5 17.5 -1
    endloop
  endfacet
  facet normal 0 -1 0
    outer loop
      vertex 79 20.0981 -1
      vertex 82 20.0981 2
      vertex 79 20.0981 2
    endloop
  endfacet
  facet normal 0 -1 -0
    outer loop
      vertex 82 20.0981 2
      vertex 79 20.0981 -1
      vertex 82 20.0981 -1
    endloop
  endfacet
  facet normal 0.866027 0.499997 0
    outer loop
      vertex 79 14.9019 2
      vertex 77.5 17.5 -1
      vertex 77.5 17.5 2
    endloop
  endfacet
  facet normal 0.866027 0.499997 0
    outer loop
      vertex 77.5 17.5 -1
      vertex 79 14.9019 2
      vertex 79 14.9019 -1
    endloop
  endfacet
  facet normal -0.866027 0.499997 0
    outer loop
      vertex 82 14.9019 -1
      vertex 83.5 17.5 2
      vertex 83.5 17.5 -1
    endloop
  endfacet
  facet normal -0.866027 0.499997 0
    outer loop
      vertex 83.5 17.5 2
      vertex 82 14.9019 -1
      vertex 82 14.9019 2
    endloop
  endfacet
  facet normal 0 0 1
    outer loop
      vertex 82 29.0981 -1
      vertex 82 23.9019 -1
      vertex 83.5 26.5 -1
    endloop
  endfacet
  facet normal -0 0 1
    outer loop
      vertex 79 29.0981 -1
      vertex 82 23.9019 -1
      vertex 82 29.0981 -1
    endloop
  endfacet
  facet normal 0 0 1
    outer loop
      vertex 79 29.0981 -1
      vertex 79 23.9019 -1
      vertex 82 23.9019 -1
    endloop
  endfacet
  facet normal 0 -0 1
    outer loop
      vertex 79 23.9019 -1
      vertex 79 29.0981 -1
      vertex 77.5 26.5 -1
    endloop
  endfacet
  facet normal -0.866027 -0.499997 0
    outer loop
      vertex 83.5 26.5 -1
      vertex 82 29.0981 2
      vertex 82 29.0981 -1
    endloop
  endfacet
  facet normal -0.866027 -0.499997 0
    outer loop
      vertex 82 29.0981 2
      vertex 83.5 26.5 -1
      vertex 83.5 26.5 2
    endloop
  endfacet
  facet normal 0 1 -0
    outer loop
      vertex 82 23.9019 -1
      vertex 79 23.9019 2
      vertex 82 23.9019 2
    endloop
  endfacet
  facet normal 0 1 0
    outer loop
      vertex 79 23.9019 2
      vertex 82 23.9019 -1
      vertex 79 23.9019 -1
    endloop
  endfacet
  facet normal 0.866027 -0.499997 0
    outer loop
      vertex 77.5 26.5 2
      vertex 79 29.0981 -1
      vertex 79 29.0981 2
    endloop
  endfacet
  facet normal 0.866027 -0.499997 0
    outer loop
      vertex 79 29.0981 -1
      vertex 77.5 26.5 2
      vertex 77.5 26.5 -1
    endloop
  endfacet
  facet normal 0 -1 0
    outer loop
      vertex 79 29.0981 -1
      vertex 82 29.0981 2
      vertex 79 29.0981 2
    endloop
  endfacet
  facet normal 0 -1 -0
    outer loop
      vertex 82 29.0981 2
      vertex 79 29.0981 -1
      vertex 82 29.0981 -1
    endloop
  endfacet
  facet normal 0.866027 0.499997 0
    outer loop
      vertex 79 23.9019 2
      vertex 77.5 26.5 -1
      vertex 77.5 26.5 2
    endloop
  endfacet
  facet normal 0.866027 0.499997 0
    outer loop
      vertex 77.5 26.5 -1
      vertex 79 23.9019 2
      vertex 79 23.9019 -1
    endloop
  endfacet
  facet normal -0.866027 0.499997 0
    outer loop
      vertex 82 23.9019 -1
      vertex 83.5 26.5 2
      vertex 83.5 26.5 -1
    endloop
  endfacet
  facet normal -0.866027 0.499997 0
    outer loop
      vertex 83.5 26.5 2
      vertex 82 23.9019 -1
      vertex 82 23.9019 2
    endloop
  endfacet
  facet normal 0 0 1
    outer loop
      vertex 82 38.0981 -1
      vertex 82 32.9019 -1
      vertex 83.5 35.5 -1
    endloop
  endfacet
  facet normal -0 0 1
    outer loop
      vertex 79 38.0981 -1
      vertex 82 32.9019 -1
      vertex 82 38.0981 -1
    endloop
  endfacet
  facet normal 0 0 1
    outer loop
      vertex 79 38.0981 -1
      vertex 79 32.9019 -1
      vertex 82 32.9019 -1
    endloop
  endfacet
  facet normal 0 -0 1
    outer loop
      vertex 79 32.9019 -1
      vertex 79 38.0981 -1
      vertex 77.5 35.5 -1
    endloop
  endfacet
  facet normal -0.866027 -0.499997 0
    outer loop
      vertex 83.5 35.5 -1
      vertex 82 38.0981 2
      vertex 82 38.0981 -1
    endloop
  endfacet
  facet normal -0.866027 -0.499997 0
    outer loop
      vertex 82 38.0981 2
      vertex 83.5 35.5 -1
      vertex 83.5 35.5 2
    endloop
  endfacet
  facet normal 0 1 -0
    outer loop
      vertex 82 32.9019 -1
      vertex 79 32.9019 2
      vertex 82 32.9019 2
    endloop
  endfacet
  facet normal 0 1 0
    outer loop
      vertex 79 32.9019 2
      vertex 82 32.9019 -1
      vertex 79 32.9019 -1
    endloop
  endfacet
  facet normal 0.866027 -0.499997 0
    outer loop
      vertex 77.5 35.5 2
      vertex 79 38.0981 -1
      vertex 79 38.0981 2
    endloop
  endfacet
  facet normal 0.866027 -0.499997 0
    outer loop
      vertex 79 38.0981 -1
      vertex 77.5 35.5 2
      vertex 77.5 35.5 -1
    endloop
  endfacet
  facet normal 0 -1 0
    outer loop
      vertex 79 38.0981 -1
      vertex 82 38.0981 2
      vertex 79 38.0981 2
    endloop
  endfacet
  facet normal 0 -1 -0
    outer loop
      vertex 82 38.0981 2
      vertex 79 38.0981 -1
      vertex 82 38.0981 -1
    endloop
  endfacet
  facet normal 0.866027 0.499997 0
    outer loop
      vertex 79 32.9019 2
      vertex 77.5 35.5 -1
      vertex 77.5 35.5 2
    endloop
  endfacet
  facet normal 0.866027 0.499997 0
    outer loop
      vertex 77.5 35.5 -1
      vertex 79 32.9019 2
      vertex 79 32.9019 -1
    endloop
  endfacet
  facet normal -0.866027 0.499997 0
    outer loop
      vertex 82 32.9019 -1
      vertex 83.5 35.5 2
      vertex 83.5 35.5 -1
    endloop
  endfacet
  facet normal -0.866027 0.499997 0
    outer loop
      vertex 83.5 35.5 2
      vertex 82 32.9019 -1
      vertex 82 32.9019 2
    endloop
  endfacet
  facet normal 0 0 1
    outer loop
      vertex 82 47.0981 -1
      vertex 82 41.9019 -1
      vertex 83.5 44.5 -1
    endloop
  endfacet
  facet normal -0 0 1
    outer loop
      vertex 79 47.0981 -1
      vertex 82 41.9019 -1
      vertex 82 47.0981 -1
    endloop
  endfacet
  facet normal 0 0 1
    outer loop
      vertex 79 47.0981 -1
      vertex 79 41.9019 -1
      vertex 82 41.9019 -1
    endloop
  endfacet
  facet normal 0 -0 1
    outer loop
      vertex 79 41.9019 -1
      vertex 79 47.0981 -1
      vertex 77.5 44.5 -1
    endloop
  endfacet
  facet normal -0.866027 -0.499997 0
    outer loop
      vertex 83.5 44.5 -1
      vertex 82 47.0981 2
      vertex 82 47.0981 -1
    endloop
  endfacet
  facet normal -0.866027 -0.499997 0
    outer loop
      vertex 82 47.0981 2
      vertex 83.5 44.5 -1
      vertex 83.5 44.5 2
    endloop
  endfacet
  facet normal 0 1 -0
    outer loop
      vertex 82 41.9019 -1
      vertex 79 41.9019 2
      vertex 82 41.9019 2
    endloop
  endfacet
  facet normal 0 1 0
    outer loop
      vertex 79 41.9019 2
      vertex 82 41.9019 -1
      vertex 79 41.9019 -1
    endloop
  endfacet
  facet normal 0.866027 -0.499997 0
    outer loop
      vertex 77.5 44.5 2
      vertex 79 47.0981 -1
      vertex 79 47.0981 2
    endloop
  endfacet
  facet normal 0.866027 -0.499997 0
    outer loop
      vertex 79 47.0981 -1
      vertex 77.5 44.5 2
      vertex 77.5 44.5 -1
    endloop
  endfacet
  facet normal 0 -1 0
    outer loop
      vertex 79 47.0981 -1
      vertex 82 47.0981 2
      vertex 79 47.0981 2
    endloop
  endfacet
  facet normal 0 -1 -0
    outer loop
      vertex 82 47.0981 2
      vertex 79 47.0981 -1
      vertex 82 47.0981 -1
    endloop
  endfacet
  facet normal 0.866027 0.499997 0
    outer loop
      vertex 79 41.9019 2
      vertex 77.5 44.5 -1
      vertex 77.5 44.5 2
    endloop
  endfacet
  facet normal 0.866027 0.499997 0
    outer loop
      vertex 77.5 44.5 -1
      vertex 79 41.9019 2
      vertex 79 41.9019 -1
    endloop
  endfacet
  facet normal -0.866027 0.499997 0
    outer loop
      vertex 82 41.9019 -1
      vertex 83.5 44.5 2
      vertex 83.5 44.5 -1
    endloop
  endfacet
  facet normal -0.866027 0.499997 0
    outer loop
      vertex 83.5 44.5 2
      vertex 82 41.9019 -1
      vertex 82 41.9019 2
    endloop
  endfacet
  facet normal 0 0 1
    outer loop
      vertex 82 56.0981 -1
      vertex 82 50.9019 -1
      vertex 83.5 53.5 -1
    endloop
  endfacet
  facet normal -0 0 1
    outer loop
      vertex 79 56.0981 -1
      vertex 82 50.9019 -1
      vertex 82 56.0981 -1
    endloop
  endfacet
  facet normal 0 0 1
    outer loop
      vertex 79 56.0981 -1
      vertex 79 50.9019 -1
      vertex 82 50.9019 -1
    endloop
  endfacet
  facet normal 0 -0 1
    outer loop
      vertex 79 50.9019 -1
      vertex 79 56.0981 -1
      vertex 77.5 53.5 -1
    endloop
  endfacet
  facet normal -0.866027 -0.499997 0
    outer loop
      vertex 83.5 53.5 -1
      vertex 82 56.0981 2
      vertex 82 56.0981 -1
    endloop
  endfacet
  facet normal -0.866027 -0.499997 0
    outer loop
      vertex 82 56.0981 2
      vertex 83.5 53.5 -1
      vertex 83.5 53.5 2
    endloop
  endfacet
  facet normal 0 1 -0
    outer loop
      vertex 82 50.9019 -1
      vertex 79 50.9019 2
      vertex 82 50.9019 2
    endloop
  endfacet
  facet normal 0 1 0
    outer loop
      vertex 79 50.9019 2
      vertex 82 50.9019 -1
      vertex 79 50.9019 -1
    endloop
  endfacet
  facet normal 0.866027 -0.499997 0
    outer loop
      vertex 77.5 53.5 2
      vertex 79 56.0981 -1
      vertex 79 56.0981 2
    endloop
  endfacet
  facet normal 0.866027 -0.499997 0
    outer loop
      vertex 79 56.0981 -1
      vertex 77.5 53.5 2
      vertex 77.5 53.5 -1
    endloop
  endfacet
  facet normal 0 -1 0
    outer loop
      vertex 79 56.0981 -1
      vertex 82 56.0981 2
      vertex 79 56.0981 2
    endloop
  endfacet
  facet normal 0 -1 -0
    outer loop
      vertex 82 56.0981 2
      vertex 79 56.0981 -1
      vertex 82 56.0981 -1
    endloop
  endfacet
  facet normal 0.866027 0.499997 0
    outer loop
      vertex 79 50.9019 2
      vertex 77.5 53.5 -1
      vertex 77.5 53.5 2
    endloop
  endfacet
  facet normal 0.866027 0.499997 0
    outer loop
      vertex 77.5 53.5 -1
      vertex 79 50.9019 2
      vertex 79 50.9019 -1
    endloop
  endfacet
  facet normal -0.866027 0.499997 0
    outer loop
      vertex 82 50.9019 -1
      vertex 83.5 53.5 2
      vertex 83.5 53.5 -1
    endloop
  endfacet
  facet normal -0.866027 0.499997 0
    outer loop
      vertex 83.5 53.5 2
      vertex 82 50.9019 -1
      vertex 82 50.9019 2
    endloop
  endfacet
  facet normal 0 0 1
    outer loop
      vertex 82 65.0981 -1
      vertex 82 59.9019 -1
      vertex 83.5 62.5 -1
    endloop
  endfacet
  facet normal -0 0 1
    outer loop
      vertex 79 65.0981 -1
      vertex 82 59.9019 -1
      vertex 82 65.0981 -1
    endloop
  endfacet
  facet normal 0 0 1
    outer loop
      vertex 79 65.0981 -1
      vertex 79 59.9019 -1
      vertex 82 59.9019 -1
    endloop
  endfacet
  facet normal 0 -0 1
    outer loop
      vertex 79 59.9019 -1
      vertex 79 65.0981 -1
      vertex 77.5 62.5 -1
    endloop
  endfacet
  facet normal -0.866027 -0.499997 0
    outer loop
      vertex 83.5 62.5 -1
      vertex 82 65.0981 2
      vertex 82 65.0981 -1
    endloop
  endfacet
  facet normal -0.866027 -0.499997 0
    outer loop
      vertex 82 65.0981 2
      vertex 83.5 62.5 -1
      vertex 83.5 62.5 2
    endloop
  endfacet
  facet normal 0 1 -0
    outer loop
      vertex 82 59.9019 -1
      vertex 79 59.9019 2
      vertex 82 59.9019 2
    endloop
  endfacet
  facet normal 0 1 0
    outer loop
      vertex 79 59.9019 2
      vertex 82 59.9019 -1
      vertex 79 59.9019 -1
    endloop
  endfacet
  facet normal 0.866027 -0.499997 0
    outer loop
      vertex 77.5 62.5 2
      vertex 79 65.0981 -1
      vertex 79 65.0981 2
    endloop
  endfacet
  facet normal 0.866027 -0.499997 0
    outer loop
      vertex 79 65.0981 -1
      vertex 77.5 62.5 2
      vertex 77.5 62.5 -1
    endloop
  endfacet
  facet normal 0 -1 0
    outer loop
      vertex 79 65.0981 -1
      vertex 82 65.0981 2
      vertex 79 65.0981 2
    endloop
  endfacet
  facet normal 0 -1 -0
    outer loop
      vertex 82 65.0981 2
      vertex 79 65.0981 -1
      vertex 82 65.0981 -1
    endloop
  endfacet
  facet normal 0.866027 0.499997 0
    outer loop
      vertex 79 59.9019 2
      vertex 77.5 62.5 -1
      vertex 77.5 62.5 2
    endloop
  endfacet
  facet normal 0.866027 0.499997 0
    outer loop
      vertex 77.5 62.5 -1
      vertex 79 59.9019 2
      vertex 79 59.9019 -1
    endloop
  endfacet
  facet normal -0.866027 0.499997 0
    outer loop
      vertex 82 59.9019 -1
      vertex 83.5 62.5 2
      vertex 83.5 62.5 -1
    endloop
  endfacet
  facet normal -0.866027 0.499997 0
    outer loop
      vertex 83.5 62.5 2
      vertex 82 59.9019 -1
      vertex 82 59.9019 2
    endloop
  endfacet
  facet normal 0 0 1
    outer loop
      vertex 82 74.0981 -1
      vertex 82 68.9019 -1
      vertex 83.5 71.5 -1
    endloop
  endfacet
  facet normal -0 0 1
    outer loop
      vertex 79 74.0981 -1
      vertex 82 68.9019 -1
      vertex 82 74.0981 -1
    endloop
  endfacet
  facet normal 0 0 1
    outer loop
      vertex 79 74.0981 -1
      vertex 79 68.9019 -1
      vertex 82 68.9019 -1
    endloop
  endfacet
  facet normal 0 -0 1
    outer loop
      vertex 79 68.9019 -1
      vertex 79 74.0981 -1
      vertex 77.5 71.5 -1
    endloop
  endfacet
  facet normal -0.866027 -0.499997 0
    outer loop
      vertex 83.5 71.5 -1
      vertex 82 74.0981 2
      vertex 82 74.0981 -1
    endloop
  endfacet
  facet normal -0.866027 -0.499997 0
    outer loop
      vertex 82 74.0981 2
      vertex 83.5 71.5 -1
      vertex 83.5 71.5 2
    endloop
  endfacet
  facet normal 0 1 -0
    outer loop
      vertex 82 68.9019 -1
      vertex 79 68.9019 2
      vertex 82 68.9019 2
    endloop
  endfacet
  facet normal 0 1 0
    outer loop
      vertex 79 68.9019 2
      vertex 82 68.9019 -1
      vertex 79 68.9019 -1
    endloop
  endfacet
  facet normal 0.866027 -0.499997 0
    outer loop
      vertex 77.5 71.5 2
      vertex 79 74.0981 -1
      vertex 79 74.0981 2
    endloop
  endfacet
  facet normal 0.866027 -0.499997 0
    outer loop
      vertex 79 74.0981 -1
      vertex 77.5 71.5 2
      vertex 77.5 71.5 -1
    endloop
  endfacet
  facet normal 0 -1 0
    outer loop
      vertex 79 74.0981 -1
      vertex 82 74.0981 2
      vertex 79 74.0981 2
    endloop
  endfacet
  facet normal 0 -1 -0
    outer loop
      vertex 82 74.0981 2
      vertex 79 74.0981 -1
      vertex 82 74.0981 -1
    endloop
  endfacet
  facet normal 0.866027 0.499997 0
    outer loop
      vertex 79 68.9019 2
      vertex 77.5 71.5 -1
      vertex 77.5 71.5 2
    endloop
  endfacet
  facet normal 0.866027 0.499997 0
    outer loop
      vertex 77.5 71.5 -1
      vertex 79 68.9019 2
      vertex 79 68.9019 -1
    endloop
  endfacet
  facet normal -0.866027 0.499997 0
    outer loop
      vertex 82 68.9019 -1
      vertex 83.5 71.5 2
      vertex 83.5 71.5 -1
    endloop
  endfacet
  facet normal -0.866027 0.499997 0
    outer loop
      vertex 83.5 71.5 2
      vertex 82 68.9019 -1
      vertex 82 68.9019 2
    endloop
  endfacet
  facet normal 0 0 1
    outer loop
      vertex 82 83.0981 -1
      vertex 82 77.9019 -1
      vertex 83.5 80.5 -1
    endloop
  endfacet
  facet normal -0 0 1
    outer loop
      vertex 79 83.0981 -1
      vertex 82 77.9019 -1
      vertex 82 83.0981 -1
    endloop
  endfacet
  facet normal 0 0 1
    outer loop
      vertex 79 83.0981 -1
      vertex 79 77.9019 -1
      vertex 82 77.9019 -1
    endloop
  endfacet
  facet normal 0 -0 1
    outer loop
      vertex 79 77.9019 -1
      vertex 79 83.0981 -1
      vertex 77.5 80.5 -1
    endloop
  endfacet
  facet normal -0.866027 -0.499997 0
    outer loop
      vertex 83.5 80.5 -1
      vertex 82 83.0981 2
      vertex 82 83.0981 -1
    endloop
  endfacet
  facet normal -0.866027 -0.499997 0
    outer loop
      vertex 82 83.0981 2
      vertex 83.5 80.5 -1
      vertex 83.5 80.5 2
    endloop
  endfacet
  facet normal 0 1 -0
    outer loop
      vertex 82 77.9019 -1
      vertex 79 77.9019 2
      vertex 82 77.9019 2
    endloop
  endfacet
  facet normal 0 1 0
    outer loop
      vertex 79 77.9019 2
      vertex 82 77.9019 -1
      vertex 79 77.9019 -1
    endloop
  endfacet
  facet normal 0.866027 -0.499997 0
    outer loop
      vertex 77.5 80.5 2
      vertex 79 83.0981 -1
      vertex 79 83.0981 2
    endloop
  endfacet
  facet normal 0.866027 -0.499997 0
    outer loop
      vertex 79 83.0981 -1
      vertex 77.5 80.5 2
      vertex 77.5 80.5 -1
    endloop
  endfacet
  facet normal 0 -1 0
    outer loop
      vertex 79 83.0981 -1
      vertex 82 83.0981 2
      vertex 79 83.0981 2
    endloop
  endfacet
  facet normal 0 -1 -0
    outer loop
      vertex 82 83.0981 2
      vertex 79 83.0981 -1
      vertex 82 83.0981 -1
    endloop
  endfacet
  facet normal 0.866027 0.499997 0
    outer loop
      vertex 79 77.9019 2
      vertex 77.5 80.5 -1
      vertex 77.5 80.5 2
    endloop
  endfacet
  facet normal 0.866027 0.499997 0
    outer loop
      vertex 77.5 80.5 -1
      vertex 79 77.9019 2
      vertex 79 77.9019 -1
    endloop
  endfacet
  facet normal -0.866027 0.499997 0
    outer loop
      vertex 82 77.9019 -1
      vertex 83.5 80.5 2
      vertex 83.5 80.5 -1
    endloop
  endfacet
  facet normal -0.866027 0.499997 0
    outer loop
      vertex 83.5 80.5 2
      vertex 82 77.9019 -1
      vertex 82 77.9019 2
    endloop
  endfacet
  facet normal 0 0 1
    outer loop
      vertex 91 24.5981 -1
      vertex 91 19.4019 -1
      vertex 92.5 22 -1
    endloop
  endfacet
  facet normal -0 0 1
    outer loop
      vertex 88 24.5981 -1
      vertex 91 19.4019 -1
      vertex 91 24.5981 -1
    endloop
  endfacet
  facet normal 0 0 1
    outer loop
      vertex 88 24.5981 -1
      vertex 88 19.4019 -1
      vertex 91 19.4019 -1
    endloop
  endfacet
  facet normal 0 -0 1
    outer loop
      vertex 88 19.4019 -1
      vertex 88 24.5981 -1
      vertex 86.5 22 -1
    endloop
  endfacet
  facet normal -0.866027 -0.499997 0
    outer loop
      vertex 92.5 22 -1
      vertex 91 24.5981 2
      vertex 91 24.5981 -1
    endloop
  endfacet
  facet normal -0.866027 -0.499997 0
    outer loop
      vertex 91 24.5981 2
      vertex 92.5 22 -1
      vertex 92.5 22 2
    endloop
  endfacet
  facet normal 0 1 -0
    outer loop
      vertex 91 19.4019 -1
      vertex 88 19.4019 2
      vertex 91 19.4019 2
    endloop
  endfacet
  facet normal 0 1 0
    outer loop
      vertex 88 19.4019 2
      vertex 91 19.4019 -1
      vertex 88 19.4019 -1
    endloop
  endfacet
  facet normal 0.866027 -0.499997 0
    outer loop
      vertex 86.5 22 2
      vertex 88 24.5981 -1
      vertex 88 24.5981 2
    endloop
  endfacet
  facet normal 0.866027 -0.499997 0
    outer loop
      vertex 88 24.5981 -1
      vertex 86.5 22 2
      vertex 86.5 22 -1
    endloop
  endfacet
  facet normal 0 -1 0
    outer loop
      vertex 88 24.5981 -1
      vertex 91 24.5981 2
      vertex 88 24.5981 2
    endloop
  endfacet
  facet normal 0 -1 -0
    outer loop
      vertex 91 24.5981 2
      vertex 88 24.5981 -1
      vertex 91 24.5981 -1
    endloop
  endfacet
  facet normal 0.866027 0.499997 0
    outer loop
      vertex 88 19.4019 2
      vertex 86.5 22 -1
      vertex 86.5 22 2
    endloop
  endfacet
  facet normal 0.866027 0.499997 0
    outer loop
      vertex 86.5 22 -1
      vertex 88 19.4019 2
      vertex 88 19.4019 -1
    endloop
  endfacet
  facet normal -0.866027 0.499997 0
    outer loop
      vertex 91 19.4019 -1
      vertex 92.5 22 2
      vertex 92.5 22 -1
    endloop
  endfacet
  facet normal -0.866027 0.499997 0
    outer loop
      vertex 92.5 22 2
      vertex 91 19.4019 -1
      vertex 91 19.4019 2
    endloop
  endfacet
  facet normal 0 0 1
    outer loop
      vertex 91 33.5981 -1
      vertex 91 28.4019 -1
      vertex 92.5 31 -1
    endloop
  endfacet
  facet normal -0 0 1
    outer loop
      vertex 88 33.5981 -1
      vertex 91 28.4019 -1
      vertex 91 33.5981 -1
    endloop
  endfacet
  facet normal 0 0 1
    outer loop
      vertex 88 33.5981 -1
      vertex 88 28.4019 -1
      vertex 91 28.4019 -1
    endloop
  endfacet
  facet normal 0 -0 1
    outer loop
      vertex 88 28.4019 -1
      vertex 88 33.5981 -1
      vertex 86.5 31 -1
    endloop
  endfacet
  facet normal -0.866027 -0.499997 0
    outer loop
      vertex 92.5 31 -1
      vertex 91 33.5981 2
      vertex 91 33.5981 -1
    endloop
  endfacet
  facet normal -0.866027 -0.499997 0
    outer loop
      vertex 91 33.5981 2
      vertex 92.5 31 -1
      vertex 92.5 31 2
    endloop
  endfacet
  facet normal 0 1 -0
    outer loop
      vertex 91 28.4019 -1
      vertex 88 28.4019 2
      vertex 91 28.4019 2
    endloop
  endfacet
  facet normal 0 1 0
    outer loop
      vertex 88 28.4019 2
      vertex 91 28.4019 -1
      vertex 88 28.4019 -1
    endloop
  endfacet
  facet normal 0.866027 -0.499997 0
    outer loop
      vertex 86.5 31 2
      vertex 88 33.5981 -1
      vertex 88 33.5981 2
    endloop
  endfacet
  facet normal 0.866027 -0.499997 0
    outer loop
      vertex 88 33.5981 -1
      vertex 86.5 31 2
      vertex 86.5 31 -1
    endloop
  endfacet
  facet normal 0 -1 0
    outer loop
      vertex 88 33.5981 -1
      vertex 91 33.5981 2
      vertex 88 33.5981 2
    endloop
  endfacet
  facet normal 0 -1 -0
    outer loop
      vertex 91 33.5981 2
      vertex 88 33.5981 -1
      vertex 91 33.5981 -1
    endloop
  endfacet
  facet normal 0.866027 0.499997 0
    outer loop
      vertex 88 28.4019 2
      vertex 86.5 31 -1
      vertex 86.5 31 2
    endloop
  endfacet
  facet normal 0.866027 0.499997 0
    outer loop
      vertex 86.5 31 -1
      vertex 88 28.4019 2
      vertex 88 28.4019 -1
    endloop
  endfacet
  facet normal -0.866027 0.499997 0
    outer loop
      vertex 91 28.4019 -1
      vertex 92.5 31 2
      vertex 92.5 31 -1
    endloop
  endfacet
  facet normal -0.866027 0.499997 0
    outer loop
      vertex 92.5 31 2
      vertex 91 28.4019 -1
      vertex 91 28.4019 2
    endloop
  endfacet
  facet normal 0 0 1
    outer loop
      vertex 91 42.5981 -1
      vertex 91 37.4019 -1
      vertex 92.5 40 -1
    endloop
  endfacet
  facet normal -0 0 1
    outer loop
      vertex 88 42.5981 -1
      vertex 91 37.4019 -1
      vertex 91 42.5981 -1
    endloop
  endfacet
  facet normal 0 0 1
    outer loop
      vertex 88 42.5981 -1
      vertex 88 37.4019 -1
      vertex 91 37.4019 -1
    endloop
  endfacet
  facet normal 0 -0 1
    outer loop
      vertex 88 37.4019 -1
      vertex 88 42.5981 -1
      vertex 86.5 40 -1
    endloop
  endfacet
  facet normal -0.866027 -0.499997 0
    outer loop
      vertex 92.5 40 -1
      vertex 91 42.5981 2
      vertex 91 42.5981 -1
    endloop
  endfacet
  facet normal -0.866027 -0.499997 0
    outer loop
      vertex 91 42.5981 2
      vertex 92.5 40 -1
      vertex 92.5 40 2
    endloop
  endfacet
  facet normal 0 1 -0
    outer loop
      vertex 91 37.4019 -1
      vertex 88 37.4019 2
      vertex 91 37.4019 2
    endloop
  endfacet
  facet normal 0 1 0
    outer loop
      vertex 88 37.4019 2
      vertex 91 37.4019 -1
      vertex 88 37.4019 -1
    endloop
  endfacet
  facet normal 0.866027 -0.499997 0
    outer loop
      vertex 86.5 40 2
      vertex 88 42.5981 -1
      vertex 88 42.5981 2
    endloop
  endfacet
  facet normal 0.866027 -0.499997 0
    outer loop
      vertex 88 42.5981 -1
      vertex 86.5 40 2
      vertex 86.5 40 -1
    endloop
  endfacet
  facet normal 0 -1 0
    outer loop
      vertex 88 42.5981 -1
      vertex 91 42.5981 2
      vertex 88 42.5981 2
    endloop
  endfacet
  facet normal 0 -1 -0
    outer loop
      vertex 91 42.5981 2
      vertex 88 42.5981 -1
      vertex 91 42.5981 -1
    endloop
  endfacet
  facet normal 0.866027 0.499997 0
    outer loop
      vertex 88 37.4019 2
      vertex 86.5 40 -1
      vertex 86.5 40 2
    endloop
  endfacet
  facet normal 0.866027 0.499997 0
    outer loop
      vertex 86.5 40 -1
      vertex 88 37.4019 2
      vertex 88 37.4019 -1
    endloop
  endfacet
  facet normal -0.866027 0.499997 0
    outer loop
      vertex 91 37.4019 -1
      vertex 92.5 40 2
      vertex 92.5 40 -1
    endloop
  endfacet
  facet normal -0.866027 0.499997 0
    outer loop
      vertex 92.5 40 2
      vertex 91 37.4019 -1
      vertex 91 37.4019 2
    endloop
  endfacet
  facet normal 0 0 1
    outer loop
      vertex 91 51.5981 -1
      vertex 91 46.4019 -1
      vertex 92.5 49 -1
    endloop
  endfacet
  facet normal -0 0 1
    outer loop
      vertex 88 51.5981 -1
      vertex 91 46.4019 -1
      vertex 91 51.5981 -1
    endloop
  endfacet
  facet normal 0 0 1
    outer loop
      vertex 88 51.5981 -1
      vertex 88 46.4019 -1
      vertex 91 46.4019 -1
    endloop
  endfacet
  facet normal 0 -0 1
    outer loop
      vertex 88 46.4019 -1
      vertex 88 51.5981 -1
      vertex 86.5 49 -1
    endloop
  endfacet
  facet normal -0.866027 -0.499997 0
    outer loop
      vertex 92.5 49 -1
      vertex 91 51.5981 2
      vertex 91 51.5981 -1
    endloop
  endfacet
  facet normal -0.866027 -0.499997 0
    outer loop
      vertex 91 51.5981 2
      vertex 92.5 49 -1
      vertex 92.5 49 2
    endloop
  endfacet
  facet normal 0 1 -0
    outer loop
      vertex 91 46.4019 -1
      vertex 88 46.4019 2
      vertex 91 46.4019 2
    endloop
  endfacet
  facet normal 0 1 0
    outer loop
      vertex 88 46.4019 2
      vertex 91 46.4019 -1
      vertex 88 46.4019 -1
    endloop
  endfacet
  facet normal 0.866027 -0.499997 0
    outer loop
      vertex 86.5 49 2
      vertex 88 51.5981 -1
      vertex 88 51.5981 2
    endloop
  endfacet
  facet normal 0.866027 -0.499997 0
    outer loop
      vertex 88 51.5981 -1
      vertex 86.5 49 2
      vertex 86.5 49 -1
    endloop
  endfacet
  facet normal 0 -1 0
    outer loop
      vertex 88 51.5981 -1
      vertex 91 51.5981 2
      vertex 88 51.5981 2
    endloop
  endfacet
  facet normal 0 -1 -0
    outer loop
      vertex 91 51.5981 2
      vertex 88 51.5981 -1
      vertex 91 51.5981 -1
    endloop
  endfacet
  facet normal 0.866027 0.499997 0
    outer loop
      vertex 88 46.4019 2
      vertex 86.5 49 -1
      vertex 86.5 49 2
    endloop
  endfacet
  facet normal 0.866027 0.499997 0
    outer loop
      vertex 86.5 49 -1
      vertex 88 46.4019 2
      vertex 88 46.4019 -1
    endloop
  endfacet
  facet normal -0.866027 0.499997 0
    outer loop
      vertex 91 46.4019 -1
      vertex 92.5 49 2
      vertex 92.5 49 -1
    endloop
  endfacet
  facet normal -0.866027 0.499997 0
    outer loop
      vertex 92.5 49 2
      vertex 91 46.4019 -1
      vertex 91 46.4019 2
    endloop
  endfacet
  facet normal 0 0 1
    outer loop
      vertex 91 60.5981 -1
      vertex 91 55.4019 -1
      vertex 92.5 58 -1
    endloop
  endfacet
  facet normal -0 0 1
    outer loop
      vertex 88 60.5981 -1
      vertex 91 55.4019 -1
      vertex 91 60.5981 -1
    endloop
  endfacet
  facet normal 0 0 1
    outer loop
      vertex 88 60.5981 -1
      vertex 88 55.4019 -1
      vertex 91 55.4019 -1
    endloop
  endfacet
  facet normal 0 -0 1
    outer loop
      vertex 88 55.4019 -1
      vertex 88 60.5981 -1
      vertex 86.5 58 -1
    endloop
  endfacet
  facet normal -0.866027 -0.499997 0
    outer loop
      vertex 92.5 58 -1
      vertex 91 60.5981 2
      vertex 91 60.5981 -1
    endloop
  endfacet
  facet normal -0.866027 -0.499997 0
    outer loop
      vertex 91 60.5981 2
      vertex 92.5 58 -1
      vertex 92.5 58 2
    endloop
  endfacet
  facet normal 0 1 -0
    outer loop
      vertex 91 55.4019 -1
      vertex 88 55.4019 2
      vertex 91 55.4019 2
    endloop
  endfacet
  facet normal 0 1 0
    outer loop
      vertex 88 55.4019 2
      vertex 91 55.4019 -1
      vertex 88 55.4019 -1
    endloop
  endfacet
  facet normal 0.866027 -0.499997 0
    outer loop
      vertex 86.5 58 2
      vertex 88 60.5981 -1
      vertex 88 60.5981 2
    endloop
  endfacet
  facet normal 0.866027 -0.499997 0
    outer loop
      vertex 88 60.5981 -1
      vertex 86.5 58 2
      vertex 86.5 58 -1
    endloop
  endfacet
  facet normal 0 -1 0
    outer loop
      vertex 88 60.5981 -1
      vertex 91 60.5981 2
      vertex 88 60.5981 2
    endloop
  endfacet
  facet normal 0 -1 -0
    outer loop
      vertex 91 60.5981 2
      vertex 88 60.5981 -1
      vertex 91 60.5981 -1
    endloop
  endfacet
  facet normal 0.866027 0.499997 0
    outer loop
      vertex 88 55.4019 2
      vertex 86.5 58 -1
      vertex 86.5 58 2
    endloop
  endfacet
  facet normal 0.866027 0.499997 0
    outer loop
      vertex 86.5 58 -1
      vertex 88 55.4019 2
      vertex 88 55.4019 -1
    endloop
  endfacet
  facet normal -0.866027 0.499997 0
    outer loop
      vertex 91 55.4019 -1
      vertex 92.5 58 2
      vertex 92.5 58 -1
    endloop
  endfacet
  facet normal -0.866027 0.499997 0
    outer loop
      vertex 92.5 58 2
      vertex 91 55.4019 -1
      vertex 91 55.4019 2
    endloop
  endfacet
  facet normal 0 0 1
    outer loop
      vertex 91 69.5981 -1
      vertex 91 64.4019 -1
      vertex 92.5 67 -1
    endloop
  endfacet
  facet normal -0 0 1
    outer loop
      vertex 88 69.5981 -1
      vertex 91 64.4019 -1
      vertex 91 69.5981 -1
    endloop
  endfacet
  facet normal 0 0 1
    outer loop
      vertex 88 69.5981 -1
      vertex 88 64.4019 -1
      vertex 91 64.4019 -1
    endloop
  endfacet
  facet normal 0 -0 1
    outer loop
      vertex 88 64.4019 -1
      vertex 88 69.5981 -1
      vertex 86.5 67 -1
    endloop
  endfacet
  facet normal -0.866027 -0.499997 0
    outer loop
      vertex 92.5 67 -1
      vertex 91 69.5981 2
      vertex 91 69.5981 -1
    endloop
  endfacet
  facet normal -0.866027 -0.499997 0
    outer loop
      vertex 91 69.5981 2
      vertex 92.5 67 -1
      vertex 92.5 67 2
    endloop
  endfacet
  facet normal 0 1 -0
    outer loop
      vertex 91 64.4019 -1
      vertex 88 64.4019 2
      vertex 91 64.4019 2
    endloop
  endfacet
  facet normal 0 1 0
    outer loop
      vertex 88 64.4019 2
      vertex 91 64.4019 -1
      vertex 88 64.4019 -1
    endloop
  endfacet
  facet normal 0.866027 -0.499997 0
    outer loop
      vertex 86.5 67 2
      vertex 88 69.5981 -1
      vertex 88 69.5981 2
    endloop
  endfacet
  facet normal 0.866027 -0.499997 0
    outer loop
      vertex 88 69.5981 -1
      vertex 86.5 67 2
      vertex 86.5 67 -1
    endloop
  endfacet
  facet normal 0 -1 0
    outer loop
      vertex 88 69.5981 -1
      vertex 91 69.5981 2
      vertex 88 69.5981 2
    endloop
  endfacet
  facet normal 0 -1 -0
    outer loop
      vertex 91 69.5981 2
      vertex 88 69.5981 -1
      vertex 91 69.5981 -1
    endloop
  endfacet
  facet normal 0.866027 0.499997 0
    outer loop
      vertex 88 64.4019 2
      vertex 86.5 67 -1
      vertex 86.5 67 2
    endloop
  endfacet
  facet normal 0.866027 0.499997 0
    outer loop
      vertex 86.5 67 -1
      vertex 88 64.4019 2
      vertex 88 64.4019 -1
    endloop
  endfacet
  facet normal -0.866027 0.499997 0
    outer loop
      vertex 91 64.4019 -1
      vertex 92.5 67 2
      vertex 92.5 67 -1
    endloop
  endfacet
  facet normal -0.866027 0.499997 0
    outer loop
      vertex 92.5 67 2
      vertex 91 64.4019 -1
      vertex 91 64.4019 2
    endloop
  endfacet
  facet normal 0 0 1
    outer loop
      vertex 91 78.5981 -1
      vertex 91 73.4019 -1
      vertex 92.5 76 -1
    endloop
  endfacet
  facet normal -0 0 1
    outer loop
      vertex 88 78.5981 -1
      vertex 91 73.4019 -1
      vertex 91 78.5981 -1
    endloop
  endfacet
  facet normal 0 0 1
    outer loop
      vertex 88 78.5981 -1
      vertex 88 73.4019 -1
      vertex 91 73.4019 -1
    endloop
  endfacet
  facet normal 0 -0 1
    outer loop
      vertex 88 73.4019 -1
      vertex 88 78.5981 -1
      vertex 86.5 76 -1
    endloop
  endfacet
  facet normal -0.866027 -0.499997 0
    outer loop
      vertex 92.5 76 -1
      vertex 91 78.5981 2
      vertex 91 78.5981 -1
    endloop
  endfacet
  facet normal -0.866027 -0.499997 0
    outer loop
      vertex 91 78.5981 2
      vertex 92.5 76 -1
      vertex 92.5 76 2
    endloop
  endfacet
  facet normal 0 1 -0
    outer loop
      vertex 91 73.4019 -1
      vertex 88 73.4019 2
      vertex 91 73.4019 2
    endloop
  endfacet
  facet normal 0 1 0
    outer loop
      vertex 88 73.4019 2
      vertex 91 73.4019 -1
      vertex 88 73.4019 -1
    endloop
  endfacet
  facet normal 0.866027 -0.499997 0
    outer loop
      vertex 86.5 76 2
      vertex 88 78.5981 -1
      vertex 88 78.5981 2
    endloop
  endfacet
  facet normal 0.866027 -0.499997 0
    outer loop
      vertex 88 78.5981 -1
      vertex 86.5 76 2
      vertex 86.5 76 -1
    endloop
  endfacet
  facet normal 0 -1 0
    outer loop
      vertex 88 78.5981 -1
      vertex 91 78.5981 2
      vertex 88 78.5981 2
    endloop
  endfacet
  facet normal 0 -1 -0
    outer loop
      vertex 91 78.5981 2
      vertex 88 78.5981 -1
      vertex 91 78.5981 -1
    endloop
  endfacet
  facet normal 0.866027 0.499997 0
    outer loop
      vertex 88 73.4019 2
      vertex 86.5 76 -1
      vertex 86.5 76 2
    endloop
  endfacet
  facet normal 0.866027 0.499997 0
    outer loop
      vertex 86.5 76 -1
      vertex 88 73.4019 2
      vertex 88 73.4019 -1
    endloop
  endfacet
  facet normal -0.866027 0.499997 0
    outer loop
      vertex 91 73.4019 -1
      vertex 92.5 76 2
      vertex 92.5 76 -1
    endloop
  endfacet
  facet normal -0.866027 0.499997 0
    outer loop
      vertex 92.5 76 2
      vertex 91 73.4019 -1
      vertex 91 73.4019 2
    endloop
  endfacet
  facet normal 0 0 1
    outer loop
      vertex 91 87.5981 -1
      vertex 91 82.4019 -1
      vertex 92.5 85 -1
    endloop
  endfacet
  facet normal -0 0 1
    outer loop
      vertex 88 87.5981 -1
      vertex 91 82.4019 -1
      vertex 91 87.5981 -1
    endloop
  endfacet
  facet normal 0 0 1
    outer loop
      vertex 88 87.5981 -1
      vertex 88 82.4019 -1
      vertex 91 82.4019 -1
    endloop
  endfacet
  facet normal 0 -0 1
    outer loop
      vertex 88 82.4019 -1
      vertex 88 87.5981 -1
      vertex 86.5 85 -1
    endloop
  endfacet
  facet normal -0.866027 -0.499997 0
    outer loop
      vertex 92.5 85 -1
      vertex 91 87.5981 2
      vertex 91 87.5981 -1
    endloop
  endfacet
  facet normal -0.866027 -0.499997 0
    outer loop
      vertex 91 87.5981 2
      vertex 92.5 85 -1
      vertex 92.5 85 2
    endloop
  endfacet
  facet normal 0 1 -0
    outer loop
      vertex 91 82.4019 -1
      vertex 88 82.4019 2
      vertex 91 82.4019 2
    endloop
  endfacet
  facet normal 0 1 0
    outer loop
      vertex 88 82.4019 2
      vertex 91 82.4019 -1
      vertex 88 82.4019 -1
    endloop
  endfacet
  facet normal 0.866027 -0.499997 0
    outer loop
      vertex 86.5 85 2
      vertex 88 87.5981 -1
      vertex 88 87.5981 2
    endloop
  endfacet
  facet normal 0.866027 -0.499997 0
    outer loop
      vertex 88 87.5981 -1
      vertex 86.5 85 2
      vertex 86.5 85 -1
    endloop
  endfacet
  facet normal 0 -1 0
    outer loop
      vertex 88 87.5981 -1
      vertex 91 87.5981 2
      vertex 88 87.5981 2
    endloop
  endfacet
  facet normal 0 -1 -0
    outer loop
      vertex 91 87.5981 2
      vertex 88 87.5981 -1
      vertex 91 87.5981 -1
    endloop
  endfacet
  facet normal 0.866027 0.499997 0
    outer loop
      vertex 88 82.4019 2
      vertex 86.5 85 -1
      vertex 86.5 85 2
    endloop
  endfacet
  facet normal 0.866027 0.499997 0
    outer loop
      vertex 86.5 85 -1
      vertex 88 82.4019 2
      vertex 88 82.4019 -1
    endloop
  endfacet
  facet normal -0.866027 0.499997 0
    outer loop
      vertex 91 82.4019 -1
      vertex 92.5 85 2
      vertex 92.5 85 -1
    endloop
  endfacet
  facet normal -0.866027 0.499997 0
    outer loop
      vertex 92.5 85 2
      vertex 91 82.4019 -1
      vertex 91 82.4019 2
    endloop
  endfacet
  facet normal 0 0 1
    outer loop
      vertex 100 20.0981 -1
      vertex 100 14.9019 -1
      vertex 101.5 17.5 -1
    endloop
  endfacet
  facet normal -0 0 1
    outer loop
      vertex 97 20.0981 -1
      vertex 100 14.9019 -1
      vertex 100 20.0981 -1
    endloop
  endfacet
  facet normal 0 0 1
    outer loop
      vertex 97 20.0981 -1
      vertex 97 14.9019 -1
      vertex 100 14.9019 -1
    endloop
  endfacet
  facet normal 0 -0 1
    outer loop
      vertex 97 14.9019 -1
      vertex 97 20.0981 -1
      vertex 95.5 17.5 -1
    endloop
  endfacet
  facet normal -0.866027 -0.499997 0
    outer loop
      vertex 101.5 17.5 -1
      vertex 100 20.0981 2
      vertex 100 20.0981 -1
    endloop
  endfacet
  facet normal -0.866027 -0.499997 0
    outer loop
      vertex 100 20.0981 2
      vertex 101.5 17.5 -1
      vertex 101.5 17.5 2
    endloop
  endfacet
  facet normal 0 1 -0
    outer loop
      vertex 100 14.9019 -1
      vertex 97 14.9019 2
      vertex 100 14.9019 2
    endloop
  endfacet
  facet normal 0 1 0
    outer loop
      vertex 97 14.9019 2
      vertex 100 14.9019 -1
      vertex 97 14.9019 -1
    endloop
  endfacet
  facet normal 0.866027 -0.499997 0
    outer loop
      vertex 95.5 17.5 2
      vertex 97 20.0981 -1
      vertex 97 20.0981 2
    endloop
  endfacet
  facet normal 0.866027 -0.499997 0
    outer loop
      vertex 97 20.0981 -1
      vertex 95.5 17.5 2
      vertex 95.5 17.5 -1
    endloop
  endfacet
  facet normal 0 -1 0
    outer loop
      vertex 97 20.0981 -1
      vertex 100 20.0981 2
      vertex 97 20.0981 2
    endloop
  endfacet
  facet normal 0 -1 -0
    outer loop
      vertex 100 20.0981 2
      vertex 97 20.0981 -1
      vertex 100 20.0981 -1
    endloop
  endfacet
  facet normal 0.866027 0.499997 0
    outer loop
      vertex 97 14.9019 2
      vertex 95.5 17.5 -1
      vertex 95.5 17.5 2
    endloop
  endfacet
  facet normal 0.866027 0.499997 0
    outer loop
      vertex 95.5 17.5 -1
      vertex 97 14.9019 2
      vertex 97 14.9019 -1
    endloop
  endfacet
  facet normal -0.866027 0.499997 0
    outer loop
      vertex 100 14.9019 -1
      vertex 101.5 17.5 2
      vertex 101.5 17.5 -1
    endloop
  endfacet
  facet normal -0.866027 0.499997 0
    outer loop
      vertex 101.5 17.5 2
      vertex 100 14.9019 -1
      vertex 100 14.9019 2
    endloop
  endfacet
  facet normal 0 0 1
    outer loop
      vertex 100 29.0981 -1
      vertex 100 23.9019 -1
      vertex 101.5 26.5 -1
    endloop
  endfacet
  facet normal -0 0 1
    outer loop
      vertex 97 29.0981 -1
      vertex 100 23.9019 -1
      vertex 100 29.0981 -1
    endloop
  endfacet
  facet normal 0 0 1
    outer loop
      vertex 97 29.0981 -1
      vertex 97 23.9019 -1
      vertex 100 23.9019 -1
    endloop
  endfacet
  facet normal 0 -0 1
    outer loop
      vertex 97 23.9019 -1
      vertex 97 29.0981 -1
      vertex 95.5 26.5 -1
    endloop
  endfacet
  facet normal -0.866027 -0.499997 0
    outer loop
      vertex 101.5 26.5 -1
      vertex 100 29.0981 2
      vertex 100 29.0981 -1
    endloop
  endfacet
  facet normal -0.866027 -0.499997 0
    outer loop
      vertex 100 29.0981 2
      vertex 101.5 26.5 -1
      vertex 101.5 26.5 2
    endloop
  endfacet
  facet normal 0 1 -0
    outer loop
      vertex 100 23.9019 -1
      vertex 97 23.9019 2
      vertex 100 23.9019 2
    endloop
  endfacet
  facet normal 0 1 0
    outer loop
      vertex 97 23.9019 2
      vertex 100 23.9019 -1
      vertex 97 23.9019 -1
    endloop
  endfacet
  facet normal 0.866027 -0.499997 0
    outer loop
      vertex 95.5 26.5 2
      vertex 97 29.0981 -1
      vertex 97 29.0981 2
    endloop
  endfacet
  facet normal 0.866027 -0.499997 0
    outer loop
      vertex 97 29.0981 -1
      vertex 95.5 26.5 2
      vertex 95.5 26.5 -1
    endloop
  endfacet
  facet normal 0 -1 0
    outer loop
      vertex 97 29.0981 -1
      vertex 100 29.0981 2
      vertex 97 29.0981 2
    endloop
  endfacet
  facet normal 0 -1 -0
    outer loop
      vertex 100 29.0981 2
      vertex 97 29.0981 -1
      vertex 100 29.0981 -1
    endloop
  endfacet
  facet normal 0.866027 0.499997 0
    outer loop
      vertex 97 23.9019 2
      vertex 95.5 26.5 -1
      vertex 95.5 26.5 2
    endloop
  endfacet
  facet normal 0.866027 0.499997 0
    outer loop
      vertex 95.5 26.5 -1
      vertex 97 23.9019 2
      vertex 97 23.9019 -1
    endloop
  endfacet
  facet normal -0.866027 0.499997 0
    outer loop
      vertex 100 23.9019 -1
      vertex 101.5 26.5 2
      vertex 101.5 26.5 -1
    endloop
  endfacet
  facet normal -0.866027 0.499997 0
    outer loop
      vertex 101.5 26.5 2
      vertex 100 23.9019 -1
      vertex 100 23.9019 2
    endloop
  endfacet
  facet normal 0 0 1
    outer loop
      vertex 100 38.0981 -1
      vertex 100 32.9019 -1
      vertex 101.5 35.5 -1
    endloop
  endfacet
  facet normal -0 0 1
    outer loop
      vertex 97 38.0981 -1
      vertex 100 32.9019 -1
      vertex 100 38.0981 -1
    endloop
  endfacet
  facet normal 0 0 1
    outer loop
      vertex 97 38.0981 -1
      vertex 97 32.9019 -1
      vertex 100 32.9019 -1
    endloop
  endfacet
  facet normal 0 -0 1
    outer loop
      vertex 97 32.9019 -1
      vertex 97 38.0981 -1
      vertex 95.5 35.5 -1
    endloop
  endfacet
  facet normal -0.866027 -0.499997 0
    outer loop
      vertex 101.5 35.5 -1
      vertex 100 38.0981 2
      vertex 100 38.0981 -1
    endloop
  endfacet
  facet normal -0.866027 -0.499997 0
    outer loop
      vertex 100 38.0981 2
      vertex 101.5 35.5 -1
      vertex 101.5 35.5 2
    endloop
  endfacet
  facet normal 0 1 -0
    outer loop
      vertex 100 32.9019 -1
      vertex 97 32.9019 2
      vertex 100 32.9019 2
    endloop
  endfacet
  facet normal 0 1 0
    outer loop
      vertex 97 32.9019 2
      vertex 100 32.9019 -1
      vertex 97 32.9019 -1
    endloop
  endfacet
  facet normal 0.866027 -0.499997 0
    outer loop
      vertex 95.5 35.5 2
      vertex 97 38.0981 -1
      vertex 97 38.0981 2
    endloop
  endfacet
  facet normal 0.866027 -0.499997 0
    outer loop
      vertex 97 38.0981 -1
      vertex 95.5 35.5 2
      vertex 95.5 35.5 -1
    endloop
  endfacet
  facet normal 0 -1 0
    outer loop
      vertex 97 38.0981 -1
      vertex 100 38.0981 2
      vertex 97 38.0981 2
    endloop
  endfacet
  facet normal 0 -1 -0
    outer loop
      vertex 100 38.0981 2
      vertex 97 38.0981 -1
      vertex 100 38.0981 -1
    endloop
  endfacet
  facet normal 0.866027 0.499997 0
    outer loop
      vertex 97 32.9019 2
      vertex 95.5 35.5 -1
      vertex 95.5 35.5 2
    endloop
  endfacet
  facet normal 0.866027 0.499997 0
    outer loop
      vertex 95.5 35.5 -1
      vertex 97 32.9019 2
      vertex 97 32.9019 -1
    endloop
  endfacet
  facet normal -0.866027 0.499997 0
    outer loop
      vertex 100 32.9019 -1
      vertex 101.5 35.5 2
      vertex 101.5 35.5 -1
    endloop
  endfacet
  facet normal -0.866027 0.499997 0
    outer loop
      vertex 101.5 35.5 2
      vertex 100 32.9019 -1
      vertex 100 32.9019 2
    endloop
  endfacet
  facet normal 0 0 1
    outer loop
      vertex 100 47.0981 -1
      vertex 100 41.9019 -1
      vertex 101.5 44.5 -1
    endloop
  endfacet
  facet normal -0 0 1
    outer loop
      vertex 97 47.0981 -1
      vertex 100 41.9019 -1
      vertex 100 47.0981 -1
    endloop
  endfacet
  facet normal 0 0 1
    outer loop
      vertex 97 47.0981 -1
      vertex 97 41.9019 -1
      vertex 100 41.9019 -1
    endloop
  endfacet
  facet normal 0 -0 1
    outer loop
      vertex 97 41.9019 -1
      vertex 97 47.0981 -1
      vertex 95.5 44.5 -1
    endloop
  endfacet
  facet normal -0.866027 -0.499997 0
    outer loop
      vertex 101.5 44.5 -1
      vertex 100 47.0981 2
      vertex 100 47.0981 -1
    endloop
  endfacet
  facet normal -0.866027 -0.499997 0
    outer loop
      vertex 100 47.0981 2
      vertex 101.5 44.5 -1
      vertex 101.5 44.5 2
    endloop
  endfacet
  facet normal 0 1 -0
    outer loop
      vertex 100 41.9019 -1
      vertex 97 41.9019 2
      vertex 100 41.9019 2
    endloop
  endfacet
  facet normal 0 1 0
    outer loop
      vertex 97 41.9019 2
      vertex 100 41.9019 -1
      vertex 97 41.9019 -1
    endloop
  endfacet
  facet normal 0.866027 -0.499997 0
    outer loop
      vertex 95.5 44.5 2
      vertex 97 47.0981 -1
      vertex 97 47.0981 2
    endloop
  endfacet
  facet normal 0.866027 -0.499997 0
    outer loop
      vertex 97 47.0981 -1
      vertex 95.5 44.5 2
      vertex 95.5 44.5 -1
    endloop
  endfacet
  facet normal 0 -1 0
    outer loop
      vertex 97 47.0981 -1
      vertex 100 47.0981 2
      vertex 97 47.0981 2
    endloop
  endfacet
  facet normal 0 -1 -0
    outer loop
      vertex 100 47.0981 2
      vertex 97 47.0981 -1
      vertex 100 47.0981 -1
    endloop
  endfacet
  facet normal 0.866027 0.499997 0
    outer loop
      vertex 97 41.9019 2
      vertex 95.5 44.5 -1
      vertex 95.5 44.5 2
    endloop
  endfacet
  facet normal 0.866027 0.499997 0
    outer loop
      vertex 95.5 44.5 -1
      vertex 97 41.9019 2
      vertex 97 41.9019 -1
    endloop
  endfacet
  facet normal -0.866027 0.499997 0
    outer loop
      vertex 100 41.9019 -1
      vertex 101.5 44.5 2
      vertex 101.5 44.5 -1
    endloop
  endfacet
  facet normal -0.866027 0.499997 0
    outer loop
      vertex 101.5 44.5 2
      vertex 100 41.9019 -1
      vertex 100 41.9019 2
    endloop
  endfacet
  facet normal 0 0 1
    outer loop
      vertex 100 56.0981 -1
      vertex 100 50.9019 -1
      vertex 101.5 53.5 -1
    endloop
  endfacet
  facet normal -0 0 1
    outer loop
      vertex 97 56.0981 -1
      vertex 100 50.9019 -1
      vertex 100 56.0981 -1
    endloop
  endfacet
  facet normal 0 0 1
    outer loop
      vertex 97 56.0981 -1
      vertex 97 50.9019 -1
      vertex 100 50.9019 -1
    endloop
  endfacet
  facet normal 0 -0 1
    outer loop
      vertex 97 50.9019 -1
      vertex 97 56.0981 -1
      vertex 95.5 53.5 -1
    endloop
  endfacet
  facet normal -0.866027 -0.499997 0
    outer loop
      vertex 101.5 53.5 -1
      vertex 100 56.0981 2
      vertex 100 56.0981 -1
    endloop
  endfacet
  facet normal -0.866027 -0.499997 0
    outer loop
      vertex 100 56.0981 2
      vertex 101.5 53.5 -1
      vertex 101.5 53.5 2
    endloop
  endfacet
  facet normal 0 1 -0
    outer loop
      vertex 100 50.9019 -1
      vertex 97 50.9019 2
      vertex 100 50.9019 2
    endloop
  endfacet
  facet normal 0 1 0
    outer loop
      vertex 97 50.9019 2
      vertex 100 50.9019 -1
      vertex 97 50.9019 -1
    endloop
  endfacet
  facet normal 0.866027 -0.499997 0
    outer loop
      vertex 95.5 53.5 2
      vertex 97 56.0981 -1
      vertex 97 56.0981 2
    endloop
  endfacet
  facet normal 0.866027 -0.499997 0
    outer loop
      vertex 97 56.0981 -1
      vertex 95.5 53.5 2
      vertex 95.5 53.5 -1
    endloop
  endfacet
  facet normal 0 -1 0
    outer loop
      vertex 97 56.0981 -1
      vertex 100 56.0981 2
      vertex 97 56.0981 2
    endloop
  endfacet
  facet normal 0 -1 -0
    outer loop
      vertex 100 56.0981 2
      vertex 97 56.0981 -1
      vertex 100 56.0981 -1
    endloop
  endfacet
  facet normal 0.866027 0.499997 0
    outer loop
      vertex 97 50.9019 2
      vertex 95.5 53.5 -1
      vertex 95.5 53.5 2
    endloop
  endfacet
  facet normal 0.866027 0.499997 0
    outer loop
      vertex 95.5 53.5 -1
      vertex 97 50.9019 2
      vertex 97 50.9019 -1
    endloop
  endfacet
  facet normal -0.866027 0.499997 0
    outer loop
      vertex 100 50.9019 -1
      vertex 101.5 53.5 2
      vertex 101.5 53.5 -1
    endloop
  endfacet
  facet normal -0.866027 0.499997 0
    outer loop
      vertex 101.5 53.5 2
      vertex 100 50.9019 -1
      vertex 100 50.9019 2
    endloop
  endfacet
  facet normal 0 0 1
    outer loop
      vertex 100 65.0981 -1
      vertex 100 59.9019 -1
      vertex 101.5 62.5 -1
    endloop
  endfacet
  facet normal -0 0 1
    outer loop
      vertex 97 65.0981 -1
      vertex 100 59.9019 -1
      vertex 100 65.0981 -1
    endloop
  endfacet
  facet normal 0 0 1
    outer loop
      vertex 97 65.0981 -1
      vertex 97 59.9019 -1
      vertex 100 59.9019 -1
    endloop
  endfacet
  facet normal 0 -0 1
    outer loop
      vertex 97 59.9019 -1
      vertex 97 65.0981 -1
      vertex 95.5 62.5 -1
    endloop
  endfacet
  facet normal -0.866027 -0.499997 0
    outer loop
      vertex 101.5 62.5 -1
      vertex 100 65.0981 2
      vertex 100 65.0981 -1
    endloop
  endfacet
  facet normal -0.866027 -0.499997 0
    outer loop
      vertex 100 65.0981 2
      vertex 101.5 62.5 -1
      vertex 101.5 62.5 2
    endloop
  endfacet
  facet normal 0 1 -0
    outer loop
      vertex 100 59.9019 -1
      vertex 97 59.9019 2
      vertex 100 59.9019 2
    endloop
  endfacet
  facet normal 0 1 0
    outer loop
      vertex 97 59.9019 2
      vertex 100 59.9019 -1
      vertex 97 59.9019 -1
    endloop
  endfacet
  facet normal 0.866027 -0.499997 0
    outer loop
      vertex 95.5 62.5 2
      vertex 97 65.0981 -1
      vertex 97 65.0981 2
    endloop
  endfacet
  facet normal 0.866027 -0.499997 0
    outer loop
      vertex 97 65.0981 -1
      vertex 95.5 62.5 2
      vertex 95.5 62.5 -1
    endloop
  endfacet
  facet normal 0 -1 0
    outer loop
      vertex 97 65.0981 -1
      vertex 100 65.0981 2
      vertex 97 65.0981 2
    endloop
  endfacet
  facet normal 0 -1 -0
    outer loop
      vertex 100 65.0981 2
      vertex 97 65.0981 -1
      vertex 100 65.0981 -1
    endloop
  endfacet
  facet normal 0.866027 0.499997 0
    outer loop
      vertex 97 59.9019 2
      vertex 95.5 62.5 -1
      vertex 95.5 62.5 2
    endloop
  endfacet
  facet normal 0.866027 0.499997 0
    outer loop
      vertex 95.5 62.5 -1
      vertex 97 59.9019 2
      vertex 97 59.9019 -1
    endloop
  endfacet
  facet normal -0.866027 0.499997 0
    outer loop
      vertex 100 59.9019 -1
      vertex 101.5 62.5 2
      vertex 101.5 62.5 -1
    endloop
  endfacet
  facet normal -0.866027 0.499997 0
    outer loop
      vertex 101.5 62.5 2
      vertex 100 59.9019 -1
      vertex 100 59.9019 2
    endloop
  endfacet
  facet normal 0 0 1
    outer loop
      vertex 100 74.0981 -1
      vertex 100 68.9019 -1
      vertex 101.5 71.5 -1
    endloop
  endfacet
  facet normal -0 0 1
    outer loop
      vertex 97 74.0981 -1
      vertex 100 68.9019 -1
      vertex 100 74.0981 -1
    endloop
  endfacet
  facet normal 0 0 1
    outer loop
      vertex 97 74.0981 -1
      vertex 97 68.9019 -1
      vertex 100 68.9019 -1
    endloop
  endfacet
  facet normal 0 -0 1
    outer loop
      vertex 97 68.9019 -1
      vertex 97 74.0981 -1
      vertex 95.5 71.5 -1
    endloop
  endfacet
  facet normal -0.866027 -0.499997 0
    outer loop
      vertex 101.5 71.5 -1
      vertex 100 74.0981 2
      vertex 100 74.0981 -1
    endloop
  endfacet
  facet normal -0.866027 -0.499997 0
    outer loop
      vertex 100 74.0981 2
      vertex 101.5 71.5 -1
      vertex 101.5 71.5 2
    endloop
  endfacet
  facet normal 0 1 -0
    outer loop
      vertex 100 68.9019 -1
      vertex 97 68.9019 2
      vertex 100 68.9019 2
    endloop
  endfacet
  facet normal 0 1 0
    outer loop
      vertex 97 68.9019 2
      vertex 100 68.9019 -1
      vertex 97 68.9019 -1
    endloop
  endfacet
  facet normal 0.866027 -0.499997 0
    outer loop
      vertex 95.5 71.5 2
      vertex 97 74.0981 -1
      vertex 97 74.0981 2
    endloop
  endfacet
  facet normal 0.866027 -0.499997 0
    outer loop
      vertex 97 74.0981 -1
      vertex 95.5 71.5 2
      vertex 95.5 71.5 -1
    endloop
  endfacet
  facet normal 0 -1 0
    outer loop
      vertex 97 74.0981 -1
      vertex 100 74.0981 2
      vertex 97 74.0981 2
    endloop
  endfacet
  facet normal 0 -1 -0
    outer loop
      vertex 100 74.0981 2
      vertex 97 74.0981 -1
      vertex 100 74.0981 -1
    endloop
  endfacet
  facet normal 0.866027 0.499997 0
    outer loop
      vertex 97 68.9019 2
      vertex 95.5 71.5 -1
      vertex 95.5 71.5 2
    endloop
  endfacet
  facet normal 0.866027 0.499997 0
    outer loop
      vertex 95.5 71.5 -1
      vertex 97 68.9019 2
      vertex 97 68.9019 -1
    endloop
  endfacet
  facet normal -0.866027 0.499997 0
    outer loop
      vertex 100 68.9019 -1
      vertex 101.5 71.5 2
      vertex 101.5 71.5 -1
    endloop
  endfacet
  facet normal -0.866027 0.499997 0
    outer loop
      vertex 101.5 71.5 2
      vertex 100 68.9019 -1
      vertex 100 68.9019 2
    endloop
  endfacet
  facet normal 0 0 1
    outer loop
      vertex 100 83.0981 -1
      vertex 100 77.9019 -1
      vertex 101.5 80.5 -1
    endloop
  endfacet
  facet normal -0 0 1
    outer loop
      vertex 97 83.0981 -1
      vertex 100 77.9019 -1
      vertex 100 83.0981 -1
    endloop
  endfacet
  facet normal 0 0 1
    outer loop
      vertex 97 83.0981 -1
      vertex 97 77.9019 -1
      vertex 100 77.9019 -1
    endloop
  endfacet
  facet normal 0 -0 1
    outer loop
      vertex 97 77.9019 -1
      vertex 97 83.0981 -1
      vertex 95.5 80.5 -1
    endloop
  endfacet
  facet normal -0.866027 -0.499997 0
    outer loop
      vertex 101.5 80.5 -1
      vertex 100 83.0981 2
      vertex 100 83.0981 -1
    endloop
  endfacet
  facet normal -0.866027 -0.499997 0
    outer loop
      vertex 100 83.0981 2
      vertex 101.5 80.5 -1
      vertex 101.5 80.5 2
    endloop
  endfacet
  facet normal 0 1 -0
    outer loop
      vertex 100 77.9019 -1
      vertex 97 77.9019 2
      vertex 100 77.9019 2
    endloop
  endfacet
  facet normal 0 1 0
    outer loop
      vertex 97 77.9019 2
      vertex 100 77.9019 -1
      vertex 97 77.9019 -1
    endloop
  endfacet
  facet normal 0.866027 -0.499997 0
    outer loop
      vertex 95.5 80.5 2
      vertex 97 83.0981 -1
      vertex 97 83.0981 2
    endloop
  endfacet
  facet normal 0.866027 -0.499997 0
    outer loop
      vertex 97 83.0981 -1
      vertex 95.5 80.5 2
      vertex 95.5 80.5 -1
    endloop
  endfacet
  facet normal 0 -1 0
    outer loop
      vertex 97 83.0981 -1
      vertex 100 83.0981 2
      vertex 97 83.0981 2
    endloop
  endfacet
  facet normal 0 -1 -0
    outer loop
      vertex 100 83.0981 2
      vertex 97 83.0981 -1
      vertex 100 83.0981 -1
    endloop
  endfacet
  facet normal 0.866027 0.499997 0
    outer loop
      vertex 97 77.9019 2
      vertex 95.5 80.5 -1
      vertex 95.5 80.5 2
    endloop
  endfacet
  facet normal 0.866027 0.499997 0
    outer loop
      vertex 95.5 80.5 -1
      vertex 97 77.9019 2
      vertex 97 77.9019 -1
    endloop
  endfacet
  facet normal -0.866027 0.499997 0
    outer loop
      vertex 100 77.9019 -1
      vertex 101.5 80.5 2
      vertex 101.5 80.5 -1
    endloop
  endfacet
  facet normal -0.866027 0.499997 0
    outer loop
      vertex 101.5 80.5 2
      vertex 100 77.9019 -1
      vertex 100 77.9019 2
    endloop
  endfacet
  facet normal 0 0 1
    outer loop
      vertex 109 24.5981 -1
      vertex 109 19.4019 -1
      vertex 110.5 22 -1
    endloop
  endfacet
  facet normal -0 0 1
    outer loop
      vertex 106 24.5981 -1
      vertex 109 19.4019 -1
      vertex 109 24.5981 -1
    endloop
  endfacet
  facet normal 0 0 1
    outer loop
      vertex 106 24.5981 -1
      vertex 106 19.4019 -1
      vertex 109 19.4019 -1
    endloop
  endfacet
  facet normal 0 -0 1
    outer loop
      vertex 106 19.4019 -1
      vertex 106 24.5981 -1
      vertex 104.5 22 -1
    endloop
  endfacet
  facet normal -0.866027 -0.499997 0
    outer loop
      vertex 110.5 22 -1
      vertex 109 24.5981 2
      vertex 109 24.5981 -1
    endloop
  endfacet
  facet normal -0.866027 -0.499997 0
    outer loop
      vertex 109 24.5981 2
      vertex 110.5 22 -1
      vertex 110.5 22 2
    endloop
  endfacet
  facet normal 0 1 -0
    outer loop
      vertex 109 19.4019 -1
      vertex 106 19.4019 2
      vertex 109 19.4019 2
    endloop
  endfacet
  facet normal 0 1 0
    outer loop
      vertex 106 19.4019 2
      vertex 109 19.4019 -1
      vertex 106 19.4019 -1
    endloop
  endfacet
  facet normal 0.866027 -0.499997 0
    outer loop
      vertex 104.5 22 2
      vertex 106 24.5981 -1
      vertex 106 24.5981 2
    endloop
  endfacet
  facet normal 0.866027 -0.499997 0
    outer loop
      vertex 106 24.5981 -1
      vertex 104.5 22 2
      vertex 104.5 22 -1
    endloop
  endfacet
  facet normal 0 -1 0
    outer loop
      vertex 106 24.5981 -1
      vertex 109 24.5981 2
      vertex 106 24.5981 2
    endloop
  endfacet
  facet normal 0 -1 -0
    outer loop
      vertex 109 24.5981 2
      vertex 106 24.5981 -1
      vertex 109 24.5981 -1
    endloop
  endfacet
  facet normal 0.866027 0.499997 0
    outer loop
      vertex 106 19.4019 2
      vertex 104.5 22 -1
      vertex 104.5 22 2
    endloop
  endfacet
  facet normal 0.866027 0.499997 0
    outer loop
      vertex 104.5 22 -1
      vertex 106 19.4019 2
      vertex 106 19.4019 -1
    endloop
  endfacet
  facet normal -0.866027 0.499997 0
    outer loop
      vertex 109 19.4019 -1
      vertex 110.5 22 2
      vertex 110.5 22 -1
    endloop
  endfacet
  facet normal -0.866027 0.499997 0
    outer loop
      vertex 110.5 22 2
      vertex 109 19.4019 -1
      vertex 109 19.4019 2
    endloop
  endfacet
  facet normal 0 0 1
    outer loop
      vertex 109 33.5981 -1
      vertex 109 28.4019 -1
      vertex 110.5 31 -1
    endloop
  endfacet
  facet normal -0 0 1
    outer loop
      vertex 106 33.5981 -1
      vertex 109 28.4019 -1
      vertex 109 33.5981 -1
    endloop
  endfacet
  facet normal 0 0 1
    outer loop
      vertex 106 33.5981 -1
      vertex 106 28.4019 -1
      vertex 109 28.4019 -1
    endloop
  endfacet
  facet normal 0 -0 1
    outer loop
      vertex 106 28.4019 -1
      vertex 106 33.5981 -1
      vertex 104.5 31 -1
    endloop
  endfacet
  facet normal -0.866027 -0.499997 0
    outer loop
      vertex 110.5 31 -1
      vertex 109 33.5981 2
      vertex 109 33.5981 -1
    endloop
  endfacet
  facet normal -0.866027 -0.499997 0
    outer loop
      vertex 109 33.5981 2
      vertex 110.5 31 -1
      vertex 110.5 31 2
    endloop
  endfacet
  facet normal 0 1 -0
    outer loop
      vertex 109 28.4019 -1
      vertex 106 28.4019 2
      vertex 109 28.4019 2
    endloop
  endfacet
  facet normal 0 1 0
    outer loop
      vertex 106 28.4019 2
      vertex 109 28.4019 -1
      vertex 106 28.4019 -1
    endloop
  endfacet
  facet normal 0.866027 -0.499997 0
    outer loop
      vertex 104.5 31 2
      vertex 106 33.5981 -1
      vertex 106 33.5981 2
    endloop
  endfacet
  facet normal 0.866027 -0.499997 0
    outer loop
      vertex 106 33.5981 -1
      vertex 104.5 31 2
      vertex 104.5 31 -1
    endloop
  endfacet
  facet normal 0 -1 0
    outer loop
      vertex 106 33.5981 -1
      vertex 109 33.5981 2
      vertex 106 33.5981 2
    endloop
  endfacet
  facet normal 0 -1 -0
    outer loop
      vertex 109 33.5981 2
      vertex 106 33.5981 -1
      vertex 109 33.5981 -1
    endloop
  endfacet
  facet normal 0.866027 0.499997 0
    outer loop
      vertex 106 28.4019 2
      vertex 104.5 31 -1
      vertex 104.5 31 2
    endloop
  endfacet
  facet normal 0.866027 0.499997 0
    outer loop
      vertex 104.5 31 -1
      vertex 106 28.4019 2
      vertex 106 28.4019 -1
    endloop
  endfacet
  facet normal -0.866027 0.499997 0
    outer loop
      vertex 109 28.4019 -1
      vertex 110.5 31 2
      vertex 110.5 31 -1
    endloop
  endfacet
  facet normal -0.866027 0.499997 0
    outer loop
      vertex 110.5 31 2
      vertex 109 28.4019 -1
      vertex 109 28.4019 2
    endloop
  endfacet
  facet normal 0 0 1
    outer loop
      vertex 109 42.5981 -1
      vertex 109 37.4019 -1
      vertex 110.5 40 -1
    endloop
  endfacet
  facet normal -0 0 1
    outer loop
      vertex 106 42.5981 -1
      vertex 109 37.4019 -1
      vertex 109 42.5981 -1
    endloop
  endfacet
  facet normal 0 0 1
    outer loop
      vertex 106 42.5981 -1
      vertex 106 37.4019 -1
      vertex 109 37.4019 -1
    endloop
  endfacet
  facet normal 0 -0 1
    outer loop
      vertex 106 37.4019 -1
      vertex 106 42.5981 -1
      vertex 104.5 40 -1
    endloop
  endfacet
  facet normal -0.866027 -0.499997 0
    outer loop
      vertex 110.5 40 -1
      vertex 109 42.5981 2
      vertex 109 42.5981 -1
    endloop
  endfacet
  facet normal -0.866027 -0.499997 0
    outer loop
      vertex 109 42.5981 2
      vertex 110.5 40 -1
      vertex 110.5 40 2
    endloop
  endfacet
  facet normal 0 1 -0
    outer loop
      vertex 109 37.4019 -1
      vertex 106 37.4019 2
      vertex 109 37.4019 2
    endloop
  endfacet
  facet normal 0 1 0
    outer loop
      vertex 106 37.4019 2
      vertex 109 37.4019 -1
      vertex 106 37.4019 -1
    endloop
  endfacet
  facet normal 0.866027 -0.499997 0
    outer loop
      vertex 104.5 40 2
      vertex 106 42.5981 -1
      vertex 106 42.5981 2
    endloop
  endfacet
  facet normal 0.866027 -0.499997 0
    outer loop
      vertex 106 42.5981 -1
      vertex 104.5 40 2
      vertex 104.5 40 -1
    endloop
  endfacet
  facet normal 0 -1 0
    outer loop
      vertex 106 42.5981 -1
      vertex 109 42.5981 2
      vertex 106 42.5981 2
    endloop
  endfacet
  facet normal 0 -1 -0
    outer loop
      vertex 109 42.5981 2
      vertex 106 42.5981 -1
      vertex 109 42.5981 -1
    endloop
  endfacet
  facet normal 0.866027 0.499997 0
    outer loop
      vertex 106 37.4019 2
      vertex 104.5 40 -1
      vertex 104.5 40 2
    endloop
  endfacet
  facet normal 0.866027 0.499997 0
    outer loop
      vertex 104.5 40 -1
      vertex 106 37.4019 2
      vertex 106 37.4019 -1
    endloop
  endfacet
  facet normal -0.866027 0.499997 0
    outer loop
      vertex 109 37.4019 -1
      vertex 110.5 40 2
      vertex 110.5 40 -1
    endloop
  endfacet
  facet normal -0.866027 0.499997 0
    outer loop
      vertex 110.5 40 2
      vertex 109 37.4019 -1
      vertex 109 37.4019 2
    endloop
  endfacet
  facet normal 0 0 1
    outer loop
      vertex 109 51.5981 -1
      vertex 109 46.4019 -1
      vertex 110.5 49 -1
    endloop
  endfacet
  facet normal -0 0 1
    outer loop
      vertex 106 51.5981 -1
      vertex 109 46.4019 -1
      vertex 109 51.5981 -1
    endloop
  endfacet
  facet normal 0 0 1
    outer loop
      vertex 106 51.5981 -1
      vertex 106 46.4019 -1
      vertex 109 46.4019 -1
    endloop
  endfacet
  facet normal 0 -0 1
    outer loop
      vertex 106 46.4019 -1
      vertex 106 51.5981 -1
      vertex 104.5 49 -1
    endloop
  endfacet
  facet normal -0.866027 -0.499997 0
    outer loop
      vertex 110.5 49 -1
      vertex 109 51.5981 2
      vertex 109 51.5981 -1
    endloop
  endfacet
  facet normal -0.866027 -0.499997 0
    outer loop
      vertex 109 51.5981 2
      vertex 110.5 49 -1
      vertex 110.5 49 2
    endloop
  endfacet
  facet normal 0 1 -0
    outer loop
      vertex 109 46.4019 -1
      vertex 106 46.4019 2
      vertex 109 46.4019 2
    endloop
  endfacet
  facet normal 0 1 0
    outer loop
      vertex 106 46.4019 2
      vertex 109 46.4019 -1
      vertex 106 46.4019 -1
    endloop
  endfacet
  facet normal 0.866027 -0.499997 0
    outer loop
      vertex 104.5 49 2
      vertex 106 51.5981 -1
      vertex 106 51.5981 2
    endloop
  endfacet
  facet normal 0.866027 -0.499997 0
    outer loop
      vertex 106 51.5981 -1
      vertex 104.5 49 2
      vertex 104.5 49 -1
    endloop
  endfacet
  facet normal 0 -1 0
    outer loop
      vertex 106 51.5981 -1
      vertex 109 51.5981 2
      vertex 106 51.5981 2
    endloop
  endfacet
  facet normal 0 -1 -0
    outer loop
      vertex 109 51.5981 2
      vertex 106 51.5981 -1
      vertex 109 51.5981 -1
    endloop
  endfacet
  facet normal 0.866027 0.499997 0
    outer loop
      vertex 106 46.4019 2
      vertex 104.5 49 -1
      vertex 104.5 49 2
    endloop
  endfacet
  facet normal 0.866027 0.499997 0
    outer loop
      vertex 104.5 49 -1
      vertex 106 46.4019 2
      vertex 106 46.4019 -1
    endloop
  endfacet
  facet normal -0.866027 0.499997 0
    outer loop
      vertex 109 46.4019 -1
      vertex 110.5 49 2
      vertex 110.5 49 -1
    endloop
  endfacet
  facet normal -0.866027 0.499997 0
    outer loop
      vertex 110.5 49 2
      vertex 109 46.4019 -1
      vertex 109 46.4019 2
    endloop
  endfacet
  facet normal 0 0 1
    outer loop
      vertex 109 60.5981 -1
      vertex 109 55.4019 -1
      vertex 110.5 58 -1
    endloop
  endfacet
  facet normal -0 0 1
    outer loop
      vertex 106 60.5981 -1
      vertex 109 55.4019 -1
      vertex 109 60.5981 -1
    endloop
  endfacet
  facet normal 0 0 1
    outer loop
      vertex 106 60.5981 -1
      vertex 106 55.4019 -1
      vertex 109 55.4019 -1
    endloop
  endfacet
  facet normal 0 -0 1
    outer loop
      vertex 106 55.4019 -1
      vertex 106 60.5981 -1
      vertex 104.5 58 -1
    endloop
  endfacet
  facet normal -0.866027 -0.499997 0
    outer loop
      vertex 110.5 58 -1
      vertex 109 60.5981 2
      vertex 109 60.5981 -1
    endloop
  endfacet
  facet normal -0.866027 -0.499997 0
    outer loop
      vertex 109 60.5981 2
      vertex 110.5 58 -1
      vertex 110.5 58 2
    endloop
  endfacet
  facet normal 0 1 -0
    outer loop
      vertex 109 55.4019 -1
      vertex 106 55.4019 2
      vertex 109 55.4019 2
    endloop
  endfacet
  facet normal 0 1 0
    outer loop
      vertex 106 55.4019 2
      vertex 109 55.4019 -1
      vertex 106 55.4019 -1
    endloop
  endfacet
  facet normal 0.866027 -0.499997 0
    outer loop
      vertex 104.5 58 2
      vertex 106 60.5981 -1
      vertex 106 60.5981 2
    endloop
  endfacet
  facet normal 0.866027 -0.499997 0
    outer loop
      vertex 106 60.5981 -1
      vertex 104.5 58 2
      vertex 104.5 58 -1
    endloop
  endfacet
  facet normal 0 -1 0
    outer loop
      vertex 106 60.5981 -1
      vertex 109 60.5981 2
      vertex 106 60.5981 2
    endloop
  endfacet
  facet normal 0 -1 -0
    outer loop
      vertex 109 60.5981 2
      vertex 106 60.5981 -1
      vertex 109 60.5981 -1
    endloop
  endfacet
  facet normal 0.866027 0.499997 0
    outer loop
      vertex 106 55.4019 2
      vertex 104.5 58 -1
      vertex 104.5 58 2
    endloop
  endfacet
  facet normal 0.866027 0.499997 0
    outer loop
      vertex 104.5 58 -1
      vertex 106 55.4019 2
      vertex 106 55.4019 -1
    endloop
  endfacet
  facet normal -0.866027 0.499997 0
    outer loop
      vertex 109 55.4019 -1
      vertex 110.5 58 2
      vertex 110.5 58 -1
    endloop
  endfacet
  facet normal -0.866027 0.499997 0
    outer loop
      vertex 110.5 58 2
      vertex 109 55.4019 -1
      vertex 109 55.4019 2
    endloop
  endfacet
  facet normal 0 0 1
    outer loop
      vertex 109 69.5981 -1
      vertex 109 64.4019 -1
      vertex 110.5 67 -1
    endloop
  endfacet
  facet normal -0 0 1
    outer loop
      vertex 106 69.5981 -1
      vertex 109 64.4019 -1
      vertex 109 69.5981 -1
    endloop
  endfacet
  facet normal 0 0 1
    outer loop
      vertex 106 69.5981 -1
      vertex 106 64.4019 -1
      vertex 109 64.4019 -1
    endloop
  endfacet
  facet normal 0 -0 1
    outer loop
      vertex 106 64.4019 -1
      vertex 106 69.5981 -1
      vertex 104.5 67 -1
    endloop
  endfacet
  facet normal -0.866027 -0.499997 0
    outer loop
      vertex 110.5 67 -1
      vertex 109 69.5981 2
      vertex 109 69.5981 -1
    endloop
  endfacet
  facet normal -0.866027 -0.499997 0
    outer loop
      vertex 109 69.5981 2
      vertex 110.5 67 -1
      vertex 110.5 67 2
    endloop
  endfacet
  facet normal 0 1 -0
    outer loop
      vertex 109 64.4019 -1
      vertex 106 64.4019 2
      vertex 109 64.4019 2
    endloop
  endfacet
  facet normal 0 1 0
    outer loop
      vertex 106 64.4019 2
      vertex 109 64.4019 -1
      vertex 106 64.4019 -1
    endloop
  endfacet
  facet normal 0.866027 -0.499997 0
    outer loop
      vertex 104.5 67 2
      vertex 106 69.5981 -1
      vertex 106 69.5981 2
    endloop
  endfacet
  facet normal 0.866027 -0.499997 0
    outer loop
      vertex 106 69.5981 -1
      vertex 104.5 67 2
      vertex 104.5 67 -1
    endloop
  endfacet
  facet normal 0 -1 0
    outer loop
      vertex 106 69.5981 -1
      vertex 109 69.5981 2
      vertex 106 69.5981 2
    endloop
  endfacet
  facet normal 0 -1 -0
    outer loop
      vertex 109 69.5981 2
      vertex 106 69.5981 -1
      vertex 109 69.5981 -1
    endloop
  endfacet
  facet normal 0.866027 0.499997 0
    outer loop
      vertex 106 64.4019 2
      vertex 104.5 67 -1
      vertex 104.5 67 2
    endloop
  endfacet
  facet normal 0.866027 0.499997 0
    outer loop
      vertex 104.5 67 -1
      vertex 106 64.4019 2
      vertex 106 64.4019 -1
    endloop
  endfacet
  facet normal -0.866027 0.499997 0
    outer loop
      vertex 109 64.4019 -1
      vertex 110.5 67 2
      vertex 110.5 67 -1
    endloop
  endfacet
  facet normal -0.866027 0.499997 0
    outer loop
      vertex 110.5 67 2
      vertex 109 64.4019 -1
      vertex 109 64.4019 2
    endloop
  endfacet
  facet normal 0 0 1
    outer loop
      vertex 109 78.5981 -1
      vertex 109 73.4019 -1
      vertex 110.5 76 -1
    endloop
  endfacet
  facet normal -0 0 1
    outer loop
      vertex 106 78.5981 -1
      vertex 109 73.4019 -1
      vertex 109 78.5981 -1
    endloop
  endfacet
  facet normal 0 0 1
    outer loop
      vertex 106 78.5981 -1
      vertex 106 73.4019 -1
      vertex 109 73.4019 -1
    endloop
  endfacet
  facet normal 0 -0 1
    outer loop
      vertex 106 73.4019 -1
      vertex 106 78.5981 -1
      vertex 104.5 76 -1
    endloop
  endfacet
  facet normal -0.866027 -0.499997 0
    outer loop
      vertex 110.5 76 -1
      vertex 109 78.5981 2
      vertex 109 78.5981 -1
    endloop
  endfacet
  facet normal -0.866027 -0.499997 0
    outer loop
      vertex 109 78.5981 2
      vertex 110.5 76 -1
      vertex 110.5 76 2
    endloop
  endfacet
  facet normal 0 1 -0
    outer loop
      vertex 109 73.4019 -1
      vertex 106 73.4019 2
      vertex 109 73.4019 2
    endloop
  endfacet
  facet normal 0 1 0
    outer loop
      vertex 106 73.4019 2
      vertex 109 73.4019 -1
      vertex 106 73.4019 -1
    endloop
  endfacet
  facet normal 0.866027 -0.499997 0
    outer loop
      vertex 104.5 76 2
      vertex 106 78.5981 -1
      vertex 106 78.5981 2
    endloop
  endfacet
  facet normal 0.866027 -0.499997 0
    outer loop
      vertex 106 78.5981 -1
      vertex 104.5 76 2
      vertex 104.5 76 -1
    endloop
  endfacet
  facet normal 0 -1 0
    outer loop
      vertex 106 78.5981 -1
      vertex 109 78.5981 2
      vertex 106 78.5981 2
    endloop
  endfacet
  facet normal 0 -1 -0
    outer loop
      vertex 109 78.5981 2
      vertex 106 78.5981 -1
      vertex 109 78.5981 -1
    endloop
  endfacet
  facet normal 0.866027 0.499997 0
    outer loop
      vertex 106 73.4019 2
      vertex 104.5 76 -1
      vertex 104.5 76 2
    endloop
  endfacet
  facet normal 0.866027 0.499997 0
    outer loop
      vertex 104.5 76 -1
      vertex 106 73.4019 2
      vertex 106 73.4019 -1
    endloop
  endfacet
  facet normal -0.866027 0.499997 0
    outer loop
      vertex 109 73.4019 -1
      vertex 110.5 76 2
      vertex 110.5 76 -1
    endloop
  endfacet
  facet normal -0.866027 0.499997 0
    outer loop
      vertex 110.5 76 2
      vertex 109 73.4019 -1
      vertex 109 73.4019 2
    endloop
  endfacet
  facet normal 0 0 1
    outer loop
      vertex 109 87.5981 -1
      vertex 109 82.4019 -1
      vertex 110.5 85 -1
    endloop
  endfacet
  facet normal -0 0 1
    outer loop
      vertex 106 87.5981 -1
      vertex 109 82.4019 -1
      vertex 109 87.5981 -1
    endloop
  endfacet
  facet normal 0 0 1
    outer loop
      vertex 106 87.5981 -1
      vertex 106 82.4019 -1
      vertex 109 82.4019 -1
    endloop
  endfacet
  facet normal 0 -0 1
    outer loop
      vertex 106 82.4019 -1
      vertex 106 87.5981 -1
      vertex 104.5 85 -1
    endloop
  endfacet
  facet normal -0.866027 -0.499997 0
    outer loop
      vertex 110.5 85 -1
      vertex 109 87.5981 2
      vertex 109 87.5981 -1
    endloop
  endfacet
  facet normal -0.866027 -0.499997 0
    outer loop
      vertex 109 87.5981 2
      vertex 110.5 85 -1
      vertex 110.5 85 2
    endloop
  endfacet
  facet normal 0 1 -0
    outer loop
      vertex 109 82.4019 -1
      vertex 106 82.4019 2
      vertex 109 82.4019 2
    endloop
  endfacet
  facet normal 0 1 0
    outer loop
      vertex 106 82.4019 2
      vertex 109 82.4019 -1
      vertex 106 82.4019 -1
    endloop
  endfacet
  facet normal 0.866027 -0.499997 0
    outer loop
      vertex 104.5 85 2
      vertex 106 87.5981 -1
      vertex 106 87.5981 2
    endloop
  endfacet
  facet normal 0.866027 -0.499997 0
    outer loop
      vertex 106 87.5981 -1
      vertex 104.5 85 2
      vertex 104.5 85 -1
    endloop
  endfacet
  facet normal 0 -1 0
    outer loop
      vertex 106 87.5981 -1
      vertex 109 87.5981 2
      vertex 106 87.5981 2
    endloop
  endfacet
  facet normal 0 -1 -0
    outer loop
      vertex 109 87.5981 2
      vertex 106 87.5981 -1
      vertex 109 87.5981 -1
    endloop
  endfacet
  facet normal 0.866027 0.499997 0
    outer loop
      vertex 106 82.4019 2
      vertex 104.5 85 -1
      vertex 104.5 85 2
    endloop
  endfacet
  facet normal 0.866027 0.499997 0
    outer loop
      vertex 104.5 85 -1
      vertex 106 82.4019 2
      vertex 106 82.4019 -1
    endloop
  endfacet
  facet normal -0.866027 0.499997 0
    outer loop
      vertex 109 82.4019 -1
      vertex 110.5 85 2
      vertex 110.5 85 -1
    endloop
  endfacet
  facet normal -0.866027 0.499997 0
    outer loop
      vertex 110.5 85 2
      vertex 109 82.4019 -1
      vertex 109 82.4019 2
    endloop
  endfacet
  facet normal 0 0 1
    outer loop
      vertex 118 20.0981 -1
      vertex 118 14.9019 -1
      vertex 119.5 17.5 -1
    endloop
  endfacet
  facet normal -0 0 1
    outer loop
      vertex 115 20.0981 -1
      vertex 118 14.9019 -1
      vertex 118 20.0981 -1
    endloop
  endfacet
  facet normal 0 0 1
    outer loop
      vertex 115 20.0981 -1
      vertex 115 14.9019 -1
      vertex 118 14.9019 -1
    endloop
  endfacet
  facet normal 0 -0 1
    outer loop
      vertex 115 14.9019 -1
      vertex 115 20.0981 -1
      vertex 113.5 17.5 -1
    endloop
  endfacet
  facet normal -0.866027 -0.499997 0
    outer loop
      vertex 119.5 17.5 -1
      vertex 118 20.0981 2
      vertex 118 20.0981 -1
    endloop
  endfacet
  facet normal -0.866027 -0.499997 0
    outer loop
      vertex 118 20.0981 2
      vertex 119.5 17.5 -1
      vertex 119.5 17.5 2
    endloop
  endfacet
  facet normal 0 1 -0
    outer loop
      vertex 118 14.9019 -1
      vertex 115 14.9019 2
      vertex 118 14.9019 2
    endloop
  endfacet
  facet normal 0 1 0
    outer loop
      vertex 115 14.9019 2
      vertex 118 14.9019 -1
      vertex 115 14.9019 -1
    endloop
  endfacet
  facet normal 0.866027 -0.499997 0
    outer loop
      vertex 113.5 17.5 2
      vertex 115 20.0981 -1
      vertex 115 20.0981 2
    endloop
  endfacet
  facet normal 0.866027 -0.499997 0
    outer loop
      vertex 115 20.0981 -1
      vertex 113.5 17.5 2
      vertex 113.5 17.5 -1
    endloop
  endfacet
  facet normal 0 -1 0
    outer loop
      vertex 115 20.0981 -1
      vertex 118 20.0981 2
      vertex 115 20.0981 2
    endloop
  endfacet
  facet normal 0 -1 -0
    outer loop
      vertex 118 20.0981 2
      vertex 115 20.0981 -1
      vertex 118 20.0981 -1
    endloop
  endfacet
  facet normal 0.866027 0.499997 0
    outer loop
      vertex 115 14.9019 2
      vertex 113.5 17.5 -1
      vertex 113.5 17.5 2
    endloop
  endfacet
  facet normal 0.866027 0.499997 0
    outer loop
      vertex 113.5 17.5 -1
      vertex 115 14.9019 2
      vertex 115 14.9019 -1
    endloop
  endfacet
  facet normal -0.866027 0.499997 0
    outer loop
      vertex 118 14.9019 -1
      vertex 119.5 17.5 2
      vertex 119.5 17.5 -1
    endloop
  endfacet
  facet normal -0.866027 0.499997 0
    outer loop
      vertex 119.5 17.5 2
      vertex 118 14.9019 -1
      vertex 118 14.9019 2
    endloop
  endfacet
  facet normal 0 0 1
    outer loop
      vertex 118 29.0981 -1
      vertex 118 23.9019 -1
      vertex 119.5 26.5 -1
    endloop
  endfacet
  facet normal -0 0 1
    outer loop
      vertex 115 29.0981 -1
      vertex 118 23.9019 -1
      vertex 118 29.0981 -1
    endloop
  endfacet
  facet normal 0 0 1
    outer loop
      vertex 115 29.0981 -1
      vertex 115 23.9019 -1
      vertex 118 23.9019 -1
    endloop
  endfacet
  facet normal 0 -0 1
    outer loop
      vertex 115 23.9019 -1
      vertex 115 29.0981 -1
      vertex 113.5 26.5 -1
    endloop
  endfacet
  facet normal -0.866027 -0.499997 0
    outer loop
      vertex 119.5 26.5 -1
      vertex 118 29.0981 2
      vertex 118 29.0981 -1
    endloop
  endfacet
  facet normal -0.866027 -0.499997 0
    outer loop
      vertex 118 29.0981 2
      vertex 119.5 26.5 -1
      vertex 119.5 26.5 2
    endloop
  endfacet
  facet normal 0 1 -0
    outer loop
      vertex 118 23.9019 -1
      vertex 115 23.9019 2
      vertex 118 23.9019 2
    endloop
  endfacet
  facet normal 0 1 0
    outer loop
      vertex 115 23.9019 2
      vertex 118 23.9019 -1
      vertex 115 23.9019 -1
    endloop
  endfacet
  facet normal 0.866027 -0.499997 0
    outer loop
      vertex 113.5 26.5 2
      vertex 115 29.0981 -1
      vertex 115 29.0981 2
    endloop
  endfacet
  facet normal 0.866027 -0.499997 0
    outer loop
      vertex 115 29.0981 -1
      vertex 113.5 26.5 2
      vertex 113.5 26.5 -1
    endloop
  endfacet
  facet normal 0 -1 0
    outer loop
      vertex 115 29.0981 -1
      vertex 118 29.0981 2
      vertex 115 29.0981 2
    endloop
  endfacet
  facet normal 0 -1 -0
    outer loop
      vertex 118 29.0981 2
      vertex 115 29.0981 -1
      vertex 118 29.0981 -1
    endloop
  endfacet
  facet normal 0.866027 0.499997 0
    outer loop
      vertex 115 23.9019 2
      vertex 113.5 26.5 -1
      vertex 113.5 26.5 2
    endloop
  endfacet
  facet normal 0.866027 0.499997 0
    outer loop
      vertex 113.5 26.5 -1
      vertex 115 23.9019 2
      vertex 115 23.9019 -1
    endloop
  endfacet
  facet normal -0.866027 0.499997 0
    outer loop
      vertex 118 23.9019 -1
      vertex 119.5 26.5 2
      vertex 119.5 26.5 -1
    endloop
  endfacet
  facet normal -0.866027 0.499997 0
    outer loop
      vertex 119.5 26.5 2
      vertex 118 23.9019 -1
      vertex 118 23.9019 2
    endloop
  endfacet
  facet normal 0 0 1
    outer loop
      vertex 118 38.0981 -1
      vertex 118 32.9019 -1
      vertex 119.5 35.5 -1
    endloop
  endfacet
  facet normal -0 0 1
    outer loop
      vertex 115 38.0981 -1
      vertex 118 32.9019 -1
      vertex 118 38.0981 -1
    endloop
  endfacet
  facet normal 0 0 1
    outer loop
      vertex 115 38.0981 -1
      vertex 115 32.9019 -1
      vertex 118 32.9019 -1
    endloop
  endfacet
  facet normal 0 -0 1
    outer loop
      vertex 115 32.9019 -1
      vertex 115 38.0981 -1
      vertex 113.5 35.5 -1
    endloop
  endfacet
  facet normal -0.866027 -0.499997 0
    outer loop
      vertex 119.5 35.5 -1
      vertex 118 38.0981 2
      vertex 118 38.0981 -1
    endloop
  endfacet
  facet normal -0.866027 -0.499997 0
    outer loop
      vertex 118 38.0981 2
      vertex 119.5 35.5 -1
      vertex 119.5 35.5 2
    endloop
  endfacet
  facet normal 0 1 -0
    outer loop
      vertex 118 32.9019 -1
      vertex 115 32.9019 2
      vertex 118 32.9019 2
    endloop
  endfacet
  facet normal 0 1 0
    outer loop
      vertex 115 32.9019 2
      vertex 118 32.9019 -1
      vertex 115 32.9019 -1
    endloop
  endfacet
  facet normal 0.866027 -0.499997 0
    outer loop
      vertex 113.5 35.5 2
      vertex 115 38.0981 -1
      vertex 115 38.0981 2
    endloop
  endfacet
  facet normal 0.866027 -0.499997 0
    outer loop
      vertex 115 38.0981 -1
      vertex 113.5 35.5 2
      vertex 113.5 35.5 -1
    endloop
  endfacet
  facet normal 0 -1 0
    outer loop
      vertex 115 38.0981 -1
      vertex 118 38.0981 2
      vertex 115 38.0981 2
    endloop
  endfacet
  facet normal 0 -1 -0
    outer loop
      vertex 118 38.0981 2
      vertex 115 38.0981 -1
      vertex 118 38.0981 -1
    endloop
  endfacet
  facet normal 0.866027 0.499997 0
    outer loop
      vertex 115 32.9019 2
      vertex 113.5 35.5 -1
      vertex 113.5 35.5 2
    endloop
  endfacet
  facet normal 0.866027 0.499997 0
    outer loop
      vertex 113.5 35.5 -1
      vertex 115 32.9019 2
      vertex 115 32.9019 -1
    endloop
  endfacet
  facet normal -0.866027 0.499997 0
    outer loop
      vertex 118 32.9019 -1
      vertex 119.5 35.5 2
      vertex 119.5 35.5 -1
    endloop
  endfacet
  facet normal -0.866027 0.499997 0
    outer loop
      vertex 119.5 35.5 2
      vertex 118 32.9019 -1
      vertex 118 32.9019 2
    endloop
  endfacet
  facet normal 0 0 1
    outer loop
      vertex 118 47.0981 -1
      vertex 118 41.9019 -1
      vertex 119.5 44.5 -1
    endloop
  endfacet
  facet normal -0 0 1
    outer loop
      vertex 115 47.0981 -1
      vertex 118 41.9019 -1
      vertex 118 47.0981 -1
    endloop
  endfacet
  facet normal 0 0 1
    outer loop
      vertex 115 47.0981 -1
      vertex 115 41.9019 -1
      vertex 118 41.9019 -1
    endloop
  endfacet
  facet normal 0 -0 1
    outer loop
      vertex 115 41.9019 -1
      vertex 115 47.0981 -1
      vertex 113.5 44.5 -1
    endloop
  endfacet
  facet normal -0.866027 -0.499997 0
    outer loop
      vertex 119.5 44.5 -1
      vertex 118 47.0981 2
      vertex 118 47.0981 -1
    endloop
  endfacet
  facet normal -0.866027 -0.499997 0
    outer loop
      vertex 118 47.0981 2
      vertex 119.5 44.5 -1
      vertex 119.5 44.5 2
    endloop
  endfacet
  facet normal 0 1 -0
    outer loop
      vertex 118 41.9019 -1
      vertex 115 41.9019 2
      vertex 118 41.9019 2
    endloop
  endfacet
  facet normal 0 1 0
    outer loop
      vertex 115 41.9019 2
      vertex 118 41.9019 -1
      vertex 115 41.9019 -1
    endloop
  endfacet
  facet normal 0.866027 -0.499997 0
    outer loop
      vertex 113.5 44.5 2
      vertex 115 47.0981 -1
      vertex 115 47.0981 2
    endloop
  endfacet
  facet normal 0.866027 -0.499997 0
    outer loop
      vertex 115 47.0981 -1
      vertex 113.5 44.5 2
      vertex 113.5 44.5 -1
    endloop
  endfacet
  facet normal 0 -1 0
    outer loop
      vertex 115 47.0981 -1
      vertex 118 47.0981 2
      vertex 115 47.0981 2
    endloop
  endfacet
  facet normal 0 -1 -0
    outer loop
      vertex 118 47.0981 2
      vertex 115 47.0981 -1
      vertex 118 47.0981 -1
    endloop
  endfacet
  facet normal 0.866027 0.499997 0
    outer loop
      vertex 115 41.9019 2
      vertex 113.5 44.5 -1
      vertex 113.5 44.5 2
    endloop
  endfacet
  facet normal 0.866027 0.499997 0
    outer loop
      vertex 113.5 44.5 -1
      vertex 115 41.9019 2
      vertex 115 41.9019 -1
    endloop
  endfacet
  facet normal -0.866027 0.499997 0
    outer loop
      vertex 118 41.9019 -1
      vertex 119.5 44.5 2
      vertex 119.5 44.5 -1
    endloop
  endfacet
  facet normal -0.866027 0.499997 0
    outer loop
      vertex 119.5 44.5 2
      vertex 118 41.9019 -1
      vertex 118 41.9019 2
    endloop
  endfacet
  facet normal 0 0 1
    outer loop
      vertex 118 56.0981 -1
      vertex 118 50.9019 -1
      vertex 119.5 53.5 -1
    endloop
  endfacet
  facet normal -0 0 1
    outer loop
      vertex 115 56.0981 -1
      vertex 118 50.9019 -1
      vertex 118 56.0981 -1
    endloop
  endfacet
  facet normal 0 0 1
    outer loop
      vertex 115 56.0981 -1
      vertex 115 50.9019 -1
      vertex 118 50.9019 -1
    endloop
  endfacet
  facet normal 0 -0 1
    outer loop
      vertex 115 50.9019 -1
      vertex 115 56.0981 -1
      vertex 113.5 53.5 -1
    endloop
  endfacet
  facet normal -0.866027 -0.499997 0
    outer loop
      vertex 119.5 53.5 -1
      vertex 118 56.0981 2
      vertex 118 56.0981 -1
    endloop
  endfacet
  facet normal -0.866027 -0.499997 0
    outer loop
      vertex 118 56.0981 2
      vertex 119.5 53.5 -1
      vertex 119.5 53.5 2
    endloop
  endfacet
  facet normal 0 1 -0
    outer loop
      vertex 118 50.9019 -1
      vertex 115 50.9019 2
      vertex 118 50.9019 2
    endloop
  endfacet
  facet normal 0 1 0
    outer loop
      vertex 115 50.9019 2
      vertex 118 50.9019 -1
      vertex 115 50.9019 -1
    endloop
  endfacet
  facet normal 0.866027 -0.499997 0
    outer loop
      vertex 113.5 53.5 2
      vertex 115 56.0981 -1
      vertex 115 56.0981 2
    endloop
  endfacet
  facet normal 0.866027 -0.499997 0
    outer loop
      vertex 115 56.0981 -1
      vertex 113.5 53.5 2
      vertex 113.5 53.5 -1
    endloop
  endfacet
  facet normal 0 -1 0
    outer loop
      vertex 115 56.0981 -1
      vertex 118 56.0981 2
      vertex 115 56.0981 2
    endloop
  endfacet
  facet normal 0 -1 -0
    outer loop
      vertex 118 56.0981 2
      vertex 115 56.0981 -1
      vertex 118 56.0981 -1
    endloop
  endfacet
  facet normal 0.866027 0.499997 0
    outer loop
      vertex 115 50.9019 2
      vertex 113.5 53.5 -1
      vertex 113.5 53.5 2
    endloop
  endfacet
  facet normal 0.866027 0.499997 0
    outer loop
      vertex 113.5 53.5 -1
      vertex 115 50.9019 2
      vertex 115 50.9019 -1
    endloop
  endfacet
  facet normal -0.866027 0.499997 0
    outer loop
      vertex 118 50.9019 -1
      vertex 119.5 53.5 2
      vertex 119.5 53.5 -1
    endloop
  endfacet
  facet normal -0.866027 0.499997 0
    outer loop
      vertex 119.5 53.5 2
      vertex 118 50.9019 -1
      vertex 118 50.9019 2
    endloop
  endfacet
  facet normal 0 0 1
    outer loop
      vertex 118 65.0981 -1
      vertex 118 59.9019 -1
      vertex 119.5 62.5 -1
    endloop
  endfacet
  facet normal -0 0 1
    outer loop
      vertex 115 65.0981 -1
      vertex 118 59.9019 -1
      vertex 118 65.0981 -1
    endloop
  endfacet
  facet normal 0 0 1
    outer loop
      vertex 115 65.0981 -1
      vertex 115 59.9019 -1
      vertex 118 59.9019 -1
    endloop
  endfacet
  facet normal 0 -0 1
    outer loop
      vertex 115 59.9019 -1
      vertex 115 65.0981 -1
      vertex 113.5 62.5 -1
    endloop
  endfacet
  facet normal -0.866027 -0.499997 0
    outer loop
      vertex 119.5 62.5 -1
      vertex 118 65.0981 2
      vertex 118 65.0981 -1
    endloop
  endfacet
  facet normal -0.866027 -0.499997 0
    outer loop
      vertex 118 65.0981 2
      vertex 119.5 62.5 -1
      vertex 119.5 62.5 2
    endloop
  endfacet
  facet normal 0 1 -0
    outer loop
      vertex 118 59.9019 -1
      vertex 115 59.9019 2
      vertex 118 59.9019 2
    endloop
  endfacet
  facet normal 0 1 0
    outer loop
      vertex 115 59.9019 2
      vertex 118 59.9019 -1
      vertex 115 59.9019 -1
    endloop
  endfacet
  facet normal 0.866027 -0.499997 0
    outer loop
      vertex 113.5 62.5 2
      vertex 115 65.0981 -1
      vertex 115 65.0981 2
    endloop
  endfacet
  facet normal 0.866027 -0.499997 0
    outer loop
      vertex 115 65.0981 -1
      vertex 113.5 62.5 2
      vertex 113.5 62.5 -1
    endloop
  endfacet
  facet normal 0 -1 0
    outer loop
      vertex 115 65.0981 -1
      vertex 118 65.0981 2
      vertex 115 65.0981 2
    endloop
  endfacet
  facet normal 0 -1 -0
    outer loop
      vertex 118 65.0981 2
      vertex 115 65.0981 -1
      vertex 118 65.0981 -1
    endloop
  endfacet
  facet normal 0.866027 0.499997 0
    outer loop
      vertex 115 59.9019 2
      vertex 113.5 62.5 -1
      vertex 113.5 62.5 2
    endloop
  endfacet
  facet normal 0.866027 0.499997 0
    outer loop
      vertex 113.5 62.5 -1
      vertex 115 59.9019 2
      vertex 115 59.9019 -1
    endloop
  endfacet
  facet normal -0.866027 0.499997 0
    outer loop
      vertex 118 59.9019 -1
      vertex 119.5 62.5 2
      vertex 119.5 62.5 -1
    endloop
  endfacet
  facet normal -0.866027 0.499997 0
    outer loop
      vertex 119.5 62.5 2
      vertex 118 59.9019 -1
      vertex 118 59.9019 2
    endloop
  endfacet
  facet normal 0 0 1
    outer loop
      vertex 118 74.0981 -1
      vertex 118 68.9019 -1
      vertex 119.5 71.5 -1
    endloop
  endfacet
  facet normal -0 0 1
    outer loop
      vertex 115 74.0981 -1
      vertex 118 68.9019 -1
      vertex 118 74.0981 -1
    endloop
  endfacet
  facet normal 0 0 1
    outer loop
      vertex 115 74.0981 -1
      vertex 115 68.9019 -1
      vertex 118 68.9019 -1
    endloop
  endfacet
  facet normal 0 -0 1
    outer loop
      vertex 115 68.9019 -1
      vertex 115 74.0981 -1
      vertex 113.5 71.5 -1
    endloop
  endfacet
  facet normal -0.866027 -0.499997 0
    outer loop
      vertex 119.5 71.5 -1
      vertex 118 74.0981 2
      vertex 118 74.0981 -1
    endloop
  endfacet
  facet normal -0.866027 -0.499997 0
    outer loop
      vertex 118 74.0981 2
      vertex 119.5 71.5 -1
      vertex 119.5 71.5 2
    endloop
  endfacet
  facet normal 0 1 -0
    outer loop
      vertex 118 68.9019 -1
      vertex 115 68.9019 2
      vertex 118 68.9019 2
    endloop
  endfacet
  facet normal 0 1 0
    outer loop
      vertex 115 68.9019 2
      vertex 118 68.9019 -1
      vertex 115 68.9019 -1
    endloop
  endfacet
  facet normal 0.866027 -0.499997 0
    outer loop
      vertex 113.5 71.5 2
      vertex 115 74.0981 -1
      vertex 115 74.0981 2
    endloop
  endfacet
  facet normal 0.866027 -0.499997 0
    outer loop
      vertex 115 74.0981 -1
      vertex 113.5 71.5 2
      vertex 113.5 71.5 -1
    endloop
  endfacet
  facet normal 0 -1 0
    outer loop
      vertex 115 74.0981 -1
      vertex 118 74.0981 2
      vertex 115 74.0981 2
    endloop
  endfacet
  facet normal 0 -1 -0
    outer loop
      vertex 118 74.0981 2
      vertex 115 74.0981 -1
      vertex 118 74.0981 -1
    endloop
  endfacet
  facet normal 0.866027 0.499997 0
    outer loop
      vertex 115 68.9019 2
      vertex 113.5 71.5 -1
      vertex 113.5 71.5 2
    endloop
  endfacet
  facet normal 0.866027 0.499997 0
    outer loop
      vertex 113.5 71.5 -1
      vertex 115 68.9019 2
      vertex 115 68.9019 -1
    endloop
  endfacet
  facet normal -0.866027 0.499997 0
    outer loop
      vertex 118 68.9019 -1
      vertex 119.5 71.5 2
      vertex 119.5 71.5 -1
    endloop
  endfacet
  facet normal -0.866027 0.499997 0
    outer loop
      vertex 119.5 71.5 2
      vertex 118 68.9019 -1
      vertex 118 68.9019 2
    endloop
  endfacet
  facet normal 0 0 1
    outer loop
      vertex 118 83.0981 -1
      vertex 118 77.9019 -1
      vertex 119.5 80.5 -1
    endloop
  endfacet
  facet normal -0 0 1
    outer loop
      vertex 115 83.0981 -1
      vertex 118 77.9019 -1
      vertex 118 83.0981 -1
    endloop
  endfacet
  facet normal 0 0 1
    outer loop
      vertex 115 83.0981 -1
      vertex 115 77.9019 -1
      vertex 118 77.9019 -1
    endloop
  endfacet
  facet normal 0 -0 1
    outer loop
      vertex 115 77.9019 -1
      vertex 115 83.0981 -1
      vertex 113.5 80.5 -1
    endloop
  endfacet
  facet normal -0.866027 -0.499997 0
    outer loop
      vertex 119.5 80.5 -1
      vertex 118 83.0981 2
      vertex 118 83.0981 -1
    endloop
  endfacet
  facet normal -0.866027 -0.499997 0
    outer loop
      vertex 118 83.0981 2
      vertex 119.5 80.5 -1
      vertex 119.5 80.5 2
    endloop
  endfacet
  facet normal 0 1 -0
    outer loop
      vertex 118 77.9019 -1
      vertex 115 77.9019 2
      vertex 118 77.9019 2
    endloop
  endfacet
  facet normal 0 1 0
    outer loop
      vertex 115 77.9019 2
      vertex 118 77.9019 -1
      vertex 115 77.9019 -1
    endloop
  endfacet
  facet normal 0.866027 -0.499997 0
    outer loop
      vertex 113.5 80.5 2
      vertex 115 83.0981 -1
      vertex 115 83.0981 2
    endloop
  endfacet
  facet normal 0.866027 -0.499997 0
    outer loop
      vertex 115 83.0981 -1
      vertex 113.5 80.5 2
      vertex 113.5 80.5 -1
    endloop
  endfacet
  facet normal 0 -1 0
    outer loop
      vertex 115 83.0981 -1
      vertex 118 83.0981 2
      vertex 115 83.0981 2
    endloop
  endfacet
  facet normal 0 -1 -0
    outer loop
      vertex 118 83.0981 2
      vertex 115 83.0981 -1
      vertex 118 83.0981 -1
    endloop
  endfacet
  facet normal 0.866027 0.499997 0
    outer loop
      vertex 115 77.9019 2
      vertex 113.5 80.5 -1
      vertex 113.5 80.5 2
    endloop
  endfacet
  facet normal 0.866027 0.499997 0
    outer loop
      vertex 113.5 80.5 -1
      vertex 115 77.9019 2
      vertex 115 77.9019 -1
    endloop
  endfacet
  facet normal -0.866027 0.499997 0
    outer loop
      vertex 118 77.9019 -1
      vertex 119.5 80.5 2
      vertex 119.5 80.5 -1
    endloop
  endfacet
  facet normal -0.866027 0.499997 0
    outer loop
      vertex 119.5 80.5 2
      vertex 118 77.9019 -1
      vertex 118 77.9019 2
    endloop
  endfacet
  facet normal 0 0 1
    outer loop
      vertex 127 24.5981 -1
      vertex 127 19.4019 -1
      vertex 128.5 22 -1
    endloop
  endfacet
  facet normal -0 0 1
    outer loop
      vertex 124 24.5981 -1
      vertex 127 19.4019 -1
      vertex 127 24.5981 -1
    endloop
  endfacet
  facet normal 0 0 1
    outer loop
      vertex 124 24.5981 -1
      vertex 124 19.4019 -1
      vertex 127 19.4019 -1
    endloop
  endfacet
  facet normal 0 -0 1
    outer loop
      vertex 124 19.4019 -1
      vertex 124 24.5981 -1
      vertex 122.5 22 -1
    endloop
  endfacet
  facet normal -0.866027 -0.499997 0
    outer loop
      vertex 128.5 22 -1
      vertex 127 24.5981 2
      vertex 127 24.5981 -1
    endloop
  endfacet
  facet normal -0.866027 -0.499997 0
    outer loop
      vertex 127 24.5981 2
      vertex 128.5 22 -1
      vertex 128.5 22 2
    endloop
  endfacet
  facet normal 0 1 -0
    outer loop
      vertex 127 19.4019 -1
      vertex 124 19.4019 2
      vertex 127 19.4019 2
    endloop
  endfacet
  facet normal 0 1 0
    outer loop
      vertex 124 19.4019 2
      vertex 127 19.4019 -1
      vertex 124 19.4019 -1
    endloop
  endfacet
  facet normal 0.866027 -0.499997 0
    outer loop
      vertex 122.5 22 2
      vertex 124 24.5981 -1
      vertex 124 24.5981 2
    endloop
  endfacet
  facet normal 0.866027 -0.499997 0
    outer loop
      vertex 124 24.5981 -1
      vertex 122.5 22 2
      vertex 122.5 22 -1
    endloop
  endfacet
  facet normal 0 -1 0
    outer loop
      vertex 124 24.5981 -1
      vertex 127 24.5981 2
      vertex 124 24.5981 2
    endloop
  endfacet
  facet normal 0 -1 -0
    outer loop
      vertex 127 24.5981 2
      vertex 124 24.5981 -1
      vertex 127 24.5981 -1
    endloop
  endfacet
  facet normal 0.866027 0.499997 0
    outer loop
      vertex 124 19.4019 2
      vertex 122.5 22 -1
      vertex 122.5 22 2
    endloop
  endfacet
  facet normal 0.866027 0.499997 0
    outer loop
      vertex 122.5 22 -1
      vertex 124 19.4019 2
      vertex 124 19.4019 -1
    endloop
  endfacet
  facet normal -0.866027 0.499997 0
    outer loop
      vertex 127 19.4019 -1
      vertex 128.5 22 2
      vertex 128.5 22 -1
    endloop
  endfacet
  facet normal -0.866027 0.499997 0
    outer loop
      vertex 128.5 22 2
      vertex 127 19.4019 -1
      vertex 127 19.4019 2
    endloop
  endfacet
  facet normal 0 0 1
    outer loop
      vertex 127 33.5981 -1
      vertex 127 28.4019 -1
      vertex 128.5 31 -1
    endloop
  endfacet
  facet normal -0 0 1
    outer loop
      vertex 124 33.5981 -1
      vertex 127 28.4019 -1
      vertex 127 33.5981 -1
    endloop
  endfacet
  facet normal 0 0 1
    outer loop
      vertex 124 33.5981 -1
      vertex 124 28.4019 -1
      vertex 127 28.4019 -1
    endloop
  endfacet
  facet normal 0 -0 1
    outer loop
      vertex 124 28.4019 -1
      vertex 124 33.5981 -1
      vertex 122.5 31 -1
    endloop
  endfacet
  facet normal -0.866027 -0.499997 0
    outer loop
      vertex 128.5 31 -1
      vertex 127 33.5981 2
      vertex 127 33.5981 -1
    endloop
  endfacet
  facet normal -0.866027 -0.499997 0
    outer loop
      vertex 127 33.5981 2
      vertex 128.5 31 -1
      vertex 128.5 31 2
    endloop
  endfacet
  facet normal 0 1 -0
    outer loop
      vertex 127 28.4019 -1
      vertex 124 28.4019 2
      vertex 127 28.4019 2
    endloop
  endfacet
  facet normal 0 1 0
    outer loop
      vertex 124 28.4019 2
      vertex 127 28.4019 -1
      vertex 124 28.4019 -1
    endloop
  endfacet
  facet normal 0.866027 -0.499997 0
    outer loop
      vertex 122.5 31 2
      vertex 124 33.5981 -1
      vertex 124 33.5981 2
    endloop
  endfacet
  facet normal 0.866027 -0.499997 0
    outer loop
      vertex 124 33.5981 -1
      vertex 122.5 31 2
      vertex 122.5 31 -1
    endloop
  endfacet
  facet normal 0 -1 0
    outer loop
      vertex 124 33.5981 -1
      vertex 127 33.5981 2
      vertex 124 33.5981 2
    endloop
  endfacet
  facet normal 0 -1 -0
    outer loop
      vertex 127 33.5981 2
      vertex 124 33.5981 -1
      vertex 127 33.5981 -1
    endloop
  endfacet
  facet normal 0.866027 0.499997 0
    outer loop
      vertex 124 28.4019 2
      vertex 122.5 31 -1
      vertex 122.5 31 2
    endloop
  endfacet
  facet normal 0.866027 0.499997 0
    outer loop
      vertex 122.5 31 -1
      vertex 124 28.4019 2
      vertex 124 28.4019 -1
    endloop
  endfacet
  facet normal -0.866027 0.499997 0
    outer loop
      vertex 127 28.4019 -1
      vertex 128.5 31 2
      vertex 128.5 31 -1
    endloop
  endfacet
  facet normal -0.866027 0.499997 0
    outer loop
      vertex 128.5 31 2
      vertex 127 28.4019 -1
      vertex 127 28.4019 2
    endloop
  endfacet
  facet normal 0 0 1
    outer loop
      vertex 127 42.5981 -1
      vertex 127 37.4019 -1
      vertex 128.5 40 -1
    endloop
  endfacet
  facet normal -0 0 1
    outer loop
      vertex 124 42.5981 -1
      vertex 127 37.4019 -1
      vertex 127 42.5981 -1
    endloop
  endfacet
  facet normal 0 0 1
    outer loop
      vertex 124 42.5981 -1
      vertex 124 37.4019 -1
      vertex 127 37.4019 -1
    endloop
  endfacet
  facet normal 0 -0 1
    outer loop
      vertex 124 37.4019 -1
      vertex 124 42.5981 -1
      vertex 122.5 40 -1
    endloop
  endfacet
  facet normal -0.866027 -0.499997 0
    outer loop
      vertex 128.5 40 -1
      vertex 127 42.5981 2
      vertex 127 42.5981 -1
    endloop
  endfacet
  facet normal -0.866027 -0.499997 0
    outer loop
      vertex 127 42.5981 2
      vertex 128.5 40 -1
      vertex 128.5 40 2
    endloop
  endfacet
  facet normal 0 1 -0
    outer loop
      vertex 127 37.4019 -1
      vertex 124 37.4019 2
      vertex 127 37.4019 2
    endloop
  endfacet
  facet normal 0 1 0
    outer loop
      vertex 124 37.4019 2
      vertex 127 37.4019 -1
      vertex 124 37.4019 -1
    endloop
  endfacet
  facet normal 0.866027 -0.499997 0
    outer loop
      vertex 122.5 40 2
      vertex 124 42.5981 -1
      vertex 124 42.5981 2
    endloop
  endfacet
  facet normal 0.866027 -0.499997 0
    outer loop
      vertex 124 42.5981 -1
      vertex 122.5 40 2
      vertex 122.5 40 -1
    endloop
  endfacet
  facet normal 0 -1 0
    outer loop
      vertex 124 42.5981 -1
      vertex 127 42.5981 2
      vertex 124 42.5981 2
    endloop
  endfacet
  facet normal 0 -1 -0
    outer loop
      vertex 127 42.5981 2
      vertex 124 42.5981 -1
      vertex 127 42.5981 -1
    endloop
  endfacet
  facet normal 0.866027 0.499997 0
    outer loop
      vertex 124 37.4019 2
      vertex 122.5 40 -1
      vertex 122.5 40 2
    endloop
  endfacet
  facet normal 0.866027 0.499997 0
    outer loop
      vertex 122.5 40 -1
      vertex 124 37.4019 2
      vertex 124 37.4019 -1
    endloop
  endfacet
  facet normal -0.866027 0.499997 0
    outer loop
      vertex 127 37.4019 -1
      vertex 128.5 40 2
      vertex 128.5 40 -1
    endloop
  endfacet
  facet normal -0.866027 0.499997 0
    outer loop
      vertex 128.5 40 2
      vertex 127 37.4019 -1
      vertex 127 37.4019 2
    endloop
  endfacet
  facet normal 0 0 1
    outer loop
      vertex 127 51.5981 -1
      vertex 127 46.4019 -1
      vertex 128.5 49 -1
    endloop
  endfacet
  facet normal -0 0 1
    outer loop
      vertex 124 51.5981 -1
      vertex 127 46.4019 -1
      vertex 127 51.5981 -1
    endloop
  endfacet
  facet normal 0 0 1
    outer loop
      vertex 124 51.5981 -1
      vertex 124 46.4019 -1
      vertex 127 46.4019 -1
    endloop
  endfacet
  facet normal 0 -0 1
    outer loop
      vertex 124 46.4019 -1
      vertex 124 51.5981 -1
      vertex 122.5 49 -1
    endloop
  endfacet
  facet normal -0.866027 -0.499997 0
    outer loop
      vertex 128.5 49 -1
      vertex 127 51.5981 2
      vertex 127 51.5981 -1
    endloop
  endfacet
  facet normal -0.866027 -0.499997 0
    outer loop
      vertex 127 51.5981 2
      vertex 128.5 49 -1
      vertex 128.5 49 2
    endloop
  endfacet
  facet normal 0 1 -0
    outer loop
      vertex 127 46.4019 -1
      vertex 124 46.4019 2
      vertex 127 46.4019 2
    endloop
  endfacet
  facet normal 0 1 0
    outer loop
      vertex 124 46.4019 2
      vertex 127 46.4019 -1
      vertex 124 46.4019 -1
    endloop
  endfacet
  facet normal 0.866027 -0.499997 0
    outer loop
      vertex 122.5 49 2
      vertex 124 51.5981 -1
      vertex 124 51.5981 2
    endloop
  endfacet
  facet normal 0.866027 -0.499997 0
    outer loop
      vertex 124 51.5981 -1
      vertex 122.5 49 2
      vertex 122.5 49 -1
    endloop
  endfacet
  facet normal 0 -1 0
    outer loop
      vertex 124 51.5981 -1
      vertex 127 51.5981 2
      vertex 124 51.5981 2
    endloop
  endfacet
  facet normal 0 -1 -0
    outer loop
      vertex 127 51.5981 2
      vertex 124 51.5981 -1
      vertex 127 51.5981 -1
    endloop
  endfacet
  facet normal 0.866027 0.499997 0
    outer loop
      vertex 124 46.4019 2
      vertex 122.5 49 -1
      vertex 122.5 49 2
    endloop
  endfacet
  facet normal 0.866027 0.499997 0
    outer loop
      vertex 122.5 49 -1
      vertex 124 46.4019 2
      vertex 124 46.4019 -1
    endloop
  endfacet
  facet normal -0.866027 0.499997 0
    outer loop
      vertex 127 46.4019 -1
      vertex 128.5 49 2
      vertex 128.5 49 -1
    endloop
  endfacet
  facet normal -0.866027 0.499997 0
    outer loop
      vertex 128.5 49 2
      vertex 127 46.4019 -1
      vertex 127 46.4019 2
    endloop
  endfacet
  facet normal 0 0 1
    outer loop
      vertex 127 60.5981 -1
      vertex 127 55.4019 -1
      vertex 128.5 58 -1
    endloop
  endfacet
  facet normal -0 0 1
    outer loop
      vertex 124 60.5981 -1
      vertex 127 55.4019 -1
      vertex 127 60.5981 -1
    endloop
  endfacet
  facet normal 0 0 1
    outer loop
      vertex 124 60.5981 -1
      vertex 124 55.4019 -1
      vertex 127 55.4019 -1
    endloop
  endfacet
  facet normal 0 -0 1
    outer loop
      vertex 124 55.4019 -1
      vertex 124 60.5981 -1
      vertex 122.5 58 -1
    endloop
  endfacet
  facet normal -0.866027 -0.499997 0
    outer loop
      vertex 128.5 58 -1
      vertex 127 60.5981 2
      vertex 127 60.5981 -1
    endloop
  endfacet
  facet normal -0.866027 -0.499997 0
    outer loop
      vertex 127 60.5981 2
      vertex 128.5 58 -1
      vertex 128.5 58 2
    endloop
  endfacet
  facet normal 0 1 -0
    outer loop
      vertex 127 55.4019 -1
      vertex 124 55.4019 2
      vertex 127 55.4019 2
    endloop
  endfacet
  facet normal 0 1 0
    outer loop
      vertex 124 55.4019 2
      vertex 127 55.4019 -1
      vertex 124 55.4019 -1
    endloop
  endfacet
  facet normal 0.866027 -0.499997 0
    outer loop
      vertex 122.5 58 2
      vertex 124 60.5981 -1
      vertex 124 60.5981 2
    endloop
  endfacet
  facet normal 0.866027 -0.499997 0
    outer loop
      vertex 124 60.5981 -1
      vertex 122.5 58 2
      vertex 122.5 58 -1
    endloop
  endfacet
  facet normal 0 -1 0
    outer loop
      vertex 124 60.5981 -1
      vertex 127 60.5981 2
      vertex 124 60.5981 2
    endloop
  endfacet
  facet normal 0 -1 -0
    outer loop
      vertex 127 60.5981 2
      vertex 124 60.5981 -1
      vertex 127 60.5981 -1
    endloop
  endfacet
  facet normal 0.866027 0.499997 0
    outer loop
      vertex 124 55.4019 2
      vertex 122.5 58 -1
      vertex 122.5 58 2
    endloop
  endfacet
  facet normal 0.866027 0.499997 0
    outer loop
      vertex 122.5 58 -1
      vertex 124 55.4019 2
      vertex 124 55.4019 -1
    endloop
  endfacet
  facet normal -0.866027 0.499997 0
    outer loop
      vertex 127 55.4019 -1
      vertex 128.5 58 2
      vertex 128.5 58 -1
    endloop
  endfacet
  facet normal -0.866027 0.499997 0
    outer loop
      vertex 128.5 58 2
      vertex 127 55.4019 -1
      vertex 127 55.4019 2
    endloop
  endfacet
  facet normal 0 0 1
    outer loop
      vertex 127 69.5981 -1
      vertex 127 64.4019 -1
      vertex 128.5 67 -1
    endloop
  endfacet
  facet normal -0 0 1
    outer loop
      vertex 124 69.5981 -1
      vertex 127 64.4019 -1
      vertex 127 69.5981 -1
    endloop
  endfacet
  facet normal 0 0 1
    outer loop
      vertex 124 69.5981 -1
      vertex 124 64.4019 -1
      vertex 127 64.4019 -1
    endloop
  endfacet
  facet normal 0 -0 1
    outer loop
      vertex 124 64.4019 -1
      vertex 124 69.5981 -1
      vertex 122.5 67 -1
    endloop
  endfacet
  facet normal -0.866027 -0.499997 0
    outer loop
      vertex 128.5 67 -1
      vertex 127 69.5981 2
      vertex 127 69.5981 -1
    endloop
  endfacet
  facet normal -0.866027 -0.499997 0
    outer loop
      vertex 127 69.5981 2
      vertex 128.5 67 -1
      vertex 128.5 67 2
    endloop
  endfacet
  facet normal 0 1 -0
    outer loop
      vertex 127 64.4019 -1
      vertex 124 64.4019 2
      vertex 127 64.4019 2
    endloop
  endfacet
  facet normal 0 1 0
    outer loop
      vertex 124 64.4019 2
      vertex 127 64.4019 -1
      vertex 124 64.4019 -1
    endloop
  endfacet
  facet normal 0.866027 -0.499997 0
    outer loop
      vertex 122.5 67 2
      vertex 124 69.5981 -1
      vertex 124 69.5981 2
    endloop
  endfacet
  facet normal 0.866027 -0.499997 0
    outer loop
      vertex 124 69.5981 -1
      vertex 122.5 67 2
      vertex 122.5 67 -1
    endloop
  endfacet
  facet normal 0 -1 0
    outer loop
      vertex 124 69.5981 -1
      vertex 127 69.5981 2
      vertex 124 69.5981 2
    endloop
  endfacet
  facet normal 0 -1 -0
    outer loop
      vertex 127 69.5981 2
      vertex 124 69.5981 -1
      vertex 127 69.5981 -1
    endloop
  endfacet
  facet normal 0.866027 0.499997 0
    outer loop
      vertex 124 64.4019 2
      vertex 122.5 67 -1
      vertex 122.5 67 2
    endloop
  endfacet
  facet normal 0.866027 0.499997 0
    outer loop
      vertex 122.5 67 -1
      vertex 124 64.4019 2
      vertex 124 64.4019 -1
    endloop
  endfacet
  facet normal -0.866027 0.499997 0
    outer loop
      vertex 127 64.4019 -1
      vertex 128.5 67 2
      vertex 128.5 67 -1
    endloop
  endfacet
  facet normal -0.866027 0.499997 0
    outer loop
      vertex 128.5 67 2
      vertex 127 64.4019 -1
      vertex 127 64.4019 2
    endloop
  endfacet
  facet normal 0 0 1
    outer loop
      vertex 127 78.5981 -1
      vertex 127 73.4019 -1
      vertex 128.5 76 -1
    endloop
  endfacet
  facet normal -0 0 1
    outer loop
      vertex 124 78.5981 -1
      vertex 127 73.4019 -1
      vertex 127 78.5981 -1
    endloop
  endfacet
  facet normal 0 0 1
    outer loop
      vertex 124 78.5981 -1
      vertex 124 73.4019 -1
      vertex 127 73.4019 -1
    endloop
  endfacet
  facet normal 0 -0 1
    outer loop
      vertex 124 73.4019 -1
      vertex 124 78.5981 -1
      vertex 122.5 76 -1
    endloop
  endfacet
  facet normal -0.866027 -0.499997 0
    outer loop
      vertex 128.5 76 -1
      vertex 127 78.5981 2
      vertex 127 78.5981 -1
    endloop
  endfacet
  facet normal -0.866027 -0.499997 0
    outer loop
      vertex 127 78.5981 2
      vertex 128.5 76 -1
      vertex 128.5 76 2
    endloop
  endfacet
  facet normal 0 1 -0
    outer loop
      vertex 127 73.4019 -1
      vertex 124 73.4019 2
      vertex 127 73.4019 2
    endloop
  endfacet
  facet normal 0 1 0
    outer loop
      vertex 124 73.4019 2
      vertex 127 73.4019 -1
      vertex 124 73.4019 -1
    endloop
  endfacet
  facet normal 0.866027 -0.499997 0
    outer loop
      vertex 122.5 76 2
      vertex 124 78.5981 -1
      vertex 124 78.5981 2
    endloop
  endfacet
  facet normal 0.866027 -0.499997 0
    outer loop
      vertex 124 78.5981 -1
      vertex 122.5 76 2
      vertex 122.5 76 -1
    endloop
  endfacet
  facet normal 0 -1 0
    outer loop
      vertex 124 78.5981 -1
      vertex 127 78.5981 2
      vertex 124 78.5981 2
    endloop
  endfacet
  facet normal 0 -1 -0
    outer loop
      vertex 127 78.5981 2
      vertex 124 78.5981 -1
      vertex 127 78.5981 -1
    endloop
  endfacet
  facet normal 0.866027 0.499997 0
    outer loop
      vertex 124 73.4019 2
      vertex 122.5 76 -1
      vertex 122.5 76 2
    endloop
  endfacet
  facet normal 0.866027 0.499997 0
    outer loop
      vertex 122.5 76 -1
      vertex 124 73.4019 2
      vertex 124 73.4019 -1
    endloop
  endfacet
  facet normal -0.866027 0.499997 0
    outer loop
      vertex 127 73.4019 -1
      vertex 128.5 76 2
      vertex 128.5 76 -1
    endloop
  endfacet
  facet normal -0.866027 0.499997 0
    outer loop
      vertex 128.5 76 2
      vertex 127 73.4019 -1
      vertex 127 73.4019 2
    endloop
  endfacet
  facet normal 0 0 1
    outer loop
      vertex 127 87.5981 -1
      vertex 127 82.4019 -1
      vertex 128.5 85 -1
    endloop
  endfacet
  facet normal -0 0 1
    outer loop
      vertex 124 87.5981 -1
      vertex 127 82.4019 -1
      vertex 127 87.5981 -1
    endloop
  endfacet
  facet normal 0 0 1
    outer loop
      vertex 124 87.5981 -1
      vertex 124 82.4019 -1
      vertex 127 82.4019 -1
    endloop
  endfacet
  facet normal 0 -0 1
    outer loop
      vertex 124 82.4019 -1
      vertex 124 87.5981 -1
      vertex 122.5 85 -1
    endloop
  endfacet
  facet normal -0.866027 -0.499997 0
    outer loop
      vertex 128.5 85 -1
      vertex 127 87.5981 2
      vertex 127 87.5981 -1
    endloop
  endfacet
  facet normal -0.866027 -0.499997 0
    outer loop
      vertex 127 87.5981 2
      vertex 128.5 85 -1
      vertex 128.5 85 2
    endloop
  endfacet
  facet normal 0 1 -0
    outer loop
      vertex 127 82.4019 -1
      vertex 124 82.4019 2
      vertex 127 82.4019 2
    endloop
  endfacet
  facet normal 0 1 0
    outer loop
      vertex 124 82.4019 2
      vertex 127 82.4019 -1
      vertex 124 82.4019 -1
    endloop
  endfacet
  facet normal 0.866027 -0.499997 0
    outer loop
      vertex 122.5 85 2
      vertex 124 87.5981 -1
      vertex 124 87.5981 2
    endloop
  endfacet
  facet normal 0.866027 -0.499997 0
    outer loop
      vertex 124 87.5981 -1
      vertex 122.5 85 2
      vertex 122.5 85 -1
    endloop
  endfacet
  facet normal 0 -1 0
    outer loop
      vertex 124 87.5981 -1
      vertex 127 87.5981 2
      vertex 124 87.5981 2
    endloop
  endfacet
  facet normal 0 -1 -0
    outer loop
      vertex 127 87.5981 2
      vertex 124 87.5981 -1
      vertex 127 87.5981 -1
    endloop
  endfacet
  facet normal 0.866027 0.499997 0
    outer loop
      vertex 124 82.4019 2
      vertex 122.5 85 -1
      vertex 122.5 85 2
    endloop
  endfacet
  facet normal 0.866027 0.499997 0
    outer loop
      vertex 122.5 85 -1
      vertex 124 82.4019 2
      vertex 124 82.4019 -1
    endloop
  endfacet
  facet normal -0.866027 0.499997 0
    outer loop
      vertex 127 82.4019 -1
      vertex 128.5 85 2
      vertex 128.5 85 -1
    endloop
  endfacet
  facet normal -0.866027 0.499997 0
    outer loop
      vertex 128.5 85 2
      vertex 127 82.4019 -1
      vertex 127 82.4019 2
    endloop
  endfacet
  facet normal 0 0 1
    outer loop
      vertex 136 20.0981 -1
      vertex 136 14.9019 -1
      vertex 137.5 17.5 -1
    endloop
  endfacet
  facet normal -0 0 1
    outer loop
      vertex 133 20.0981 -1
      vertex 136 14.9019 -1
      vertex 136 20.0981 -1
    endloop
  endfacet
  facet normal 0 0 1
    outer loop
      vertex 133 20.0981 -1
      vertex 133 14.9019 -1
      vertex 136 14.9019 -1
    endloop
  endfacet
  facet normal 0 -0 1
    outer loop
      vertex 133 14.9019 -1
      vertex 133 20.0981 -1
      vertex 131.5 17.5 -1
    endloop
  endfacet
  facet normal -0.866027 -0.499997 0
    outer loop
      vertex 137.5 17.5 -1
      vertex 136 20.0981 2
      vertex 136 20.0981 -1
    endloop
  endfacet
  facet normal -0.866027 -0.499997 0
    outer loop
      vertex 136 20.0981 2
      vertex 137.5 17.5 -1
      vertex 137.5 17.5 2
    endloop
  endfacet
  facet normal 0 1 -0
    outer loop
      vertex 136 14.9019 -1
      vertex 133 14.9019 2
      vertex 136 14.9019 2
    endloop
  endfacet
  facet normal 0 1 0
    outer loop
      vertex 133 14.9019 2
      vertex 136 14.9019 -1
      vertex 133 14.9019 -1
    endloop
  endfacet
  facet normal 0.866027 -0.499997 0
    outer loop
      vertex 131.5 17.5 2
      vertex 133 20.0981 -1
      vertex 133 20.0981 2
    endloop
  endfacet
  facet normal 0.866027 -0.499997 0
    outer loop
      vertex 133 20.0981 -1
      vertex 131.5 17.5 2
      vertex 131.5 17.5 -1
    endloop
  endfacet
  facet normal 0 -1 0
    outer loop
      vertex 133 20.0981 -1
      vertex 136 20.0981 2
      vertex 133 20.0981 2
    endloop
  endfacet
  facet normal 0 -1 -0
    outer loop
      vertex 136 20.0981 2
      vertex 133 20.0981 -1
      vertex 136 20.0981 -1
    endloop
  endfacet
  facet normal 0.866027 0.499997 0
    outer loop
      vertex 133 14.9019 2
      vertex 131.5 17.5 -1
      vertex 131.5 17.5 2
    endloop
  endfacet
  facet normal 0.866027 0.499997 0
    outer loop
      vertex 131.5 17.5 -1
      vertex 133 14.9019 2
      vertex 133 14.9019 -1
    endloop
  endfacet
  facet normal -0.866027 0.499997 0
    outer loop
      vertex 136 14.9019 -1
      vertex 137.5 17.5 2
      vertex 137.5 17.5 -1
    endloop
  endfacet
  facet normal -0.866027 0.499997 0
    outer loop
      vertex 137.5 17.5 2
      vertex 136 14.9019 -1
      vertex 136 14.9019 2
    endloop
  endfacet
  facet normal 0 0 1
    outer loop
      vertex 136 29.0981 -1
      vertex 136 23.9019 -1
      vertex 137.5 26.5 -1
    endloop
  endfacet
  facet normal -0 0 1
    outer loop
      vertex 133 29.0981 -1
      vertex 136 23.9019 -1
      vertex 136 29.0981 -1
    endloop
  endfacet
  facet normal 0 0 1
    outer loop
      vertex 133 29.0981 -1
      vertex 133 23.9019 -1
      vertex 136 23.9019 -1
    endloop
  endfacet
  facet normal 0 -0 1
    outer loop
      vertex 133 23.9019 -1
      vertex 133 29.0981 -1
      vertex 131.5 26.5 -1
    endloop
  endfacet
  facet normal -0.866027 -0.499997 0
    outer loop
      vertex 137.5 26.5 -1
      vertex 136 29.0981 2
      vertex 136 29.0981 -1
    endloop
  endfacet
  facet normal -0.866027 -0.499997 0
    outer loop
      vertex 136 29.0981 2
      vertex 137.5 26.5 -1
      vertex 137.5 26.5 2
    endloop
  endfacet
  facet normal 0 1 -0
    outer loop
      vertex 136 23.9019 -1
      vertex 133 23.9019 2
      vertex 136 23.9019 2
    endloop
  endfacet
  facet normal 0 1 0
    outer loop
      vertex 133 23.9019 2
      vertex 136 23.9019 -1
      vertex 133 23.9019 -1
    endloop
  endfacet
  facet normal 0.866027 -0.499997 0
    outer loop
      vertex 131.5 26.5 2
      vertex 133 29.0981 -1
      vertex 133 29.0981 2
    endloop
  endfacet
  facet normal 0.866027 -0.499997 0
    outer loop
      vertex 133 29.0981 -1
      vertex 131.5 26.5 2
      vertex 131.5 26.5 -1
    endloop
  endfacet
  facet normal 0 -1 0
    outer loop
      vertex 133 29.0981 -1
      vertex 136 29.0981 2
      vertex 133 29.0981 2
    endloop
  endfacet
  facet normal 0 -1 -0
    outer loop
      vertex 136 29.0981 2
      vertex 133 29.0981 -1
      vertex 136 29.0981 -1
    endloop
  endfacet
  facet normal 0.866027 0.499997 0
    outer loop
      vertex 133 23.9019 2
      vertex 131.5 26.5 -1
      vertex 131.5 26.5 2
    endloop
  endfacet
  facet normal 0.866027 0.499997 0
    outer loop
      vertex 131.5 26.5 -1
      vertex 133 23.9019 2
      vertex 133 23.9019 -1
    endloop
  endfacet
  facet normal -0.866027 0.499997 0
    outer loop
      vertex 136 23.9019 -1
      vertex 137.5 26.5 2
      vertex 137.5 26.5 -1
    endloop
  endfacet
  facet normal -0.866027 0.499997 0
    outer loop
      vertex 137.5 26.5 2
      vertex 136 23.9019 -1
      vertex 136 23.9019 2
    endloop
  endfacet
  facet normal 0 0 1
    outer loop
      vertex 136 38.0981 -1
      vertex 136 32.9019 -1
      vertex 137.5 35.5 -1
    endloop
  endfacet
  facet normal -0 0 1
    outer loop
      vertex 133 38.0981 -1
      vertex 136 32.9019 -1
      vertex 136 38.0981 -1
    endloop
  endfacet
  facet normal 0 0 1
    outer loop
      vertex 133 38.0981 -1
      vertex 133 32.9019 -1
      vertex 136 32.9019 -1
    endloop
  endfacet
  facet normal 0 -0 1
    outer loop
      vertex 133 32.9019 -1
      vertex 133 38.0981 -1
      vertex 131.5 35.5 -1
    endloop
  endfacet
  facet normal -0.866027 -0.499997 0
    outer loop
      vertex 137.5 35.5 -1
      vertex 136 38.0981 2
      vertex 136 38.0981 -1
    endloop
  endfacet
  facet normal -0.866027 -0.499997 0
    outer loop
      vertex 136 38.0981 2
      vertex 137.5 35.5 -1
      vertex 137.5 35.5 2
    endloop
  endfacet
  facet normal 0 1 -0
    outer loop
      vertex 136 32.9019 -1
      vertex 133 32.9019 2
      vertex 136 32.9019 2
    endloop
  endfacet
  facet normal 0 1 0
    outer loop
      vertex 133 32.9019 2
      vertex 136 32.9019 -1
      vertex 133 32.9019 -1
    endloop
  endfacet
  facet normal 0.866027 -0.499997 0
    outer loop
      vertex 131.5 35.5 2
      vertex 133 38.0981 -1
      vertex 133 38.0981 2
    endloop
  endfacet
  facet normal 0.866027 -0.499997 0
    outer loop
      vertex 133 38.0981 -1
      vertex 131.5 35.5 2
      vertex 131.5 35.5 -1
    endloop
  endfacet
  facet normal 0 -1 0
    outer loop
      vertex 133 38.0981 -1
      vertex 136 38.0981 2
      vertex 133 38.0981 2
    endloop
  endfacet
  facet normal 0 -1 -0
    outer loop
      vertex 136 38.0981 2
      vertex 133 38.0981 -1
      vertex 136 38.0981 -1
    endloop
  endfacet
  facet normal 0.866027 0.499997 0
    outer loop
      vertex 133 32.9019 2
      vertex 131.5 35.5 -1
      vertex 131.5 35.5 2
    endloop
  endfacet
  facet normal 0.866027 0.499997 0
    outer loop
      vertex 131.5 35.5 -1
      vertex 133 32.9019 2
      vertex 133 32.9019 -1
    endloop
  endfacet
  facet normal -0.866027 0.499997 0
    outer loop
      vertex 136 32.9019 -1
      vertex 137.5 35.5 2
      vertex 137.5 35.5 -1
    endloop
  endfacet
  facet normal -0.866027 0.499997 0
    outer loop
      vertex 137.5 35.5 2
      vertex 136 32.9019 -1
      vertex 136 32.9019 2
    endloop
  endfacet
  facet normal 0 0 1
    outer loop
      vertex 136 47.0981 -1
      vertex 136 41.9019 -1
      vertex 137.5 44.5 -1
    endloop
  endfacet
  facet normal -0 0 1
    outer loop
      vertex 133 47.0981 -1
      vertex 136 41.9019 -1
      vertex 136 47.0981 -1
    endloop
  endfacet
  facet normal 0 0 1
    outer loop
      vertex 133 47.0981 -1
      vertex 133 41.9019 -1
      vertex 136 41.9019 -1
    endloop
  endfacet
  facet normal 0 -0 1
    outer loop
      vertex 133 41.9019 -1
      vertex 133 47.0981 -1
      vertex 131.5 44.5 -1
    endloop
  endfacet
  facet normal -0.866027 -0.499997 0
    outer loop
      vertex 137.5 44.5 -1
      vertex 136 47.0981 2
      vertex 136 47.0981 -1
    endloop
  endfacet
  facet normal -0.866027 -0.499997 0
    outer loop
      vertex 136 47.0981 2
      vertex 137.5 44.5 -1
      vertex 137.5 44.5 2
    endloop
  endfacet
  facet normal 0 1 -0
    outer loop
      vertex 136 41.9019 -1
      vertex 133 41.9019 2
      vertex 136 41.9019 2
    endloop
  endfacet
  facet normal 0 1 0
    outer loop
      vertex 133 41.9019 2
      vertex 136 41.9019 -1
      vertex 133 41.9019 -1
    endloop
  endfacet
  facet normal 0.866027 -0.499997 0
    outer loop
      vertex 131.5 44.5 2
      vertex 133 47.0981 -1
      vertex 133 47.0981 2
    endloop
  endfacet
  facet normal 0.866027 -0.499997 0
    outer loop
      vertex 133 47.0981 -1
      vertex 131.5 44.5 2
      vertex 131.5 44.5 -1
    endloop
  endfacet
  facet normal 0 -1 0
    outer loop
      vertex 133 47.0981 -1
      vertex 136 47.0981 2
      vertex 133 47.0981 2
    endloop
  endfacet
  facet normal 0 -1 -0
    outer loop
      vertex 136 47.0981 2
      vertex 133 47.0981 -1
      vertex 136 47.0981 -1
    endloop
  endfacet
  facet normal 0.866027 0.499997 0
    outer loop
      vertex 133 41.9019 2
      vertex 131.5 44.5 -1
      vertex 131.5 44.5 2
    endloop
  endfacet
  facet normal 0.866027 0.499997 0
    outer loop
      vertex 131.5 44.5 -1
      vertex 133 41.9019 2
      vertex 133 41.9019 -1
    endloop
  endfacet
  facet normal -0.866027 0.499997 0
    outer loop
      vertex 136 41.9019 -1
      vertex 137.5 44.5 2
      vertex 137.5 44.5 -1
    endloop
  endfacet
  facet normal -0.866027 0.499997 0
    outer loop
      vertex 137.5 44.5 2
      vertex 136 41.9019 -1
      vertex 136 41.9019 2
    endloop
  endfacet
  facet normal 0 0 1
    outer loop
      vertex 136 56.0981 -1
      vertex 136 50.9019 -1
      vertex 137.5 53.5 -1
    endloop
  endfacet
  facet normal -0 0 1
    outer loop
      vertex 133 56.0981 -1
      vertex 136 50.9019 -1
      vertex 136 56.0981 -1
    endloop
  endfacet
  facet normal 0 0 1
    outer loop
      vertex 133 56.0981 -1
      vertex 133 50.9019 -1
      vertex 136 50.9019 -1
    endloop
  endfacet
  facet normal 0 -0 1
    outer loop
      vertex 133 50.9019 -1
      vertex 133 56.0981 -1
      vertex 131.5 53.5 -1
    endloop
  endfacet
  facet normal -0.866027 -0.499997 0
    outer loop
      vertex 137.5 53.5 -1
      vertex 136 56.0981 2
      vertex 136 56.0981 -1
    endloop
  endfacet
  facet normal -0.866027 -0.499997 0
    outer loop
      vertex 136 56.0981 2
      vertex 137.5 53.5 -1
      vertex 137.5 53.5 2
    endloop
  endfacet
  facet normal 0 1 -0
    outer loop
      vertex 136 50.9019 -1
      vertex 133 50.9019 2
      vertex 136 50.9019 2
    endloop
  endfacet
  facet normal 0 1 0
    outer loop
      vertex 133 50.9019 2
      vertex 136 50.9019 -1
      vertex 133 50.9019 -1
    endloop
  endfacet
  facet normal 0.866027 -0.499997 0
    outer loop
      vertex 131.5 53.5 2
      vertex 133 56.0981 -1
      vertex 133 56.0981 2
    endloop
  endfacet
  facet normal 0.866027 -0.499997 0
    outer loop
      vertex 133 56.0981 -1
      vertex 131.5 53.5 2
      vertex 131.5 53.5 -1
    endloop
  endfacet
  facet normal 0 -1 0
    outer loop
      vertex 133 56.0981 -1
      vertex 136 56.0981 2
      vertex 133 56.0981 2
    endloop
  endfacet
  facet normal 0 -1 -0
    outer loop
      vertex 136 56.0981 2
      vertex 133 56.0981 -1
      vertex 136 56.0981 -1
    endloop
  endfacet
  facet normal 0.866027 0.499997 0
    outer loop
      vertex 133 50.9019 2
      vertex 131.5 53.5 -1
      vertex 131.5 53.5 2
    endloop
  endfacet
  facet normal 0.866027 0.499997 0
    outer loop
      vertex 131.5 53.5 -1
      vertex 133 50.9019 2
      vertex 133 50.9019 -1
    endloop
  endfacet
  facet normal -0.866027 0.499997 0
    outer loop
      vertex 136 50.9019 -1
      vertex 137.5 53.5 2
      vertex 137.5 53.5 -1
    endloop
  endfacet
  facet normal -0.866027 0.499997 0
    outer loop
      vertex 137.5 53.5 2
      vertex 136 50.9019 -1
      vertex 136 50.9019 2
    endloop
  endfacet
  facet normal 0 0 1
    outer loop
      vertex 136 65.0981 -1
      vertex 136 59.9019 -1
      vertex 137.5 62.5 -1
    endloop
  endfacet
  facet normal -0 0 1
    outer loop
      vertex 133 65.0981 -1
      vertex 136 59.9019 -1
      vertex 136 65.0981 -1
    endloop
  endfacet
  facet normal 0 0 1
    outer loop
      vertex 133 65.0981 -1
      vertex 133 59.9019 -1
      vertex 136 59.9019 -1
    endloop
  endfacet
  facet normal 0 -0 1
    outer loop
      vertex 133 59.9019 -1
      vertex 133 65.0981 -1
      vertex 131.5 62.5 -1
    endloop
  endfacet
  facet normal -0.866027 -0.499997 0
    outer loop
      vertex 137.5 62.5 -1
      vertex 136 65.0981 2
      vertex 136 65.0981 -1
    endloop
  endfacet
  facet normal -0.866027 -0.499997 0
    outer loop
      vertex 136 65.0981 2
      vertex 137.5 62.5 -1
      vertex 137.5 62.5 2
    endloop
  endfacet
  facet normal 0 1 -0
    outer loop
      vertex 136 59.9019 -1
      vertex 133 59.9019 2
      vertex 136 59.9019 2
    endloop
  endfacet
  facet normal 0 1 0
    outer loop
      vertex 133 59.9019 2
      vertex 136 59.9019 -1
      vertex 133 59.9019 -1
    endloop
  endfacet
  facet normal 0.866027 -0.499997 0
    outer loop
      vertex 131.5 62.5 2
      vertex 133 65.0981 -1
      vertex 133 65.0981 2
    endloop
  endfacet
  facet normal 0.866027 -0.499997 0
    outer loop
      vertex 133 65.0981 -1
      vertex 131.5 62.5 2
      vertex 131.5 62.5 -1
    endloop
  endfacet
  facet normal 0 -1 0
    outer loop
      vertex 133 65.0981 -1
      vertex 136 65.0981 2
      vertex 133 65.0981 2
    endloop
  endfacet
  facet normal 0 -1 -0
    outer loop
      vertex 136 65.0981 2
      vertex 133 65.0981 -1
      vertex 136 65.0981 -1
    endloop
  endfacet
  facet normal 0.866027 0.499997 0
    outer loop
      vertex 133 59.9019 2
      vertex 131.5 62.5 -1
      vertex 131.5 62.5 2
    endloop
  endfacet
  facet normal 0.866027 0.499997 0
    outer loop
      vertex 131.5 62.5 -1
      vertex 133 59.9019 2
      vertex 133 59.9019 -1
    endloop
  endfacet
  facet normal -0.866027 0.499997 0
    outer loop
      vertex 136 59.9019 -1
      vertex 137.5 62.5 2
      vertex 137.5 62.5 -1
    endloop
  endfacet
  facet normal -0.866027 0.499997 0
    outer loop
      vertex 137.5 62.5 2
      vertex 136 59.9019 -1
      vertex 136 59.9019 2
    endloop
  endfacet
  facet normal 0 0 1
    outer loop
      vertex 136 74.0981 -1
      vertex 136 68.9019 -1
      vertex 137.5 71.5 -1
    endloop
  endfacet
  facet normal -0 0 1
    outer loop
      vertex 133 74.0981 -1
      vertex 136 68.9019 -1
      vertex 136 74.0981 -1
    endloop
  endfacet
  facet normal 0 0 1
    outer loop
      vertex 133 74.0981 -1
      vertex 133 68.9019 -1
      vertex 136 68.9019 -1
    endloop
  endfacet
  facet normal 0 -0 1
    outer loop
      vertex 133 68.9019 -1
      vertex 133 74.0981 -1
      vertex 131.5 71.5 -1
    endloop
  endfacet
  facet normal -0.866027 -0.499997 0
    outer loop
      vertex 137.5 71.5 -1
      vertex 136 74.0981 2
      vertex 136 74.0981 -1
    endloop
  endfacet
  facet normal -0.866027 -0.499997 0
    outer loop
      vertex 136 74.0981 2
      vertex 137.5 71.5 -1
      vertex 137.5 71.5 2
    endloop
  endfacet
  facet normal 0 1 -0
    outer loop
      vertex 136 68.9019 -1
      vertex 133 68.9019 2
      vertex 136 68.9019 2
    endloop
  endfacet
  facet normal 0 1 0
    outer loop
      vertex 133 68.9019 2
      vertex 136 68.9019 -1
      vertex 133 68.9019 -1
    endloop
  endfacet
  facet normal 0.866027 -0.499997 0
    outer loop
      vertex 131.5 71.5 2
      vertex 133 74.0981 -1
      vertex 133 74.0981 2
    endloop
  endfacet
  facet normal 0.866027 -0.499997 0
    outer loop
      vertex 133 74.0981 -1
      vertex 131.5 71.5 2
      vertex 131.5 71.5 -1
    endloop
  endfacet
  facet normal 0 -1 0
    outer loop
      vertex 133 74.0981 -1
      vertex 136 74.0981 2
      vertex 133 74.0981 2
    endloop
  endfacet
  facet normal 0 -1 -0
    outer loop
      vertex 136 74.0981 2
      vertex 133 74.0981 -1
      vertex 136 74.0981 -1
    endloop
  endfacet
  facet normal 0.866027 0.499997 0
    outer loop
      vertex 133 68.9019 2
      vertex 131.5 71.5 -1
      vertex 131.5 71.5 2
    endloop
  endfacet
  facet normal 0.866027 0.499997 0
    outer loop
      vertex 131.5 71.5 -1
      vertex 133 68.9019 2
      vertex 133 68.9019 -1
    endloop
  endfacet
  facet normal -0.866027 0.499997 0
    outer loop
      vertex 136 68.9019 -1
      vertex 137.5 71.5 2
      vertex 137.5 71.5 -1
    endloop
  endfacet
  facet normal -0.866027 0.499997 0
    outer loop
      vertex 137.5 71.5 2
      vertex 136 68.9019 -1
      vertex 136 68.9019 2
    endloop
  endfacet
  facet normal 0 0 1
    outer loop
      vertex 136 83.0981 -1
      vertex 136 77.9019 -1
      vertex 137.5 80.5 -1
    endloop
  endfacet
  facet normal -0 0 1
    outer loop
      vertex 133 83.0981 -1
      vertex 136 77.9019 -1
      vertex 136 83.0981 -1
    endloop
  endfacet
  facet normal 0 0 1
    outer loop
      vertex 133 83.0981 -1
      vertex 133 77.9019 -1
      vertex 136 77.9019 -1
    endloop
  endfacet
  facet normal 0 -0 1
    outer loop
      vertex 133 77.9019 -1
      vertex 133 83.0981 -1
      vertex 131.5 80.5 -1
    endloop
  endfacet
  facet normal -0.866027 -0.499997 0
    outer loop
      vertex 137.5 80.5 -1
      vertex 136 83.0981 2
      vertex 136 83.0981 -1
    endloop
  endfacet
  facet normal -0.866027 -0.499997 0
    outer loop
      vertex 136 83.0981 2
      vertex 137.5 80.5 -1
      vertex 137.5 80.5 2
    endloop
  endfacet
  facet normal 0 1 -0
    outer loop
      vertex 136 77.9019 -1
      vertex 133 77.9019 2
      vertex 136 77.9019 2
    endloop
  endfacet
  facet normal 0 1 0
    outer loop
      vertex 133 77.9019 2
      vertex 136 77.9019 -1
      vertex 133 77.9019 -1
    endloop
  endfacet
  facet normal 0.866027 -0.499997 0
    outer loop
      vertex 131.5 80.5 2
      vertex 133 83.0981 -1
      vertex 133 83.0981 2
    endloop
  endfacet
  facet normal 0.866027 -0.499997 0
    outer loop
      vertex 133 83.0981 -1
      vertex 131.5 80.5 2
      vertex 131.5 80.5 -1
    endloop
  endfacet
  facet normal 0 -1 0
    outer loop
      vertex 133 83.0981 -1
      vertex 136 83.0981 2
      vertex 133 83.0981 2
    endloop
  endfacet
  facet normal 0 -1 -0
    outer loop
      vertex 136 83.0981 2
      vertex 133 83.0981 -1
      vertex 136 83.0981 -1
    endloop
  endfacet
  facet normal 0.866027 0.499997 0
    outer loop
      vertex 133 77.9019 2
      vertex 131.5 80.5 -1
      vertex 131.5 80.5 2
    endloop
  endfacet
  facet normal 0.866027 0.499997 0
    outer loop
      vertex 131.5 80.5 -1
      vertex 133 77.9019 2
      vertex 133 77.9019 -1
    endloop
  endfacet
  facet normal -0.866027 0.499997 0
    outer loop
      vertex 136 77.9019 -1
      vertex 137.5 80.5 2
      vertex 137.5 80.5 -1
    endloop
  endfacet
  facet normal -0.866027 0.499997 0
    outer loop
      vertex 137.5 80.5 2
      vertex 136 77.9019 -1
      vertex 136 77.9019 2
    endloop
  endfacet
  facet normal 0 0 1
    outer loop
      vertex 145 24.5981 -1
      vertex 145 19.4019 -1
      vertex 146.5 22 -1
    endloop
  endfacet
  facet normal -0 0 1
    outer loop
      vertex 142 24.5981 -1
      vertex 145 19.4019 -1
      vertex 145 24.5981 -1
    endloop
  endfacet
  facet normal 0 0 1
    outer loop
      vertex 142 24.5981 -1
      vertex 142 19.4019 -1
      vertex 145 19.4019 -1
    endloop
  endfacet
  facet normal 0 -0 1
    outer loop
      vertex 142 19.4019 -1
      vertex 142 24.5981 -1
      vertex 140.5 22 -1
    endloop
  endfacet
  facet normal -0.866027 -0.499997 0
    outer loop
      vertex 146.5 22 -1
      vertex 145 24.5981 2
      vertex 145 24.5981 -1
    endloop
  endfacet
  facet normal -0.866027 -0.499997 0
    outer loop
      vertex 145 24.5981 2
      vertex 146.5 22 -1
      vertex 146.5 22 2
    endloop
  endfacet
  facet normal 0 1 -0
    outer loop
      vertex 145 19.4019 -1
      vertex 142 19.4019 2
      vertex 145 19.4019 2
    endloop
  endfacet
  facet normal 0 1 0
    outer loop
      vertex 142 19.4019 2
      vertex 145 19.4019 -1
      vertex 142 19.4019 -1
    endloop
  endfacet
  facet normal 0.866027 -0.499997 0
    outer loop
      vertex 140.5 22 2
      vertex 142 24.5981 -1
      vertex 142 24.5981 2
    endloop
  endfacet
  facet normal 0.866027 -0.499997 0
    outer loop
      vertex 142 24.5981 -1
      vertex 140.5 22 2
      vertex 140.5 22 -1
    endloop
  endfacet
  facet normal 0 -1 0
    outer loop
      vertex 142 24.5981 -1
      vertex 145 24.5981 2
      vertex 142 24.5981 2
    endloop
  endfacet
  facet normal 0 -1 -0
    outer loop
      vertex 145 24.5981 2
      vertex 142 24.5981 -1
      vertex 145 24.5981 -1
    endloop
  endfacet
  facet normal 0.866027 0.499997 0
    outer loop
      vertex 142 19.4019 2
      vertex 140.5 22 -1
      vertex 140.5 22 2
    endloop
  endfacet
  facet normal 0.866027 0.499997 0
    outer loop
      vertex 140.5 22 -1
      vertex 142 19.4019 2
      vertex 142 19.4019 -1
    endloop
  endfacet
  facet normal -0.866027 0.499997 0
    outer loop
      vertex 145 19.4019 -1
      vertex 146.5 22 2
      vertex 146.5 22 -1
    endloop
  endfacet
  facet normal -0.866027 0.499997 0
    outer loop
      vertex 146.5 22 2
      vertex 145 19.4019 -1
      vertex 145 19.4019 2
    endloop
  endfacet
  facet normal 0 0 1
    outer loop
      vertex 145 33.5981 -1
      vertex 145 28.4019 -1
      vertex 146.5 31 -1
    endloop
  endfacet
  facet normal -0 0 1
    outer loop
      vertex 142 33.5981 -1
      vertex 145 28.4019 -1
      vertex 145 33.5981 -1
    endloop
  endfacet
  facet normal 0 0 1
    outer loop
      vertex 142 33.5981 -1
      vertex 142 28.4019 -1
      vertex 145 28.4019 -1
    endloop
  endfacet
  facet normal 0 -0 1
    outer loop
      vertex 142 28.4019 -1
      vertex 142 33.5981 -1
      vertex 140.5 31 -1
    endloop
  endfacet
  facet normal -0.866027 -0.499997 0
    outer loop
      vertex 146.5 31 -1
      vertex 145 33.5981 2
      vertex 145 33.5981 -1
    endloop
  endfacet
  facet normal -0.866027 -0.499997 0
    outer loop
      vertex 145 33.5981 2
      vertex 146.5 31 -1
      vertex 146.5 31 2
    endloop
  endfacet
  facet normal 0 1 -0
    outer loop
      vertex 145 28.4019 -1
      vertex 142 28.4019 2
      vertex 145 28.4019 2
    endloop
  endfacet
  facet normal 0 1 0
    outer loop
      vertex 142 28.4019 2
      vertex 145 28.4019 -1
      vertex 142 28.4019 -1
    endloop
  endfacet
  facet normal 0.866027 -0.499997 0
    outer loop
      vertex 140.5 31 2
      vertex 142 33.5981 -1
      vertex 142 33.5981 2
    endloop
  endfacet
  facet normal 0.866027 -0.499997 0
    outer loop
      vertex 142 33.5981 -1
      vertex 140.5 31 2
      vertex 140.5 31 -1
    endloop
  endfacet
  facet normal 0 -1 0
    outer loop
      vertex 142 33.5981 -1
      vertex 145 33.5981 2
      vertex 142 33.5981 2
    endloop
  endfacet
  facet normal 0 -1 -0
    outer loop
      vertex 145 33.5981 2
      vertex 142 33.5981 -1
      vertex 145 33.5981 -1
    endloop
  endfacet
  facet normal 0.866027 0.499997 0
    outer loop
      vertex 142 28.4019 2
      vertex 140.5 31 -1
      vertex 140.5 31 2
    endloop
  endfacet
  facet normal 0.866027 0.499997 0
    outer loop
      vertex 140.5 31 -1
      vertex 142 28.4019 2
      vertex 142 28.4019 -1
    endloop
  endfacet
  facet normal -0.866027 0.499997 0
    outer loop
      vertex 145 28.4019 -1
      vertex 146.5 31 2
      vertex 146.5 31 -1
    endloop
  endfacet
  facet normal -0.866027 0.499997 0
    outer loop
      vertex 146.5 31 2
      vertex 145 28.4019 -1
      vertex 145 28.4019 2
    endloop
  endfacet
  facet normal 0 0 1
    outer loop
      vertex 145 42.5981 -1
      vertex 145 37.4019 -1
      vertex 146.5 40 -1
    endloop
  endfacet
  facet normal -0 0 1
    outer loop
      vertex 142 42.5981 -1
      vertex 145 37.4019 -1
      vertex 145 42.5981 -1
    endloop
  endfacet
  facet normal 0 0 1
    outer loop
      vertex 142 42.5981 -1
      vertex 142 37.4019 -1
      vertex 145 37.4019 -1
    endloop
  endfacet
  facet normal 0 -0 1
    outer loop
      vertex 142 37.4019 -1
      vertex 142 42.5981 -1
      vertex 140.5 40 -1
    endloop
  endfacet
  facet normal -0.866027 -0.499997 0
    outer loop
      vertex 146.5 40 -1
      vertex 145 42.5981 2
      vertex 145 42.5981 -1
    endloop
  endfacet
  facet normal -0.866027 -0.499997 0
    outer loop
      vertex 145 42.5981 2
      vertex 146.5 40 -1
      vertex 146.5 40 2
    endloop
  endfacet
  facet normal 0 1 -0
    outer loop
      vertex 145 37.4019 -1
      vertex 142 37.4019 2
      vertex 145 37.4019 2
    endloop
  endfacet
  facet normal 0 1 0
    outer loop
      vertex 142 37.4019 2
      vertex 145 37.4019 -1
      vertex 142 37.4019 -1
    endloop
  endfacet
  facet normal 0.866027 -0.499997 0
    outer loop
      vertex 140.5 40 2
      vertex 142 42.5981 -1
      vertex 142 42.5981 2
    endloop
  endfacet
  facet normal 0.866027 -0.499997 0
    outer loop
      vertex 142 42.5981 -1
      vertex 140.5 40 2
      vertex 140.5 40 -1
    endloop
  endfacet
  facet normal 0 -1 0
    outer loop
      vertex 142 42.5981 -1
      vertex 145 42.5981 2
      vertex 142 42.5981 2
    endloop
  endfacet
  facet normal 0 -1 -0
    outer loop
      vertex 145 42.5981 2
      vertex 142 42.5981 -1
      vertex 145 42.5981 -1
    endloop
  endfacet
  facet normal 0.866027 0.499997 0
    outer loop
      vertex 142 37.4019 2
      vertex 140.5 40 -1
      vertex 140.5 40 2
    endloop
  endfacet
  facet normal 0.866027 0.499997 0
    outer loop
      vertex 140.5 40 -1
      vertex 142 37.4019 2
      vertex 142 37.4019 -1
    endloop
  endfacet
  facet normal -0.866027 0.499997 0
    outer loop
      vertex 145 37.4019 -1
      vertex 146.5 40 2
      vertex 146.5 40 -1
    endloop
  endfacet
  facet normal -0.866027 0.499997 0
    outer loop
      vertex 146.5 40 2
      vertex 145 37.4019 -1
      vertex 145 37.4019 2
    endloop
  endfacet
  facet normal 0 0 1
    outer loop
      vertex 145 51.5981 -1
      vertex 145 46.4019 -1
      vertex 146.5 49 -1
    endloop
  endfacet
  facet normal -0 0 1
    outer loop
      vertex 142 51.5981 -1
      vertex 145 46.4019 -1
      vertex 145 51.5981 -1
    endloop
  endfacet
  facet normal 0 0 1
    outer loop
      vertex 142 51.5981 -1
      vertex 142 46.4019 -1
      vertex 145 46.4019 -1
    endloop
  endfacet
  facet normal 0 -0 1
    outer loop
      vertex 142 46.4019 -1
      vertex 142 51.5981 -1
      vertex 140.5 49 -1
    endloop
  endfacet
  facet normal -0.866027 -0.499997 0
    outer loop
      vertex 146.5 49 -1
      vertex 145 51.5981 2
      vertex 145 51.5981 -1
    endloop
  endfacet
  facet normal -0.866027 -0.499997 0
    outer loop
      vertex 145 51.5981 2
      vertex 146.5 49 -1
      vertex 146.5 49 2
    endloop
  endfacet
  facet normal 0 1 -0
    outer loop
      vertex 145 46.4019 -1
      vertex 142 46.4019 2
      vertex 145 46.4019 2
    endloop
  endfacet
  facet normal 0 1 0
    outer loop
      vertex 142 46.4019 2
      vertex 145 46.4019 -1
      vertex 142 46.4019 -1
    endloop
  endfacet
  facet normal 0.866027 -0.499997 0
    outer loop
      vertex 140.5 49 2
      vertex 142 51.5981 -1
      vertex 142 51.5981 2
    endloop
  endfacet
  facet normal 0.866027 -0.499997 0
    outer loop
      vertex 142 51.5981 -1
      vertex 140.5 49 2
      vertex 140.5 49 -1
    endloop
  endfacet
  facet normal 0 -1 0
    outer loop
      vertex 142 51.5981 -1
      vertex 145 51.5981 2
      vertex 142 51.5981 2
    endloop
  endfacet
  facet normal 0 -1 -0
    outer loop
      vertex 145 51.5981 2
      vertex 142 51.5981 -1
      vertex 145 51.5981 -1
    endloop
  endfacet
  facet normal 0.866027 0.499997 0
    outer loop
      vertex 142 46.4019 2
      vertex 140.5 49 -1
      vertex 140.5 49 2
    endloop
  endfacet
  facet normal 0.866027 0.499997 0
    outer loop
      vertex 140.5 49 -1
      vertex 142 46.4019 2
      vertex 142 46.4019 -1
    endloop
  endfacet
  facet normal -0.866027 0.499997 0
    outer loop
      vertex 145 46.4019 -1
      vertex 146.5 49 2
      vertex 146.5 49 -1
    endloop
  endfacet
  facet normal -0.866027 0.499997 0
    outer loop
      vertex 146.5 49 2
      vertex 145 46.4019 -1
      vertex 145 46.4019 2
    endloop
  endfacet
  facet normal 0 0 1
    outer loop
      vertex 145 60.5981 -1
      vertex 145 55.4019 -1
      vertex 146.5 58 -1
    endloop
  endfacet
  facet normal -0 0 1
    outer loop
      vertex 142 60.5981 -1
      vertex 145 55.4019 -1
      vertex 145 60.5981 -1
    endloop
  endfacet
  facet normal 0 0 1
    outer loop
      vertex 142 60.5981 -1
      vertex 142 55.4019 -1
      vertex 145 55.4019 -1
    endloop
  endfacet
  facet normal 0 -0 1
    outer loop
      vertex 142 55.4019 -1
      vertex 142 60.5981 -1
      vertex 140.5 58 -1
    endloop
  endfacet
  facet normal -0.866027 -0.499997 0
    outer loop
      vertex 146.5 58 -1
      vertex 145 60.5981 2
      vertex 145 60.5981 -1
    endloop
  endfacet
  facet normal -0.866027 -0.499997 0
    outer loop
      vertex 145 60.5981 2
      vertex 146.5 58 -1
      vertex 146.5 58 2
    endloop
  endfacet
  facet normal 0 1 -0
    outer loop
      vertex 145 55.4019 -1
      vertex 142 55.4019 2
      vertex 145 55.4019 2
    endloop
  endfacet
  facet normal 0 1 0
    outer loop
      vertex 142 55.4019 2
      vertex 145 55.4019 -1
      vertex 142 55.4019 -1
    endloop
  endfacet
  facet normal 0.866027 -0.499997 0
    outer loop
      vertex 140.5 58 2
      vertex 142 60.5981 -1
      vertex 142 60.5981 2
    endloop
  endfacet
  facet normal 0.866027 -0.499997 0
    outer loop
      vertex 142 60.5981 -1
      vertex 140.5 58 2
      vertex 140.5 58 -1
    endloop
  endfacet
  facet normal 0 -1 0
    outer loop
      vertex 142 60.5981 -1
      vertex 145 60.5981 2
      vertex 142 60.5981 2
    endloop
  endfacet
  facet normal 0 -1 -0
    outer loop
      vertex 145 60.5981 2
      vertex 142 60.5981 -1
      vertex 145 60.5981 -1
    endloop
  endfacet
  facet normal 0.866027 0.499997 0
    outer loop
      vertex 142 55.4019 2
      vertex 140.5 58 -1
      vertex 140.5 58 2
    endloop
  endfacet
  facet normal 0.866027 0.499997 0
    outer loop
      vertex 140.5 58 -1
      vertex 142 55.4019 2
      vertex 142 55.4019 -1
    endloop
  endfacet
  facet normal -0.866027 0.499997 0
    outer loop
      vertex 145 55.4019 -1
      vertex 146.5 58 2
      vertex 146.5 58 -1
    endloop
  endfacet
  facet normal -0.866027 0.499997 0
    outer loop
      vertex 146.5 58 2
      vertex 145 55.4019 -1
      vertex 145 55.4019 2
    endloop
  endfacet
  facet normal 0 0 1
    outer loop
      vertex 145 69.5981 -1
      vertex 145 64.4019 -1
      vertex 146.5 67 -1
    endloop
  endfacet
  facet normal -0 0 1
    outer loop
      vertex 142 69.5981 -1
      vertex 145 64.4019 -1
      vertex 145 69.5981 -1
    endloop
  endfacet
  facet normal 0 0 1
    outer loop
      vertex 142 69.5981 -1
      vertex 142 64.4019 -1
      vertex 145 64.4019 -1
    endloop
  endfacet
  facet normal 0 -0 1
    outer loop
      vertex 142 64.4019 -1
      vertex 142 69.5981 -1
      vertex 140.5 67 -1
    endloop
  endfacet
  facet normal -0.866027 -0.499997 0
    outer loop
      vertex 146.5 67 -1
      vertex 145 69.5981 2
      vertex 145 69.5981 -1
    endloop
  endfacet
  facet normal -0.866027 -0.499997 0
    outer loop
      vertex 145 69.5981 2
      vertex 146.5 67 -1
      vertex 146.5 67 2
    endloop
  endfacet
  facet normal 0 1 -0
    outer loop
      vertex 145 64.4019 -1
      vertex 142 64.4019 2
      vertex 145 64.4019 2
    endloop
  endfacet
  facet normal 0 1 0
    outer loop
      vertex 142 64.4019 2
      vertex 145 64.4019 -1
      vertex 142 64.4019 -1
    endloop
  endfacet
  facet normal 0.866027 -0.499997 0
    outer loop
      vertex 140.5 67 2
      vertex 142 69.5981 -1
      vertex 142 69.5981 2
    endloop
  endfacet
  facet normal 0.866027 -0.499997 0
    outer loop
      vertex 142 69.5981 -1
      vertex 140.5 67 2
      vertex 140.5 67 -1
    endloop
  endfacet
  facet normal 0 -1 0
    outer loop
      vertex 142 69.5981 -1
      vertex 145 69.5981 2
      vertex 142 69.5981 2
    endloop
  endfacet
  facet normal 0 -1 -0
    outer loop
      vertex 145 69.5981 2
      vertex 142 69.5981 -1
      vertex 145 69.5981 -1
    endloop
  endfacet
  facet normal 0.866027 0.499997 0
    outer loop
      vertex 142 64.4019 2
      vertex 140.5 67 -1
      vertex 140.5 67 2
    endloop
  endfacet
  facet normal 0.866027 0.499997 0
    outer loop
      vertex 140.5 67 -1
      vertex 142 64.4019 2
      vertex 142 64.4019 -1
    endloop
  endfacet
  facet normal -0.866027 0.499997 0
    outer loop
      vertex 145 64.4019 -1
      vertex 146.5 67 2
      vertex 146.5 67 -1
    endloop
  endfacet
  facet normal -0.866027 0.499997 0
    outer loop
      vertex 146.5 67 2
      vertex 145 64.4019 -1
      vertex 145 64.4019 2
    endloop
  endfacet
  facet normal 0 0 1
    outer loop
      vertex 145 78.5981 -1
      vertex 145 73.4019 -1
      vertex 146.5 76 -1
    endloop
  endfacet
  facet normal -0 0 1
    outer loop
      vertex 142 78.5981 -1
      vertex 145 73.4019 -1
      vertex 145 78.5981 -1
    endloop
  endfacet
  facet normal 0 0 1
    outer loop
      vertex 142 78.5981 -1
      vertex 142 73.4019 -1
      vertex 145 73.4019 -1
    endloop
  endfacet
  facet normal 0 -0 1
    outer loop
      vertex 142 73.4019 -1
      vertex 142 78.5981 -1
      vertex 140.5 76 -1
    endloop
  endfacet
  facet normal -0.866027 -0.499997 0
    outer loop
      vertex 146.5 76 -1
      vertex 145 78.5981 2
      vertex 145 78.5981 -1
    endloop
  endfacet
  facet normal -0.866027 -0.499997 0
    outer loop
      vertex 145 78.5981 2
      vertex 146.5 76 -1
      vertex 146.5 76 2
    endloop
  endfacet
  facet normal 0 1 -0
    outer loop
      vertex 145 73.4019 -1
      vertex 142 73.4019 2
      vertex 145 73.4019 2
    endloop
  endfacet
  facet normal 0 1 0
    outer loop
      vertex 142 73.4019 2
      vertex 145 73.4019 -1
      vertex 142 73.4019 -1
    endloop
  endfacet
  facet normal 0.866027 -0.499997 0
    outer loop
      vertex 140.5 76 2
      vertex 142 78.5981 -1
      vertex 142 78.5981 2
    endloop
  endfacet
  facet normal 0.866027 -0.499997 0
    outer loop
      vertex 142 78.5981 -1
      vertex 140.5 76 2
      vertex 140.5 76 -1
    endloop
  endfacet
  facet normal 0 -1 0
    outer loop
      vertex 142 78.5981 -1
      vertex 145 78.5981 2
      vertex 142 78.5981 2
    endloop
  endfacet
  facet normal 0 -1 -0
    outer loop
      vertex 145 78.5981 2
      vertex 142 78.5981 -1
      vertex 145 78.5981 -1
    endloop
  endfacet
  facet normal 0.866027 0.499997 0
    outer loop
      vertex 142 73.4019 2
      vertex 140.5 76 -1
      vertex 140.5 76 2
    endloop
  endfacet
  facet normal 0.866027 0.499997 0
    outer loop
      vertex 140.5 76 -1
      vertex 142 73.4019 2
      vertex 142 73.4019 -1
    endloop
  endfacet
  facet normal -0.866027 0.499997 0
    outer loop
      vertex 145 73.4019 -1
      vertex 146.5 76 2
      vertex 146.5 76 -1
    endloop
  endfacet
  facet normal -0.866027 0.499997 0
    outer loop
      vertex 146.5 76 2
      vertex 145 73.4019 -1
      vertex 145 73.4019 2
    endloop
  endfacet
  facet normal 0 0 1
    outer loop
      vertex 145 87.5981 -1
      vertex 145 82.4019 -1
      vertex 146.5 85 -1
    endloop
  endfacet
  facet normal -0 0 1
    outer loop
      vertex 142 87.5981 -1
      vertex 145 82.4019 -1
      vertex 145 87.5981 -1
    endloop
  endfacet
  facet normal 0 0 1
    outer loop
      vertex 142 87.5981 -1
      vertex 142 82.4019 -1
      vertex 145 82.4019 -1
    endloop
  endfacet
  facet normal 0 -0 1
    outer loop
      vertex 142 82.4019 -1
      vertex 142 87.5981 -1
      vertex 140.5 85 -1
    endloop
  endfacet
  facet normal -0.866027 -0.499997 0
    outer loop
      vertex 146.5 85 -1
      vertex 145 87.5981 2
      vertex 145 87.5981 -1
    endloop
  endfacet
  facet normal -0.866027 -0.499997 0
    outer loop
      vertex 145 87.5981 2
      vertex 146.5 85 -1
      vertex 146.5 85 2
    endloop
  endfacet
  facet normal 0 1 -0
    outer loop
      vertex 145 82.4019 -1
      vertex 142 82.4019 2
      vertex 145 82.4019 2
    endloop
  endfacet
  facet normal 0 1 0
    outer loop
      vertex 142 82.4019 2
      vertex 145 82.4019 -1
      vertex 142 82.4019 -1
    endloop
  endfacet
  facet normal 0.866027 -0.499997 0
    outer loop
      vertex 140.5 85 2
      vertex 142 87.5981 -1
      vertex 142 87.5981 2
    endloop
  endfacet
  facet normal 0.866027 -0.499997 0
    outer loop
      vertex 142 87.5981 -1
      vertex 140.5 85 2
      vertex 140.5 85 -1
    endloop
  endfacet
  facet normal 0 -1 0
    outer loop
      vertex 142 87.5981 -1
      vertex 145 87.5981 2
      vertex 142 87.5981 2
    endloop
  endfacet
  facet normal 0 -1 -0
    outer loop
      vertex 145 87.5981 2
      vertex 142 87.5981 -1
      vertex 145 87.5981 -1
    endloop
  endfacet
  facet normal 0.866027 0.499997 0
    outer loop
      vertex 142 82.4019 2
      vertex 140.5 85 -1
      vertex 140.5 85 2
    endloop
  endfacet
  facet normal 0.866027 0.499997 0
    outer loop
      vertex 140.5 85 -1
      vertex 142 82.4019 2
      vertex 142 82.4019 -1
    endloop
  endfacet
  facet normal -0.866027 0.499997 0
    outer loop
      vertex 145 82.4019 -1
      vertex 146.5 85 2
      vertex 146.5 85 -1
    endloop
  endfacet
  facet normal -0.866027 0.499997 0
    outer loop
      vertex 146.5 85 2
      vertex 145 82.4019 -1
      vertex 145 82.4019 2
    endloop
  endfacet
  facet normal 0 0 1
    outer loop
      vertex 154 20.0981 -1
      vertex 154 14.9019 -1
      vertex 155.5 17.5 -1
    endloop
  endfacet
  facet normal -0 0 1
    outer loop
      vertex 151 20.0981 -1
      vertex 154 14.9019 -1
      vertex 154 20.0981 -1
    endloop
  endfacet
  facet normal 0 0 1
    outer loop
      vertex 151 20.0981 -1
      vertex 151 14.9019 -1
      vertex 154 14.9019 -1
    endloop
  endfacet
  facet normal 0 -0 1
    outer loop
      vertex 151 14.9019 -1
      vertex 151 20.0981 -1
      vertex 149.5 17.5 -1
    endloop
  endfacet
  facet normal -0.866027 -0.499997 0
    outer loop
      vertex 155.5 17.5 -1
      vertex 154 20.0981 2
      vertex 154 20.0981 -1
    endloop
  endfacet
  facet normal -0.866027 -0.499997 0
    outer loop
      vertex 154 20.0981 2
      vertex 155.5 17.5 -1
      vertex 155.5 17.5 2
    endloop
  endfacet
  facet normal 0 1 -0
    outer loop
      vertex 154 14.9019 -1
      vertex 151 14.9019 2
      vertex 154 14.9019 2
    endloop
  endfacet
  facet normal 0 1 0
    outer loop
      vertex 151 14.9019 2
      vertex 154 14.9019 -1
      vertex 151 14.9019 -1
    endloop
  endfacet
  facet normal 0.866027 -0.499997 0
    outer loop
      vertex 149.5 17.5 2
      vertex 151 20.0981 -1
      vertex 151 20.0981 2
    endloop
  endfacet
  facet normal 0.866027 -0.499997 0
    outer loop
      vertex 151 20.0981 -1
      vertex 149.5 17.5 2
      vertex 149.5 17.5 -1
    endloop
  endfacet
  facet normal 0 -1 0
    outer loop
      vertex 151 20.0981 -1
      vertex 154 20.0981 2
      vertex 151 20.0981 2
    endloop
  endfacet
  facet normal 0 -1 -0
    outer loop
      vertex 154 20.0981 2
      vertex 151 20.0981 -1
      vertex 154 20.0981 -1
    endloop
  endfacet
  facet normal 0.866027 0.499997 0
    outer loop
      vertex 151 14.9019 2
      vertex 149.5 17.5 -1
      vertex 149.5 17.5 2
    endloop
  endfacet
  facet normal 0.866027 0.499997 0
    outer loop
      vertex 149.5 17.5 -1
      vertex 151 14.9019 2
      vertex 151 14.9019 -1
    endloop
  endfacet
  facet normal -0.866027 0.499997 0
    outer loop
      vertex 154 14.9019 -1
      vertex 155.5 17.5 2
      vertex 155.5 17.5 -1
    endloop
  endfacet
  facet normal -0.866027 0.499997 0
    outer loop
      vertex 155.5 17.5 2
      vertex 154 14.9019 -1
      vertex 154 14.9019 2
    endloop
  endfacet
  facet normal 0 0 1
    outer loop
      vertex 154 29.0981 -1
      vertex 154 23.9019 -1
      vertex 155.5 26.5 -1
    endloop
  endfacet
  facet normal -0 0 1
    outer loop
      vertex 151 29.0981 -1
      vertex 154 23.9019 -1
      vertex 154 29.0981 -1
    endloop
  endfacet
  facet normal 0 0 1
    outer loop
      vertex 151 29.0981 -1
      vertex 151 23.9019 -1
      vertex 154 23.9019 -1
    endloop
  endfacet
  facet normal 0 -0 1
    outer loop
      vertex 151 23.9019 -1
      vertex 151 29.0981 -1
      vertex 149.5 26.5 -1
    endloop
  endfacet
  facet normal -0.866027 -0.499997 0
    outer loop
      vertex 155.5 26.5 -1
      vertex 154 29.0981 2
      vertex 154 29.0981 -1
    endloop
  endfacet
  facet normal -0.866027 -0.499997 0
    outer loop
      vertex 154 29.0981 2
      vertex 155.5 26.5 -1
      vertex 155.5 26.5 2
    endloop
  endfacet
  facet normal 0 1 -0
    outer loop
      vertex 154 23.9019 -1
      vertex 151 23.9019 2
      vertex 154 23.9019 2
    endloop
  endfacet
  facet normal 0 1 0
    outer loop
      vertex 151 23.9019 2
      vertex 154 23.9019 -1
      vertex 151 23.9019 -1
    endloop
  endfacet
  facet normal 0.866027 -0.499997 0
    outer loop
      vertex 149.5 26.5 2
      vertex 151 29.0981 -1
      vertex 151 29.0981 2
    endloop
  endfacet
  facet normal 0.866027 -0.499997 0
    outer loop
      vertex 151 29.0981 -1
      vertex 149.5 26.5 2
      vertex 149.5 26.5 -1
    endloop
  endfacet
  facet normal 0 -1 0
    outer loop
      vertex 151 29.0981 -1
      vertex 154 29.0981 2
      vertex 151 29.0981 2
    endloop
  endfacet
  facet normal 0 -1 -0
    outer loop
      vertex 154 29.0981 2
      vertex 151 29.0981 -1
      vertex 154 29.0981 -1
    endloop
  endfacet
  facet normal 0.866027 0.499997 0
    outer loop
      vertex 151 23.9019 2
      vertex 149.5 26.5 -1
      vertex 149.5 26.5 2
    endloop
  endfacet
  facet normal 0.866027 0.499997 0
    outer loop
      vertex 149.5 26.5 -1
      vertex 151 23.9019 2
      vertex 151 23.9019 -1
    endloop
  endfacet
  facet normal -0.866027 0.499997 0
    outer loop
      vertex 154 23.9019 -1
      vertex 155.5 26.5 2
      vertex 155.5 26.5 -1
    endloop
  endfacet
  facet normal -0.866027 0.499997 0
    outer loop
      vertex 155.5 26.5 2
      vertex 154 23.9019 -1
      vertex 154 23.9019 2
    endloop
  endfacet
  facet normal 0 0 1
    outer loop
      vertex 154 38.0981 -1
      vertex 154 32.9019 -1
      vertex 155.5 35.5 -1
    endloop
  endfacet
  facet normal -0 0 1
    outer loop
      vertex 151 38.0981 -1
      vertex 154 32.9019 -1
      vertex 154 38.0981 -1
    endloop
  endfacet
  facet normal 0 0 1
    outer loop
      vertex 151 38.0981 -1
      vertex 151 32.9019 -1
      vertex 154 32.9019 -1
    endloop
  endfacet
  facet normal 0 -0 1
    outer loop
      vertex 151 32.9019 -1
      vertex 151 38.0981 -1
      vertex 149.5 35.5 -1
    endloop
  endfacet
  facet normal -0.866027 -0.499997 0
    outer loop
      vertex 155.5 35.5 -1
      vertex 154 38.0981 2
      vertex 154 38.0981 -1
    endloop
  endfacet
  facet normal -0.866027 -0.499997 0
    outer loop
      vertex 154 38.0981 2
      vertex 155.5 35.5 -1
      vertex 155.5 35.5 2
    endloop
  endfacet
  facet normal 0 1 -0
    outer loop
      vertex 154 32.9019 -1
      vertex 151 32.9019 2
      vertex 154 32.9019 2
    endloop
  endfacet
  facet normal 0 1 0
    outer loop
      vertex 151 32.9019 2
      vertex 154 32.9019 -1
      vertex 151 32.9019 -1
    endloop
  endfacet
  facet normal 0.866027 -0.499997 0
    outer loop
      vertex 149.5 35.5 2
      vertex 151 38.0981 -1
      vertex 151 38.0981 2
    endloop
  endfacet
  facet normal 0.866027 -0.499997 0
    outer loop
      vertex 151 38.0981 -1
      vertex 149.5 35.5 2
      vertex 149.5 35.5 -1
    endloop
  endfacet
  facet normal 0 -1 0
    outer loop
      vertex 151 38.0981 -1
      vertex 154 38.0981 2
      vertex 151 38.0981 2
    endloop
  endfacet
  facet normal 0 -1 -0
    outer loop
      vertex 154 38.0981 2
      vertex 151 38.0981 -1
      vertex 154 38.0981 -1
    endloop
  endfacet
  facet normal 0.866027 0.499997 0
    outer loop
      vertex 151 32.9019 2
      vertex 149.5 35.5 -1
      vertex 149.5 35.5 2
    endloop
  endfacet
  facet normal 0.866027 0.499997 0
    outer loop
      vertex 149.5 35.5 -1
      vertex 151 32.9019 2
      vertex 151 32.9019 -1
    endloop
  endfacet
  facet normal -0.866027 0.499997 0
    outer loop
      vertex 154 32.9019 -1
      vertex 155.5 35.5 2
      vertex 155.5 35.5 -1
    endloop
  endfacet
  facet normal -0.866027 0.499997 0
    outer loop
      vertex 155.5 35.5 2
      vertex 154 32.9019 -1
      vertex 154 32.9019 2
    endloop
  endfacet
  facet normal 0 0 1
    outer loop
      vertex 154 47.0981 -1
      vertex 154 41.9019 -1
      vertex 155.5 44.5 -1
    endloop
  endfacet
  facet normal -0 0 1
    outer loop
      vertex 151 47.0981 -1
      vertex 154 41.9019 -1
      vertex 154 47.0981 -1
    endloop
  endfacet
  facet normal 0 0 1
    outer loop
      vertex 151 47.0981 -1
      vertex 151 41.9019 -1
      vertex 154 41.9019 -1
    endloop
  endfacet
  facet normal 0 -0 1
    outer loop
      vertex 151 41.9019 -1
      vertex 151 47.0981 -1
      vertex 149.5 44.5 -1
    endloop
  endfacet
  facet normal -0.866027 -0.499997 0
    outer loop
      vertex 155.5 44.5 -1
      vertex 154 47.0981 2
      vertex 154 47.0981 -1
    endloop
  endfacet
  facet normal -0.866027 -0.499997 0
    outer loop
      vertex 154 47.0981 2
      vertex 155.5 44.5 -1
      vertex 155.5 44.5 2
    endloop
  endfacet
  facet normal 0 1 -0
    outer loop
      vertex 154 41.9019 -1
      vertex 151 41.9019 2
      vertex 154 41.9019 2
    endloop
  endfacet
  facet normal 0 1 0
    outer loop
      vertex 151 41.9019 2
      vertex 154 41.9019 -1
      vertex 151 41.9019 -1
    endloop
  endfacet
  facet normal 0.866027 -0.499997 0
    outer loop
      vertex 149.5 44.5 2
      vertex 151 47.0981 -1
      vertex 151 47.0981 2
    endloop
  endfacet
  facet normal 0.866027 -0.499997 0
    outer loop
      vertex 151 47.0981 -1
      vertex 149.5 44.5 2
      vertex 149.5 44.5 -1
    endloop
  endfacet
  facet normal 0 -1 0
    outer loop
      vertex 151 47.0981 -1
      vertex 154 47.0981 2
      vertex 151 47.0981 2
    endloop
  endfacet
  facet normal 0 -1 -0
    outer loop
      vertex 154 47.0981 2
      vertex 151 47.0981 -1
      vertex 154 47.0981 -1
    endloop
  endfacet
  facet normal 0.866027 0.499997 0
    outer loop
      vertex 151 41.9019 2
      vertex 149.5 44.5 -1
      vertex 149.5 44.5 2
    endloop
  endfacet
  facet normal 0.866027 0.499997 0
    outer loop
      vertex 149.5 44.5 -1
      vertex 151 41.9019 2
      vertex 151 41.9019 -1
    endloop
  endfacet
  facet normal -0.866027 0.499997 0
    outer loop
      vertex 154 41.9019 -1
      vertex 155.5 44.5 2
      vertex 155.5 44.5 -1
    endloop
  endfacet
  facet normal -0.866027 0.499997 0
    outer loop
      vertex 155.5 44.5 2
      vertex 154 41.9019 -1
      vertex 154 41.9019 2
    endloop
  endfacet
  facet normal 0 0 1
    outer loop
      vertex 154 56.0981 -1
      vertex 154 50.9019 -1
      vertex 155.5 53.5 -1
    endloop
  endfacet
  facet normal -0 0 1
    outer loop
      vertex 151 56.0981 -1
      vertex 154 50.9019 -1
      vertex 154 56.0981 -1
    endloop
  endfacet
  facet normal 0 0 1
    outer loop
      vertex 151 56.0981 -1
      vertex 151 50.9019 -1
      vertex 154 50.9019 -1
    endloop
  endfacet
  facet normal 0 -0 1
    outer loop
      vertex 151 50.9019 -1
      vertex 151 56.0981 -1
      vertex 149.5 53.5 -1
    endloop
  endfacet
  facet normal -0.866027 -0.499997 0
    outer loop
      vertex 155.5 53.5 -1
      vertex 154 56.0981 2
      vertex 154 56.0981 -1
    endloop
  endfacet
  facet normal -0.866027 -0.499997 0
    outer loop
      vertex 154 56.0981 2
      vertex 155.5 53.5 -1
      vertex 155.5 53.5 2
    endloop
  endfacet
  facet normal 0 1 -0
    outer loop
      vertex 154 50.9019 -1
      vertex 151 50.9019 2
      vertex 154 50.9019 2
    endloop
  endfacet
  facet normal 0 1 0
    outer loop
      vertex 151 50.9019 2
      vertex 154 50.9019 -1
      vertex 151 50.9019 -1
    endloop
  endfacet
  facet normal 0.866027 -0.499997 0
    outer loop
      vertex 149.5 53.5 2
      vertex 151 56.0981 -1
      vertex 151 56.0981 2
    endloop
  endfacet
  facet normal 0.866027 -0.499997 0
    outer loop
      vertex 151 56.0981 -1
      vertex 149.5 53.5 2
      vertex 149.5 53.5 -1
    endloop
  endfacet
  facet normal 0 -1 0
    outer loop
      vertex 151 56.0981 -1
      vertex 154 56.0981 2
      vertex 151 56.0981 2
    endloop
  endfacet
  facet normal 0 -1 -0
    outer loop
      vertex 154 56.0981 2
      vertex 151 56.0981 -1
      vertex 154 56.0981 -1
    endloop
  endfacet
  facet normal 0.866027 0.499997 0
    outer loop
      vertex 151 50.9019 2
      vertex 149.5 53.5 -1
      vertex 149.5 53.5 2
    endloop
  endfacet
  facet normal 0.866027 0.499997 0
    outer loop
      vertex 149.5 53.5 -1
      vertex 151 50.9019 2
      vertex 151 50.9019 -1
    endloop
  endfacet
  facet normal -0.866027 0.499997 0
    outer loop
      vertex 154 50.9019 -1
      vertex 155.5 53.5 2
      vertex 155.5 53.5 -1
    endloop
  endfacet
  facet normal -0.866027 0.499997 0
    outer loop
      vertex 155.5 53.5 2
      vertex 154 50.9019 -1
      vertex 154 50.9019 2
    endloop
  endfacet
  facet normal 0 0 1
    outer loop
      vertex 154 65.0981 -1
      vertex 154 59.9019 -1
      vertex 155.5 62.5 -1
    endloop
  endfacet
  facet normal -0 0 1
    outer loop
      vertex 151 65.0981 -1
      vertex 154 59.9019 -1
      vertex 154 65.0981 -1
    endloop
  endfacet
  facet normal 0 0 1
    outer loop
      vertex 151 65.0981 -1
      vertex 151 59.9019 -1
      vertex 154 59.9019 -1
    endloop
  endfacet
  facet normal 0 -0 1
    outer loop
      vertex 151 59.9019 -1
      vertex 151 65.0981 -1
      vertex 149.5 62.5 -1
    endloop
  endfacet
  facet normal -0.866027 -0.499997 0
    outer loop
      vertex 155.5 62.5 -1
      vertex 154 65.0981 2
      vertex 154 65.0981 -1
    endloop
  endfacet
  facet normal -0.866027 -0.499997 0
    outer loop
      vertex 154 65.0981 2
      vertex 155.5 62.5 -1
      vertex 155.5 62.5 2
    endloop
  endfacet
  facet normal 0 1 -0
    outer loop
      vertex 154 59.9019 -1
      vertex 151 59.9019 2
      vertex 154 59.9019 2
    endloop
  endfacet
  facet normal 0 1 0
    outer loop
      vertex 151 59.9019 2
      vertex 154 59.9019 -1
      vertex 151 59.9019 -1
    endloop
  endfacet
  facet normal 0.866027 -0.499997 0
    outer loop
      vertex 149.5 62.5 2
      vertex 151 65.0981 -1
      vertex 151 65.0981 2
    endloop
  endfacet
  facet normal 0.866027 -0.499997 0
    outer loop
      vertex 151 65.0981 -1
      vertex 149.5 62.5 2
      vertex 149.5 62.5 -1
    endloop
  endfacet
  facet normal 0 -1 0
    outer loop
      vertex 151 65.0981 -1
      vertex 154 65.0981 2
      vertex 151 65.0981 2
    endloop
  endfacet
  facet normal 0 -1 -0
    outer loop
      vertex 154 65.0981 2
      vertex 151 65.0981 -1
      vertex 154 65.0981 -1
    endloop
  endfacet
  facet normal 0.866027 0.499997 0
    outer loop
      vertex 151 59.9019 2
      vertex 149.5 62.5 -1
      vertex 149.5 62.5 2
    endloop
  endfacet
  facet normal 0.866027 0.499997 0
    outer loop
      vertex 149.5 62.5 -1
      vertex 151 59.9019 2
      vertex 151 59.9019 -1
    endloop
  endfacet
  facet normal -0.866027 0.499997 0
    outer loop
      vertex 154 59.9019 -1
      vertex 155.5 62.5 2
      vertex 155.5 62.5 -1
    endloop
  endfacet
  facet normal -0.866027 0.499997 0
    outer loop
      vertex 155.5 62.5 2
      vertex 154 59.9019 -1
      vertex 154 59.9019 2
    endloop
  endfacet
  facet normal 0 0 1
    outer loop
      vertex 154 74.0981 -1
      vertex 154 68.9019 -1
      vertex 155.5 71.5 -1
    endloop
  endfacet
  facet normal -0 0 1
    outer loop
      vertex 151 74.0981 -1
      vertex 154 68.9019 -1
      vertex 154 74.0981 -1
    endloop
  endfacet
  facet normal 0 0 1
    outer loop
      vertex 151 74.0981 -1
      vertex 151 68.9019 -1
      vertex 154 68.9019 -1
    endloop
  endfacet
  facet normal 0 -0 1
    outer loop
      vertex 151 68.9019 -1
      vertex 151 74.0981 -1
      vertex 149.5 71.5 -1
    endloop
  endfacet
  facet normal -0.866027 -0.499997 0
    outer loop
      vertex 155.5 71.5 -1
      vertex 154 74.0981 2
      vertex 154 74.0981 -1
    endloop
  endfacet
  facet normal -0.866027 -0.499997 0
    outer loop
      vertex 154 74.0981 2
      vertex 155.5 71.5 -1
      vertex 155.5 71.5 2
    endloop
  endfacet
  facet normal 0 1 -0
    outer loop
      vertex 154 68.9019 -1
      vertex 151 68.9019 2
      vertex 154 68.9019 2
    endloop
  endfacet
  facet normal 0 1 0
    outer loop
      vertex 151 68.9019 2
      vertex 154 68.9019 -1
      vertex 151 68.9019 -1
    endloop
  endfacet
  facet normal 0.866027 -0.499997 0
    outer loop
      vertex 149.5 71.5 2
      vertex 151 74.0981 -1
      vertex 151 74.0981 2
    endloop
  endfacet
  facet normal 0.866027 -0.499997 0
    outer loop
      vertex 151 74.0981 -1
      vertex 149.5 71.5 2
      vertex 149.5 71.5 -1
    endloop
  endfacet
  facet normal 0 -1 0
    outer loop
      vertex 151 74.0981 -1
      vertex 154 74.0981 2
      vertex 151 74.0981 2
    endloop
  endfacet
  facet normal 0 -1 -0
    outer loop
      vertex 154 74.0981 2
      vertex 151 74.0981 -1
      vertex 154 74.0981 -1
    endloop
  endfacet
  facet normal 0.866027 0.499997 0
    outer loop
      vertex 151 68.9019 2
      vertex 149.5 71.5 -1
      vertex 149.5 71.5 2
    endloop
  endfacet
  facet normal 0.866027 0.499997 0
    outer loop
      vertex 149.5 71.5 -1
      vertex 151 68.9019 2
      vertex 151 68.9019 -1
    endloop
  endfacet
  facet normal -0.866027 0.499997 0
    outer loop
      vertex 154 68.9019 -1
      vertex 155.5 71.5 2
      vertex 155.5 71.5 -1
    endloop
  endfacet
  facet normal -0.866027 0.499997 0
    outer loop
      vertex 155.5 71.5 2
      vertex 154 68.9019 -1
      vertex 154 68.9019 2
    endloop
  endfacet
  facet normal 0 0 1
    outer loop
      vertex 154 83.0981 -1
      vertex 154 77.9019 -1
      vertex 155.5 80.5 -1
    endloop
  endfacet
  facet normal -0 0 1
    outer loop
      vertex 151 83.0981 -1
      vertex 154 77.9019 -1
      vertex 154 83.0981 -1
    endloop
  endfacet
  facet normal 0 0 1
    outer loop
      vertex 151 83.0981 -1
      vertex 151 77.9019 -1
      vertex 154 77.9019 -1
    endloop
  endfacet
  facet normal 0 -0 1
    outer loop
      vertex 151 77.9019 -1
      vertex 151 83.0981 -1
      vertex 149.5 80.5 -1
    endloop
  endfacet
  facet normal -0.866027 -0.499997 0
    outer loop
      vertex 155.5 80.5 -1
      vertex 154 83.0981 2
      vertex 154 83.0981 -1
    endloop
  endfacet
  facet normal -0.866027 -0.499997 0
    outer loop
      vertex 154 83.0981 2
      vertex 155.5 80.5 -1
      vertex 155.5 80.5 2
    endloop
  endfacet
  facet normal 0 1 -0
    outer loop
      vertex 154 77.9019 -1
      vertex 151 77.9019 2
      vertex 154 77.9019 2
    endloop
  endfacet
  facet normal 0 1 0
    outer loop
      vertex 151 77.9019 2
      vertex 154 77.9019 -1
      vertex 151 77.9019 -1
    endloop
  endfacet
  facet normal 0.866027 -0.499997 0
    outer loop
      vertex 149.5 80.5 2
      vertex 151 83.0981 -1
      vertex 151 83.0981 2
    endloop
  endfacet
  facet normal 0.866027 -0.499997 0
    outer loop
      vertex 151 83.0981 -1
      vertex 149.5 80.5 2
      vertex 149.5 80.5 -1
    endloop
  endfacet
  facet normal 0 -1 0
    outer loop
      vertex 151 83.0981 -1
      vertex 154 83.0981 2
      vertex 151 83.0981 2
    endloop
  endfacet
  facet normal 0 -1 -0
    outer loop
      vertex 154 83.0981 2
      vertex 151 83.0981 -1
      vertex 154 83.0981 -1
    endloop
  endfacet
  facet normal 0.866027 0.499997 0
    outer loop
      vertex 151 77.9019 2
      vertex 149.5 80.5 -1
      vertex 149.5 80.5 2
    endloop
  endfacet
  facet normal 0.866027 0.499997 0
    outer loop
      vertex 149.5 80.5 -1
      vertex 151 77.9019 2
      vertex 151 77.9019 -1
    endloop
  endfacet
  facet normal -0.866027 0.499997 0
    outer loop
      vertex 154 77.9019 -1
      vertex 155.5 80.5 2
      vertex 155.5 80.5 -1
    endloop
  endfacet
  facet normal -0.866027 0.499997 0
    outer loop
      vertex 155.5 80.5 2
      vertex 154 77.9019 -1
      vertex 154 77.9019 2
    endloop
  endfacet
  facet normal -0.453992 -0.891006 0
    outer loop
      vertex 10.9944 12.0217 -2
      vertex 11.4405 11.7944 2
      vertex 10.9944 12.0217 2
    endloop
  endfacet
  facet normal -0.453992 -0.891006 -0
    outer loop
      vertex 11.4405 11.7944 2
      vertex 10.9944 12.0217 -2
      vertex 11.4405 11.7944 -2
    endloop
  endfacet
  facet normal -0.98769 0.156424 0
    outer loop
      vertex 12.0217 10.0056 -2
      vertex 12.1 10.5 2
      vertex 12.1 10.5 -2
    endloop
  endfacet
  facet normal -0.98769 0.156424 0
    outer loop
      vertex 12.1 10.5 2
      vertex 12.0217 10.0056 -2
      vertex 12.0217 10.0056 2
    endloop
  endfacet
  facet normal 0.156444 0.987687 -0
    outer loop
      vertex 10.5 8.9 -2
      vertex 10.0056 8.97831 2
      vertex 10.5 8.9 2
    endloop
  endfacet
  facet normal 0.156444 0.987687 0
    outer loop
      vertex 10.0056 8.97831 2
      vertex 10.5 8.9 -2
      vertex 10.0056 8.97831 -2
    endloop
  endfacet
  facet normal -0.707107 -0.707107 0
    outer loop
      vertex 11.7944 11.4405 -2
      vertex 11.4405 11.7944 2
      vertex 11.4405 11.7944 -2
    endloop
  endfacet
  facet normal -0.707107 -0.707107 0
    outer loop
      vertex 11.4405 11.7944 2
      vertex 11.7944 11.4405 -2
      vertex 11.7944 11.4405 2
    endloop
  endfacet
  facet normal -0.891006 -0.453992 0
    outer loop
      vertex 12.0217 10.9944 -2
      vertex 11.7944 11.4405 2
      vertex 11.7944 11.4405 -2
    endloop
  endfacet
  facet normal -0.891006 -0.453992 0
    outer loop
      vertex 11.7944 11.4405 2
      vertex 12.0217 10.9944 -2
      vertex 12.0217 10.9944 2
    endloop
  endfacet
  facet normal 0.454024 -0.890989 0
    outer loop
      vertex 9.55954 11.7944 -2
      vertex 10.0056 12.0217 2
      vertex 9.55954 11.7944 2
    endloop
  endfacet
  facet normal 0.454024 -0.890989 0
    outer loop
      vertex 10.0056 12.0217 2
      vertex 9.55954 11.7944 -2
      vertex 10.0056 12.0217 -2
    endloop
  endfacet
  facet normal 0.891038 -0.453928 0
    outer loop
      vertex 8.97831 10.9944 2
      vertex 9.20557 11.4405 -2
      vertex 9.20557 11.4405 2
    endloop
  endfacet
  facet normal 0.891038 -0.453928 0
    outer loop
      vertex 9.20557 11.4405 -2
      vertex 8.97831 10.9944 2
      vertex 8.97831 10.9944 -2
    endloop
  endfacet
  facet normal 0.707037 -0.707177 0
    outer loop
      vertex 9.20557 11.4405 2
      vertex 9.55954 11.7944 -2
      vertex 9.55954 11.7944 2
    endloop
  endfacet
  facet normal 0.707037 -0.707177 0
    outer loop
      vertex 9.55954 11.7944 -2
      vertex 9.20557 11.4405 2
      vertex 9.20557 11.4405 -2
    endloop
  endfacet
  facet normal -0.707177 0.707037 0
    outer loop
      vertex 11.4405 9.20557 -2
      vertex 11.7944 9.55954 2
      vertex 11.7944 9.55954 -2
    endloop
  endfacet
  facet normal -0.707177 0.707037 0
    outer loop
      vertex 11.7944 9.55954 2
      vertex 11.4405 9.20557 -2
      vertex 11.4405 9.20557 2
    endloop
  endfacet
  facet normal -0.453928 0.891038 0
    outer loop
      vertex 11.4405 9.20557 -2
      vertex 10.9944 8.97831 2
      vertex 11.4405 9.20557 2
    endloop
  endfacet
  facet normal -0.453928 0.891038 0
    outer loop
      vertex 10.9944 8.97831 2
      vertex 11.4405 9.20557 -2
      vertex 10.9944 8.97831 -2
    endloop
  endfacet
  facet normal -0.890989 0.454024 0
    outer loop
      vertex 11.7944 9.55954 -2
      vertex 12.0217 10.0056 2
      vertex 12.0217 10.0056 -2
    endloop
  endfacet
  facet normal -0.890989 0.454024 0
    outer loop
      vertex 12.0217 10.0056 2
      vertex 11.7944 9.55954 -2
      vertex 11.7944 9.55954 2
    endloop
  endfacet
  facet normal 0.891022 0.45396 0
    outer loop
      vertex 9.20557 9.55954 2
      vertex 8.97831 10.0056 -2
      vertex 8.97831 10.0056 2
    endloop
  endfacet
  facet normal 0.891022 0.45396 0
    outer loop
      vertex 8.97831 10.0056 -2
      vertex 9.20557 9.55954 2
      vertex 9.20557 9.55954 -2
    endloop
  endfacet
  facet normal 0.45396 0.891022 -0
    outer loop
      vertex 10.0056 8.97831 -2
      vertex 9.55954 9.20557 2
      vertex 10.0056 8.97831 2
    endloop
  endfacet
  facet normal 0.45396 0.891022 0
    outer loop
      vertex 9.55954 9.20557 2
      vertex 10.0056 8.97831 -2
      vertex 9.55954 9.20557 -2
    endloop
  endfacet
  facet normal 0.707107 0.707107 0
    outer loop
      vertex 9.55954 9.20557 2
      vertex 9.20557 9.55954 -2
      vertex 9.20557 9.55954 2
    endloop
  endfacet
  facet normal 0.707107 0.707107 0
    outer loop
      vertex 9.20557 9.55954 -2
      vertex 9.55954 9.20557 2
      vertex 9.55954 9.20557 -2
    endloop
  endfacet
  facet normal 0.156424 -0.98769 0
    outer loop
      vertex 10.0056 12.0217 -2
      vertex 10.5 12.1 2
      vertex 10.0056 12.0217 2
    endloop
  endfacet
  facet normal 0.156424 -0.98769 0
    outer loop
      vertex 10.5 12.1 2
      vertex 10.0056 12.0217 -2
      vertex 10.5 12.1 -2
    endloop
  endfacet
  facet normal -0.156424 -0.98769 0
    outer loop
      vertex 10.5 12.1 -2
      vertex 10.9944 12.0217 2
      vertex 10.5 12.1 2
    endloop
  endfacet
  facet normal -0.156424 -0.98769 -0
    outer loop
      vertex 10.9944 12.0217 2
      vertex 10.5 12.1 -2
      vertex 10.9944 12.0217 -2
    endloop
  endfacet
  facet normal 0.987687 0.156444 0
    outer loop
      vertex 8.97831 10.0056 2
      vertex 8.9 10.5 -2
      vertex 8.9 10.5 2
    endloop
  endfacet
  facet normal 0.987687 0.156444 0
    outer loop
      vertex 8.9 10.5 -2
      vertex 8.97831 10.0056 2
      vertex 8.97831 10.0056 -2
    endloop
  endfacet
  facet normal -0.98769 -0.156424 0
    outer loop
      vertex 12.1 10.5 -2
      vertex 12.0217 10.9944 2
      vertex 12.0217 10.9944 -2
    endloop
  endfacet
  facet normal -0.98769 -0.156424 0
    outer loop
      vertex 12.0217 10.9944 2
      vertex 12.1 10.5 -2
      vertex 12.1 10.5 2
    endloop
  endfacet
  facet normal -0.156444 0.987687 0
    outer loop
      vertex 10.9944 8.97831 -2
      vertex 10.5 8.9 2
      vertex 10.9944 8.97831 2
    endloop
  endfacet
  facet normal -0.156444 0.987687 0
    outer loop
      vertex 10.5 8.9 2
      vertex 10.9944 8.97831 -2
      vertex 10.5 8.9 -2
    endloop
  endfacet
  facet normal 0.987687 -0.156444 0
    outer loop
      vertex 8.9 10.5 2
      vertex 8.97831 10.9944 -2
      vertex 8.97831 10.9944 2
    endloop
  endfacet
  facet normal 0.987687 -0.156444 0
    outer loop
      vertex 8.97831 10.9944 -2
      vertex 8.9 10.5 2
      vertex 8.9 10.5 -2
    endloop
  endfacet
  facet normal -0.454072 -0.890965 0
    outer loop
      vertex 237.994 12.0217 -2
      vertex 238.44 11.7944 2
      vertex 237.994 12.0217 2
    endloop
  endfacet
  facet normal -0.454072 -0.890965 -0
    outer loop
      vertex 238.44 11.7944 2
      vertex 237.994 12.0217 -2
      vertex 238.44 11.7944 -2
    endloop
  endfacet
  facet normal 0.987782 -0.155839 0
    outer loop
      vertex 235.9 10.5 2
      vertex 235.978 10.9944 -2
      vertex 235.978 10.9944 2
    endloop
  endfacet
  facet normal 0.987782 -0.155839 0
    outer loop
      vertex 235.978 10.9944 -2
      vertex 235.9 10.5 2
      vertex 235.9 10.5 -2
    endloop
  endfacet
  facet normal -0.987782 0.155839 0
    outer loop
      vertex 239.022 10.0056 -2
      vertex 239.1 10.5 2
      vertex 239.1 10.5 -2
    endloop
  endfacet
  facet normal -0.987782 0.155839 0
    outer loop
      vertex 239.1 10.5 2
      vertex 239.022 10.0056 -2
      vertex 239.022 10.0056 2
    endloop
  endfacet
  facet normal 0.156567 0.987667 -0
    outer loop
      vertex 237.5 8.9 -2
      vertex 237.006 8.97831 2
      vertex 237.5 8.9 2
    endloop
  endfacet
  facet normal 0.156567 0.987667 0
    outer loop
      vertex 237.006 8.97831 2
      vertex 237.5 8.9 -2
      vertex 237.006 8.97831 -2
    endloop
  endfacet
  facet normal -0.707007 -0.707207 0
    outer loop
      vertex 238.44 11.7944 -2
      vertex 238.794 11.4405 2
      vertex 238.44 11.7944 2
    endloop
  endfacet
  facet normal -0.707007 -0.707207 -0
    outer loop
      vertex 238.794 11.4405 2
      vertex 238.44 11.7944 -2
      vertex 238.794 11.4405 -2
    endloop
  endfacet
  facet normal -0.89044 -0.455101 0
    outer loop
      vertex 239.022 10.9944 -2
      vertex 238.794 11.4405 2
      vertex 238.794 11.4405 -2
    endloop
  endfacet
  facet normal -0.89044 -0.455101 0
    outer loop
      vertex 238.794 11.4405 2
      vertex 239.022 10.9944 -2
      vertex 239.022 10.9944 2
    endloop
  endfacet
  facet normal 0.454072 -0.890965 0
    outer loop
      vertex 236.56 11.7944 -2
      vertex 237.006 12.0217 2
      vertex 236.56 11.7944 2
    endloop
  endfacet
  facet normal 0.454072 -0.890965 0
    outer loop
      vertex 237.006 12.0217 2
      vertex 236.56 11.7944 -2
      vertex 237.006 12.0217 -2
    endloop
  endfacet
  facet normal 0.707007 -0.707207 0
    outer loop
      vertex 236.206 11.4405 -2
      vertex 236.56 11.7944 2
      vertex 236.206 11.4405 2
    endloop
  endfacet
  facet normal 0.707007 -0.707207 0
    outer loop
      vertex 236.56 11.7944 2
      vertex 236.206 11.4405 -2
      vertex 236.56 11.7944 -2
    endloop
  endfacet
  facet normal -0.707077 0.707137 0
    outer loop
      vertex 238.794 9.55954 -2
      vertex 238.44 9.20557 2
      vertex 238.794 9.55954 2
    endloop
  endfacet
  facet normal -0.707077 0.707137 0
    outer loop
      vertex 238.44 9.20557 2
      vertex 238.794 9.55954 -2
      vertex 238.44 9.20557 -2
    endloop
  endfacet
  facet normal -0.454009 0.890997 0
    outer loop
      vertex 238.44 9.20557 -2
      vertex 237.994 8.97831 2
      vertex 238.44 9.20557 2
    endloop
  endfacet
  facet normal -0.454009 0.890997 0
    outer loop
      vertex 237.994 8.97831 2
      vertex 238.44 9.20557 -2
      vertex 237.994 8.97831 -2
    endloop
  endfacet
  facet normal -0.890424 0.455133 0
    outer loop
      vertex 238.794 9.55954 -2
      vertex 239.022 10.0056 2
      vertex 239.022 10.0056 -2
    endloop
  endfacet
  facet normal -0.890424 0.455133 0
    outer loop
      vertex 239.022 10.0056 2
      vertex 238.794 9.55954 -2
      vertex 238.794 9.55954 2
    endloop
  endfacet
  facet normal 0.890424 0.455133 0
    outer loop
      vertex 236.206 9.55954 2
      vertex 235.978 10.0056 -2
      vertex 235.978 10.0056 2
    endloop
  endfacet
  facet normal 0.890424 0.455133 0
    outer loop
      vertex 235.978 10.0056 -2
      vertex 236.206 9.55954 2
      vertex 236.206 9.55954 -2
    endloop
  endfacet
  facet normal 0.454009 0.890997 -0
    outer loop
      vertex 237.006 8.97831 -2
      vertex 236.56 9.20557 2
      vertex 237.006 8.97831 2
    endloop
  endfacet
  facet normal 0.454009 0.890997 0
    outer loop
      vertex 236.56 9.20557 2
      vertex 237.006 8.97831 -2
      vertex 236.56 9.20557 -2
    endloop
  endfacet
  facet normal 0.707077 0.707137 -0
    outer loop
      vertex 236.56 9.20557 -2
      vertex 236.206 9.55954 2
      vertex 236.56 9.20557 2
    endloop
  endfacet
  facet normal 0.707077 0.707137 0
    outer loop
      vertex 236.206 9.55954 2
      vertex 236.56 9.20557 -2
      vertex 236.206 9.55954 -2
    endloop
  endfacet
  facet normal 0.156548 -0.98767 0
    outer loop
      vertex 237.006 12.0217 -2
      vertex 237.5 12.1 2
      vertex 237.006 12.0217 2
    endloop
  endfacet
  facet normal 0.156548 -0.98767 0
    outer loop
      vertex 237.5 12.1 2
      vertex 237.006 12.0217 -2
      vertex 237.5 12.1 -2
    endloop
  endfacet
  facet normal 0.987782 0.155839 0
    outer loop
      vertex 235.978 10.0056 2
      vertex 235.9 10.5 -2
      vertex 235.9 10.5 2
    endloop
  endfacet
  facet normal 0.987782 0.155839 0
    outer loop
      vertex 235.9 10.5 -2
      vertex 235.978 10.0056 2
      vertex 235.978 10.0056 -2
    endloop
  endfacet
  facet normal 0.89044 -0.455101 0
    outer loop
      vertex 235.978 10.9944 2
      vertex 236.206 11.4405 -2
      vertex 236.206 11.4405 2
    endloop
  endfacet
  facet normal 0.89044 -0.455101 0
    outer loop
      vertex 236.206 11.4405 -2
      vertex 235.978 10.9944 2
      vertex 235.978 10.9944 -2
    endloop
  endfacet
  facet normal -0.987782 -0.155839 0
    outer loop
      vertex 239.1 10.5 -2
      vertex 239.022 10.9944 2
      vertex 239.022 10.9944 -2
    endloop
  endfacet
  facet normal -0.987782 -0.155839 0
    outer loop
      vertex 239.022 10.9944 2
      vertex 239.1 10.5 -2
      vertex 239.1 10.5 2
    endloop
  endfacet
  facet normal -0.156567 0.987667 0
    outer loop
      vertex 237.994 8.97831 -2
      vertex 237.5 8.9 2
      vertex 237.994 8.97831 2
    endloop
  endfacet
  facet normal -0.156567 0.987667 0
    outer loop
      vertex 237.5 8.9 2
      vertex 237.994 8.97831 -2
      vertex 237.5 8.9 -2
    endloop
  endfacet
  facet normal -0.156548 -0.98767 0
    outer loop
      vertex 237.5 12.1 -2
      vertex 237.994 12.0217 2
      vertex 237.5 12.1 2
    endloop
  endfacet
  facet normal -0.156548 -0.98767 -0
    outer loop
      vertex 237.994 12.0217 2
      vertex 237.5 12.1 -2
      vertex 237.994 12.0217 -2
    endloop
  endfacet
  facet normal -0.455101 -0.89044 0
    outer loop
      vertex 10.9944 141.022 -2
      vertex 11.4405 140.794 2
      vertex 10.9944 141.022 2
    endloop
  endfacet
  facet normal -0.455101 -0.89044 -0
    outer loop
      vertex 11.4405 140.794 2
      vertex 10.9944 141.022 -2
      vertex 11.4405 140.794 -2
    endloop
  endfacet
  facet normal 0.987667 -0.156567 0
    outer loop
      vertex 8.9 139.5 2
      vertex 8.97831 139.994 -2
      vertex 8.97831 139.994 2
    endloop
  endfacet
  facet normal 0.987667 -0.156567 0
    outer loop
      vertex 8.97831 139.994 -2
      vertex 8.9 139.5 2
      vertex 8.9 139.5 -2
    endloop
  endfacet
  facet normal -0.98767 0.156548 0
    outer loop
      vertex 12.0217 139.006 -2
      vertex 12.1 139.5 2
      vertex 12.1 139.5 -2
    endloop
  endfacet
  facet normal -0.98767 0.156548 0
    outer loop
      vertex 12.1 139.5 2
      vertex 12.0217 139.006 -2
      vertex 12.0217 139.006 2
    endloop
  endfacet
  facet normal 0.155839 0.987782 -0
    outer loop
      vertex 10.5 137.9 -2
      vertex 10.0056 137.978 2
      vertex 10.5 137.9 2
    endloop
  endfacet
  facet normal 0.155839 0.987782 0
    outer loop
      vertex 10.0056 137.978 2
      vertex 10.5 137.9 -2
      vertex 10.0056 137.978 -2
    endloop
  endfacet
  facet normal -0.707207 -0.707007 0
    outer loop
      vertex 11.7944 140.44 -2
      vertex 11.4405 140.794 2
      vertex 11.4405 140.794 -2
    endloop
  endfacet
  facet normal -0.707207 -0.707007 0
    outer loop
      vertex 11.4405 140.794 2
      vertex 11.7944 140.44 -2
      vertex 11.7944 140.44 2
    endloop
  endfacet
  facet normal -0.890965 -0.454072 0
    outer loop
      vertex 12.0217 139.994 -2
      vertex 11.7944 140.44 2
      vertex 11.7944 140.44 -2
    endloop
  endfacet
  facet normal -0.890965 -0.454072 0
    outer loop
      vertex 11.7944 140.44 2
      vertex 12.0217 139.994 -2
      vertex 12.0217 139.994 2
    endloop
  endfacet
  facet normal 0.455133 -0.890424 0
    outer loop
      vertex 9.55954 140.794 -2
      vertex 10.0056 141.022 2
      vertex 9.55954 140.794 2
    endloop
  endfacet
  facet normal 0.455133 -0.890424 0
    outer loop
      vertex 10.0056 141.022 2
      vertex 9.55954 140.794 -2
      vertex 10.0056 141.022 -2
    endloop
  endfacet
  facet normal 0.707137 -0.707077 0
    outer loop
      vertex 9.20557 140.44 2
      vertex 9.55954 140.794 -2
      vertex 9.55954 140.794 2
    endloop
  endfacet
  facet normal 0.707137 -0.707077 0
    outer loop
      vertex 9.55954 140.794 -2
      vertex 9.20557 140.44 2
      vertex 9.20557 140.44 -2
    endloop
  endfacet
  facet normal -0.707207 0.707007 0
    outer loop
      vertex 11.4405 138.206 -2
      vertex 11.7944 138.56 2
      vertex 11.7944 138.56 -2
    endloop
  endfacet
  facet normal -0.707207 0.707007 0
    outer loop
      vertex 11.7944 138.56 2
      vertex 11.4405 138.206 -2
      vertex 11.4405 138.206 2
    endloop
  endfacet
  facet normal -0.455101 0.89044 0
    outer loop
      vertex 11.4405 138.206 -2
      vertex 10.9944 137.978 2
      vertex 11.4405 138.206 2
    endloop
  endfacet
  facet normal -0.455101 0.89044 0
    outer loop
      vertex 10.9944 137.978 2
      vertex 11.4405 138.206 -2
      vertex 10.9944 137.978 -2
    endloop
  endfacet
  facet normal -0.890965 0.454072 0
    outer loop
      vertex 11.7944 138.56 -2
      vertex 12.0217 139.006 2
      vertex 12.0217 139.006 -2
    endloop
  endfacet
  facet normal -0.890965 0.454072 0
    outer loop
      vertex 12.0217 139.006 2
      vertex 11.7944 138.56 -2
      vertex 11.7944 138.56 2
    endloop
  endfacet
  facet normal 0.890997 0.454009 0
    outer loop
      vertex 9.20557 138.56 2
      vertex 8.97831 139.006 -2
      vertex 8.97831 139.006 2
    endloop
  endfacet
  facet normal 0.890997 0.454009 0
    outer loop
      vertex 8.97831 139.006 -2
      vertex 9.20557 138.56 2
      vertex 9.20557 138.56 -2
    endloop
  endfacet
  facet normal 0.455133 0.890424 -0
    outer loop
      vertex 10.0056 137.978 -2
      vertex 9.55954 138.206 2
      vertex 10.0056 137.978 2
    endloop
  endfacet
  facet normal 0.455133 0.890424 0
    outer loop
      vertex 9.55954 138.206 2
      vertex 10.0056 137.978 -2
      vertex 9.55954 138.206 -2
    endloop
  endfacet
  facet normal 0.707137 0.707077 0
    outer loop
      vertex 9.55954 138.206 2
      vertex 9.20557 138.56 -2
      vertex 9.20557 138.56 2
    endloop
  endfacet
  facet normal 0.707137 0.707077 0
    outer loop
      vertex 9.20557 138.56 -2
      vertex 9.55954 138.206 2
      vertex 9.55954 138.206 -2
    endloop
  endfacet
  facet normal 0.155839 -0.987782 0
    outer loop
      vertex 10.0056 141.022 -2
      vertex 10.5 141.1 2
      vertex 10.0056 141.022 2
    endloop
  endfacet
  facet normal 0.155839 -0.987782 0
    outer loop
      vertex 10.5 141.1 2
      vertex 10.0056 141.022 -2
      vertex 10.5 141.1 -2
    endloop
  endfacet
  facet normal 0.987667 0.156567 0
    outer loop
      vertex 8.97831 139.006 2
      vertex 8.9 139.5 -2
      vertex 8.9 139.5 2
    endloop
  endfacet
  facet normal 0.987667 0.156567 0
    outer loop
      vertex 8.9 139.5 -2
      vertex 8.97831 139.006 2
      vertex 8.97831 139.006 -2
    endloop
  endfacet
  facet normal 0.890997 -0.454009 0
    outer loop
      vertex 8.97831 139.994 2
      vertex 9.20557 140.44 -2
      vertex 9.20557 140.44 2
    endloop
  endfacet
  facet normal 0.890997 -0.454009 0
    outer loop
      vertex 9.20557 140.44 -2
      vertex 8.97831 139.994 2
      vertex 8.97831 139.994 -2
    endloop
  endfacet
  facet normal -0.98767 -0.156548 0
    outer loop
      vertex 12.1 139.5 -2
      vertex 12.0217 139.994 2
      vertex 12.0217 139.994 -2
    endloop
  endfacet
  facet normal -0.98767 -0.156548 0
    outer loop
      vertex 12.0217 139.994 2
      vertex 12.1 139.5 -2
      vertex 12.1 139.5 2
    endloop
  endfacet
  facet normal -0.155839 0.987782 0
    outer loop
      vertex 10.9944 137.978 -2
      vertex 10.5 137.9 2
      vertex 10.9944 137.978 2
    endloop
  endfacet
  facet normal -0.155839 0.987782 0
    outer loop
      vertex 10.5 137.9 2
      vertex 10.9944 137.978 -2
      vertex 10.5 137.9 -2
    endloop
  endfacet
  facet normal -0.155839 -0.987782 0
    outer loop
      vertex 10.5 141.1 -2
      vertex 10.9944 141.022 2
      vertex 10.5 141.1 2
    endloop
  endfacet
  facet normal -0.155839 -0.987782 -0
    outer loop
      vertex 10.9944 141.022 2
      vertex 10.5 141.1 -2
      vertex 10.9944 141.022 -2
    endloop
  endfacet
  facet normal -0.455181 -0.890399 0
    outer loop
      vertex 237.994 141.022 -2
      vertex 238.44 140.794 2
      vertex 237.994 141.022 2
    endloop
  endfacet
  facet normal -0.455181 -0.890399 -0
    outer loop
      vertex 238.44 140.794 2
      vertex 237.994 141.022 -2
      vertex 238.44 140.794 -2
    endloop
  endfacet
  facet normal 0.987763 -0.155963 0
    outer loop
      vertex 235.9 139.5 2
      vertex 235.978 139.994 -2
      vertex 235.978 139.994 2
    endloop
  endfacet
  facet normal 0.987763 -0.155963 0
    outer loop
      vertex 235.978 139.994 -2
      vertex 235.9 139.5 2
      vertex 235.9 139.5 -2
    endloop
  endfacet
  facet normal -0.987763 0.155963 0
    outer loop
      vertex 239.022 139.006 -2
      vertex 239.1 139.5 2
      vertex 239.1 139.5 -2
    endloop
  endfacet
  facet normal -0.987763 0.155963 0
    outer loop
      vertex 239.1 139.5 2
      vertex 239.022 139.006 -2
      vertex 239.022 139.006 2
    endloop
  endfacet
  facet normal 0.155963 0.987763 -0
    outer loop
      vertex 237.5 137.9 -2
      vertex 237.006 137.978 2
      vertex 237.5 137.9 2
    endloop
  endfacet
  facet normal 0.155963 0.987763 0
    outer loop
      vertex 237.006 137.978 2
      vertex 237.5 137.9 -2
      vertex 237.006 137.978 -2
    endloop
  endfacet
  facet normal -0.707107 -0.707107 0
    outer loop
      vertex 238.794 140.44 -2
      vertex 238.44 140.794 2
      vertex 238.44 140.794 -2
    endloop
  endfacet
  facet normal -0.707107 -0.707107 0
    outer loop
      vertex 238.44 140.794 2
      vertex 238.794 140.44 -2
      vertex 238.794 140.44 2
    endloop
  endfacet
  facet normal -0.890399 -0.455181 0
    outer loop
      vertex 239.022 139.994 -2
      vertex 238.794 140.44 2
      vertex 238.794 140.44 -2
    endloop
  endfacet
  facet normal -0.890399 -0.455181 0
    outer loop
      vertex 238.794 140.44 2
      vertex 239.022 139.994 -2
      vertex 239.022 139.994 2
    endloop
  endfacet
  facet normal 0.455181 -0.890399 0
    outer loop
      vertex 236.56 140.794 -2
      vertex 237.006 141.022 2
      vertex 236.56 140.794 2
    endloop
  endfacet
  facet normal 0.455181 -0.890399 0
    outer loop
      vertex 237.006 141.022 2
      vertex 236.56 140.794 -2
      vertex 237.006 141.022 -2
    endloop
  endfacet
  facet normal 0.707107 -0.707107 0
    outer loop
      vertex 236.206 140.44 2
      vertex 236.56 140.794 -2
      vertex 236.56 140.794 2
    endloop
  endfacet
  facet normal 0.707107 -0.707107 0
    outer loop
      vertex 236.56 140.794 -2
      vertex 236.206 140.44 2
      vertex 236.206 140.44 -2
    endloop
  endfacet
  facet normal -0.707107 0.707107 0
    outer loop
      vertex 238.44 138.206 -2
      vertex 238.794 138.56 2
      vertex 238.794 138.56 -2
    endloop
  endfacet
  facet normal -0.707107 0.707107 0
    outer loop
      vertex 238.794 138.56 2
      vertex 238.44 138.206 -2
      vertex 238.44 138.206 2
    endloop
  endfacet
  facet normal -0.455181 0.890399 0
    outer loop
      vertex 238.44 138.206 -2
      vertex 237.994 137.978 2
      vertex 238.44 138.206 2
    endloop
  endfacet
  facet normal -0.455181 0.890399 0
    outer loop
      vertex 237.994 137.978 2
      vertex 238.44 138.206 -2
      vertex 237.994 137.978 -2
    endloop
  endfacet
  facet normal -0.890399 0.455181 0
    outer loop
      vertex 238.794 138.56 -2
      vertex 239.022 139.006 2
      vertex 239.022 139.006 -2
    endloop
  endfacet
  facet normal -0.890399 0.455181 0
    outer loop
      vertex 239.022 139.006 2
      vertex 238.794 138.56 -2
      vertex 238.794 138.56 2
    endloop
  endfacet
  facet normal 0.890399 0.455181 0
    outer loop
      vertex 236.206 138.56 2
      vertex 235.978 139.006 -2
      vertex 235.978 139.006 2
    endloop
  endfacet
  facet normal 0.890399 0.455181 0
    outer loop
      vertex 235.978 139.006 -2
      vertex 236.206 138.56 2
      vertex 236.206 138.56 -2
    endloop
  endfacet
  facet normal 0.455181 0.890399 -0
    outer loop
      vertex 237.006 137.978 -2
      vertex 236.56 138.206 2
      vertex 237.006 137.978 2
    endloop
  endfacet
  facet normal 0.455181 0.890399 0
    outer loop
      vertex 236.56 138.206 2
      vertex 237.006 137.978 -2
      vertex 236.56 138.206 -2
    endloop
  endfacet
  facet normal 0.707107 0.707107 0
    outer loop
      vertex 236.56 138.206 2
      vertex 236.206 138.56 -2
      vertex 236.206 138.56 2
    endloop
  endfacet
  facet normal 0.707107 0.707107 0
    outer loop
      vertex 236.206 138.56 -2
      vertex 236.56 138.206 2
      vertex 236.56 138.206 -2
    endloop
  endfacet
  facet normal 0.155963 -0.987763 0
    outer loop
      vertex 237.006 141.022 -2
      vertex 237.5 141.1 2
      vertex 237.006 141.022 2
    endloop
  endfacet
  facet normal 0.155963 -0.987763 0
    outer loop
      vertex 237.5 141.1 2
      vertex 237.006 141.022 -2
      vertex 237.5 141.1 -2
    endloop
  endfacet
  facet normal -0.155963 -0.987763 0
    outer loop
      vertex 237.5 141.1 -2
      vertex 237.994 141.022 2
      vertex 237.5 141.1 2
    endloop
  endfacet
  facet normal -0.155963 -0.987763 -0
    outer loop
      vertex 237.994 141.022 2
      vertex 237.5 141.1 -2
      vertex 237.994 141.022 -2
    endloop
  endfacet
  facet normal 0.987763 0.155963 0
    outer loop
      vertex 235.978 139.006 2
      vertex 235.9 139.5 -2
      vertex 235.9 139.5 2
    endloop
  endfacet
  facet normal 0.987763 0.155963 0
    outer loop
      vertex 235.9 139.5 -2
      vertex 235.978 139.006 2
      vertex 235.978 139.006 -2
    endloop
  endfacet
  facet normal 0.890399 -0.455181 0
    outer loop
      vertex 235.978 139.994 2
      vertex 236.206 140.44 -2
      vertex 236.206 140.44 2
    endloop
  endfacet
  facet normal 0.890399 -0.455181 0
    outer loop
      vertex 236.206 140.44 -2
      vertex 235.978 139.994 2
      vertex 235.978 139.994 -2
    endloop
  endfacet
  facet normal -0.987763 -0.155963 0
    outer loop
      vertex 239.1 139.5 -2
      vertex 239.022 139.994 2
      vertex 239.022 139.994 -2
    endloop
  endfacet
  facet normal -0.987763 -0.155963 0
    outer loop
      vertex 239.022 139.994 2
      vertex 239.1 139.5 -2
      vertex 239.1 139.5 2
    endloop
  endfacet
  facet normal -0.155963 0.987763 0
    outer loop
      vertex 237.994 137.978 -2
      vertex 237.5 137.9 2
      vertex 237.994 137.978 2
    endloop
  endfacet
  facet normal -0.155963 0.987763 0
    outer loop
      vertex 237.5 137.9 2
      vertex 237.994 137.978 -2
      vertex 237.5 137.9 -2
    endloop
  endfacet
endsolid OpenSCAD_Model
