solid OpenSCAD_Model
  facet normal 0.954729 -0.297478 0
    outer loop
      vertex 247.292 1.72774 36.5
      vertex 248 4 0
      vertex 248 4 36.5
    endloop
  endfacet
  facet normal 0.954729 -0.297478 0
    outer loop
      vertex 248 4 0
      vertex 247.292 1.72774 36.5
      vertex 247.292 1.72774 0
    endloop
  endfacet
  facet normal 0.239303 -0.970945 0
    outer loop
      vertex 244 0 0
      vertex 245.859 0.458176 36.5
      vertex 244 0 36.5
    endloop
  endfacet
  facet normal 0.239303 -0.970945 0
    outer loop
      vertex 245.859 0.458176 36.5
      vertex 244 0 0
      vertex 245.859 0.458176 0
    endloop
  endfacet
  facet normal -0.66325 0.748398 0
    outer loop
      vertex 2.14111 149.542 0
      vertex 0.708069 148.272 36.5
      vertex 2.14111 149.542 36.5
    endloop
  endfacet
  facet normal -0.66325 0.748398 0
    outer loop
      vertex 0.708069 148.272 36.5
      vertex 2.14111 149.542 0
      vertex 0.708069 148.272 0
    endloop
  endfacet
  facet normal 0.663133 -0.748501 0
    outer loop
      vertex 245.859 0.458176 0
      vertex 247.292 1.72774 36.5
      vertex 245.859 0.458176 36.5
    endloop
  endfacet
  facet normal 0.663133 -0.748501 0
    outer loop
      vertex 247.292 1.72774 36.5
      vertex 245.859 0.458176 0
      vertex 247.292 1.72774 0
    endloop
  endfacet
  facet normal 0.748388 0.663261 0
    outer loop
      vertex 247.542 147.859 36.5
      vertex 246.272 149.292 0
      vertex 246.272 149.292 36.5
    endloop
  endfacet
  facet normal 0.748388 0.663261 0
    outer loop
      vertex 246.272 149.292 0
      vertex 247.542 147.859 36.5
      vertex 247.542 147.859 0
    endloop
  endfacet
  facet normal -0.748511 -0.663123 0
    outer loop
      vertex 1.72774 0.708069 0
      vertex 0.458176 2.14111 36.5
      vertex 0.458176 2.14111 0
    endloop
  endfacet
  facet normal -0.748511 -0.663123 0
    outer loop
      vertex 0.458176 2.14111 36.5
      vertex 1.72774 0.708069 0
      vertex 1.72774 0.708069 36.5
    endloop
  endfacet
  facet normal -0.297505 -0.95472 0
    outer loop
      vertex 1.72774 0.708069 0
      vertex 4 0 36.5
      vertex 1.72774 0.708069 36.5
    endloop
  endfacet
  facet normal -0.297505 -0.95472 -0
    outer loop
      vertex 4 0 36.5
      vertex 1.72774 0.708069 0
      vertex 4 0 0
    endloop
  endfacet
  facet normal 1 -0 0
    outer loop
      vertex 248 4 36.5
      vertex 248 15 32.5
      vertex 248 15 36.5
    endloop
  endfacet
  facet normal 1 0 0
    outer loop
      vertex 248 4 0
      vertex 248 12.5 24.5
      vertex 248 4 36.5
    endloop
  endfacet
  facet normal 1 0 0
    outer loop
      vertex 248 15 32.5
      vertex 248 4 36.5
      vertex 248 12.5 24.5
    endloop
  endfacet
  facet normal 1 0 0
    outer loop
      vertex 248 17 32.5
      vertex 248 35 32.5
      vertex 248 35 36.5
    endloop
  endfacet
  facet normal 1 0 0
    outer loop
      vertex 248 17 32.5
      vertex 248 35 36.5
      vertex 248 17 36.5
    endloop
  endfacet
  facet normal 1 0 0
    outer loop
      vertex 248 35 32.5
      vertex 248 17 32.5
      vertex 248 30.5 24.5
    endloop
  endfacet
  facet normal 1 0 0
    outer loop
      vertex 248 12.5 24.5
      vertex 248 17 32.5
      vertex 248 15 32.5
    endloop
  endfacet
  facet normal 1 0 0
    outer loop
      vertex 248 17 32.5
      vertex 248 12.5 24.5
      vertex 248 30.5 24.5
    endloop
  endfacet
  facet normal 1 0 0
    outer loop
      vertex 248 55 36.5
      vertex 248 37 36.5
      vertex 248 55 32.5
    endloop
  endfacet
  facet normal 1 0 0
    outer loop
      vertex 248 75 36.5
      vertex 248 57 36.5
      vertex 248 75 32.5
    endloop
  endfacet
  facet normal 1 0 0
    outer loop
      vertex 248 95 36.5
      vertex 248 77 36.5
      vertex 248 95 32.5
    endloop
  endfacet
  facet normal 1 0 0
    outer loop
      vertex 248 115 36.5
      vertex 248 97 36.5
      vertex 248 115 32.5
    endloop
  endfacet
  facet normal 1 0 0
    outer loop
      vertex 248 146 36.5
      vertex 248 138.5 24.5
      vertex 248 146 0
    endloop
  endfacet
  facet normal 1 -0 0
    outer loop
      vertex 248 117 36.5
      vertex 248 138.5 24.5
      vertex 248 146 36.5
    endloop
  endfacet
  facet normal 1 -0 0
    outer loop
      vertex 248 117 32.5
      vertex 248 138.5 24.5
      vertex 248 117 36.5
    endloop
  endfacet
  facet normal 1 0 0
    outer loop
      vertex 248 117 32.5
      vertex 248 116.5 24.5
      vertex 248 138.5 24.5
    endloop
  endfacet
  facet normal 1 -0 0
    outer loop
      vertex 248 97 32.5
      vertex 248 116.5 24.5
      vertex 248 115 32.5
    endloop
  endfacet
  facet normal 1 -0 0
    outer loop
      vertex 248 115 32.5
      vertex 248 116.5 24.5
      vertex 248 117 32.5
    endloop
  endfacet
  facet normal 1 -0 0
    outer loop
      vertex 248 138.5 10.5
      vertex 248 146 0
      vertex 248 138.5 24.5
    endloop
  endfacet
  facet normal 1 -0 0
    outer loop
      vertex 248 116.5 10.5
      vertex 248 146 0
      vertex 248 138.5 10.5
    endloop
  endfacet
  facet normal 1 0 0
    outer loop
      vertex 248 97 32.5
      vertex 248 115 32.5
      vertex 248 97 36.5
    endloop
  endfacet
  facet normal 1 0 0
    outer loop
      vertex 248 116.5 24.5
      vertex 248 97 32.5
      vertex 248 116.5 10.5
    endloop
  endfacet
  facet normal 1 -0 0
    outer loop
      vertex 248 95 32.5
      vertex 248 116.5 10.5
      vertex 248 97 32.5
    endloop
  endfacet
  facet normal 1 0 0
    outer loop
      vertex 248 77 32.5
      vertex 248 95 32.5
      vertex 248 77 36.5
    endloop
  endfacet
  facet normal 1 0 0
    outer loop
      vertex 248 95 32.5
      vertex 248 77 32.5
      vertex 248 116.5 10.5
    endloop
  endfacet
  facet normal 1 -0 0
    outer loop
      vertex 248 75 32.5
      vertex 248 116.5 10.5
      vertex 248 77 32.5
    endloop
  endfacet
  facet normal 1 0 0
    outer loop
      vertex 248 57 32.5
      vertex 248 75 32.5
      vertex 248 57 36.5
    endloop
  endfacet
  facet normal 1 0 0
    outer loop
      vertex 248 30.5 10.5
      vertex 248 75 32.5
      vertex 248 57 32.5
    endloop
  endfacet
  facet normal 1 0 0
    outer loop
      vertex 248 30.5 10.5
      vertex 248 57 32.5
      vertex 248 55 32.5
    endloop
  endfacet
  facet normal 1 0 0
    outer loop
      vertex 248 37 32.5
      vertex 248 55 32.5
      vertex 248 37 36.5
    endloop
  endfacet
  facet normal 1 0 0
    outer loop
      vertex 248 30.5 24.5
      vertex 248 55 32.5
      vertex 248 37 32.5
    endloop
  endfacet
  facet normal 1 0 0
    outer loop
      vertex 248 75 32.5
      vertex 248 30.5 10.5
      vertex 248 116.5 10.5
    endloop
  endfacet
  facet normal 1 0 0
    outer loop
      vertex 248 30.5 24.5
      vertex 248 37 32.5
      vertex 248 35 32.5
    endloop
  endfacet
  facet normal 1 0 0
    outer loop
      vertex 248 55 32.5
      vertex 248 30.5 24.5
      vertex 248 30.5 10.5
    endloop
  endfacet
  facet normal 1 0 0
    outer loop
      vertex 248 4 0
      vertex 248 116.5 10.5
      vertex 248 30.5 10.5
    endloop
  endfacet
  facet normal 1 0 0
    outer loop
      vertex 248 4 0
      vertex 248 30.5 10.5
      vertex 248 12.5 10.5
    endloop
  endfacet
  facet normal 1 0 0
    outer loop
      vertex 248 116.5 10.5
      vertex 248 4 0
      vertex 248 146 0
    endloop
  endfacet
  facet normal 1 0 0
    outer loop
      vertex 248 12.5 24.5
      vertex 248 4 0
      vertex 248 12.5 10.5
    endloop
  endfacet
  facet normal -1 0 0
    outer loop
      vertex 0 146 0
      vertex 0 117 32.5
      vertex 0 146 36.5
    endloop
  endfacet
  facet normal -1 0 0
    outer loop
      vertex 0 146 0
      vertex 0 115 32.5
      vertex 0 117 32.5
    endloop
  endfacet
  facet normal -1 0 0
    outer loop
      vertex 0 115 32.5
      vertex 0 97 32.5
      vertex 0 115 36.5
    endloop
  endfacet
  facet normal -1 0 0
    outer loop
      vertex 0 146 0
      vertex 0 97 32.5
      vertex 0 115 32.5
    endloop
  endfacet
  facet normal -1 0 0
    outer loop
      vertex 0 146 0
      vertex 0 95 32.5
      vertex 0 97 32.5
    endloop
  endfacet
  facet normal -1 0 0
    outer loop
      vertex 0 95 32.5
      vertex 0 77 32.5
      vertex 0 95 36.5
    endloop
  endfacet
  facet normal -1 0 0
    outer loop
      vertex 0 146 0
      vertex 0 77 32.5
      vertex 0 95 32.5
    endloop
  endfacet
  facet normal -1 0 0
    outer loop
      vertex 0 146 0
      vertex 0 75 32.5
      vertex 0 77 32.5
    endloop
  endfacet
  facet normal -1 0 0
    outer loop
      vertex 0 75 32.5
      vertex 0 57 32.5
      vertex 0 75 36.5
    endloop
  endfacet
  facet normal -1 0 0
    outer loop
      vertex 0 4 0
      vertex 0 75 32.5
      vertex 0 146 0
    endloop
  endfacet
  facet normal -1 -0 0
    outer loop
      vertex 0 75 32.5
      vertex 0 4 0
      vertex 0 57 32.5
    endloop
  endfacet
  facet normal -1 0 0
    outer loop
      vertex 0 55 32.5
      vertex 0 37 32.5
      vertex 0 55 36.5
    endloop
  endfacet
  facet normal -1 -0 0
    outer loop
      vertex 0 57 32.5
      vertex 0 4 0
      vertex 0 55 32.5
    endloop
  endfacet
  facet normal -1 -0 0
    outer loop
      vertex 0 55 32.5
      vertex 0 4 0
      vertex 0 37 32.5
    endloop
  endfacet
  facet normal -1 0 0
    outer loop
      vertex 0 35 32.5
      vertex 0 17 32.5
      vertex 0 35 36.5
    endloop
  endfacet
  facet normal -1 -0 0
    outer loop
      vertex 0 37 32.5
      vertex 0 4 0
      vertex 0 35 32.5
    endloop
  endfacet
  facet normal -1 -0 0
    outer loop
      vertex 0 35 32.5
      vertex 0 4 0
      vertex 0 17 32.5
    endloop
  endfacet
  facet normal -1 -0 0
    outer loop
      vertex 0 17 32.5
      vertex 0 4 0
      vertex 0 15 32.5
    endloop
  endfacet
  facet normal -1 0 0
    outer loop
      vertex 0 4 36.5
      vertex 0 15 32.5
      vertex 0 4 0
    endloop
  endfacet
  facet normal -1 0 0
    outer loop
      vertex 0 15 32.5
      vertex 0 4 36.5
      vertex 0 15 36.5
    endloop
  endfacet
  facet normal -1 -0 0
    outer loop
      vertex 0 146 36.5
      vertex 0 117 32.5
      vertex 0 117 36.5
    endloop
  endfacet
  facet normal -1 -0 0
    outer loop
      vertex 0 115 36.5
      vertex 0 97 32.5
      vertex 0 97 36.5
    endloop
  endfacet
  facet normal -1 -0 0
    outer loop
      vertex 0 95 36.5
      vertex 0 77 32.5
      vertex 0 77 36.5
    endloop
  endfacet
  facet normal -1 -0 0
    outer loop
      vertex 0 75 36.5
      vertex 0 57 32.5
      vertex 0 57 36.5
    endloop
  endfacet
  facet normal -1 -0 0
    outer loop
      vertex 0 55 36.5
      vertex 0 37 32.5
      vertex 0 37 36.5
    endloop
  endfacet
  facet normal -1 -0 0
    outer loop
      vertex 0 35 36.5
      vertex 0 17 32.5
      vertex 0 17 36.5
    endloop
  endfacet
  facet normal -0.954711 0.297536 0
    outer loop
      vertex 0 146 0
      vertex 0.708069 148.272 36.5
      vertex 0.708069 148.272 0
    endloop
  endfacet
  facet normal -0.954711 0.297536 0
    outer loop
      vertex 0.708069 148.272 36.5
      vertex 0 146 0
      vertex 0 146 36.5
    endloop
  endfacet
  facet normal -0.970942 -0.239316 0
    outer loop
      vertex 0.458176 2.14111 0
      vertex 0 4 36.5
      vertex 0 4 0
    endloop
  endfacet
  facet normal -0.970942 -0.239316 0
    outer loop
      vertex 0 4 36.5
      vertex 0.458176 2.14111 0
      vertex 0.458176 2.14111 36.5
    endloop
  endfacet
  facet normal 0 0 -1
    outer loop
      vertex 244 150 0
      vertex 248 146 0
      vertex 248 4 0
    endloop
  endfacet
  facet normal 0 0 -1
    outer loop
      vertex 244 0 0
      vertex 248 4 0
      vertex 247.292 1.72774 0
    endloop
  endfacet
  facet normal 0 0 -1
    outer loop
      vertex 244 150 0
      vertex 248 4 0
      vertex 244 0 0
    endloop
  endfacet
  facet normal 0 0 -1
    outer loop
      vertex 244 0 0
      vertex 247.292 1.72774 0
      vertex 245.859 0.458176 0
    endloop
  endfacet
  facet normal 0 0 -1
    outer loop
      vertex 248 146 0
      vertex 244 150 0
      vertex 247.542 147.859 0
    endloop
  endfacet
  facet normal 0 0 -1
    outer loop
      vertex 247.542 147.859 0
      vertex 244 150 0
      vertex 246.272 149.292 0
    endloop
  endfacet
  facet normal 0 0 -1
    outer loop
      vertex 4 0 0
      vertex 244 150 0
      vertex 244 0 0
    endloop
  endfacet
  facet normal 0 0 -1
    outer loop
      vertex 4 0 0
      vertex 4 150 0
      vertex 244 150 0
    endloop
  endfacet
  facet normal 0 0 -1
    outer loop
      vertex 0 146 0
      vertex 4 150 0
      vertex 4 0 0
    endloop
  endfacet
  facet normal 0 0 -1
    outer loop
      vertex 0 4 0
      vertex 4 0 0
      vertex 1.72774 0.708069 0
    endloop
  endfacet
  facet normal 0 0 -1
    outer loop
      vertex 0 146 0
      vertex 4 0 0
      vertex 0 4 0
    endloop
  endfacet
  facet normal 0 0 -1
    outer loop
      vertex 0 4 0
      vertex 1.72774 0.708069 0
      vertex 0.458176 2.14111 0
    endloop
  endfacet
  facet normal 0 0 -1
    outer loop
      vertex 4 150 0
      vertex 0 146 0
      vertex 2.14111 149.542 0
    endloop
  endfacet
  facet normal 0 0 -1
    outer loop
      vertex 2.14111 149.542 0
      vertex 0 146 0
      vertex 0.708069 148.272 0
    endloop
  endfacet
  facet normal 0 -1 0
    outer loop
      vertex 122.5 0 10.5
      vertex 132.5 0 24.5
      vertex 122.5 0 24.5
    endloop
  endfacet
  facet normal 0 -1 -0
    outer loop
      vertex 132.5 0 24.5
      vertex 122.5 0 10.5
      vertex 132.5 0 10.5
    endloop
  endfacet
  facet normal 0 -1 0
    outer loop
      vertex 84.5 0 10.5
      vertex 94.5 0 24.5
      vertex 84.5 0 24.5
    endloop
  endfacet
  facet normal 0 -1 -0
    outer loop
      vertex 94.5 0 24.5
      vertex 84.5 0 10.5
      vertex 94.5 0 10.5
    endloop
  endfacet
  facet normal 0 -1 0
    outer loop
      vertex 46.5 0 10.5
      vertex 56.5 0 24.5
      vertex 46.5 0 24.5
    endloop
  endfacet
  facet normal 0 -1 -0
    outer loop
      vertex 56.5 0 24.5
      vertex 46.5 0 10.5
      vertex 56.5 0 10.5
    endloop
  endfacet
  facet normal 0 -1 0
    outer loop
      vertex 4 0 36.5
      vertex 20 0 30.5
      vertex 20 0 36.5
    endloop
  endfacet
  facet normal 0 -1 0
    outer loop
      vertex 18.5 0 24.5
      vertex 22 0 30.5
      vertex 20 0 30.5
    endloop
  endfacet
  facet normal 0 -1 0
    outer loop
      vertex 22 0 30.5
      vertex 46.5 0 24.5
      vertex 46 0 30.5
    endloop
  endfacet
  facet normal 0 -1 0
    outer loop
      vertex 46 0 30.5
      vertex 46.5 0 24.5
      vertex 48 0 30.5
    endloop
  endfacet
  facet normal 0 -1 0
    outer loop
      vertex 56.5 0 24.5
      vertex 48 0 30.5
      vertex 46.5 0 24.5
    endloop
  endfacet
  facet normal 0 -1 0
    outer loop
      vertex 48 0 30.5
      vertex 56.5 0 24.5
      vertex 72 0 30.5
    endloop
  endfacet
  facet normal 0 -1 0
    outer loop
      vertex 72 0 30.5
      vertex 84.5 0 24.5
      vertex 74 0 30.5
    endloop
  endfacet
  facet normal 0 -1 0
    outer loop
      vertex 74 0 30.5
      vertex 84.5 0 24.5
      vertex 98 0 30.5
    endloop
  endfacet
  facet normal 0 -1 -0
    outer loop
      vertex 98 0 30.5
      vertex 94.5 0 24.5
      vertex 100 0 30.5
    endloop
  endfacet
  facet normal 0 -1 0
    outer loop
      vertex 122.5 0 24.5
      vertex 100 0 30.5
      vertex 94.5 0 24.5
    endloop
  endfacet
  facet normal 0 -1 0
    outer loop
      vertex 100 0 30.5
      vertex 122.5 0 24.5
      vertex 124 0 30.5
    endloop
  endfacet
  facet normal 0 -1 -0
    outer loop
      vertex 124 0 30.5
      vertex 122.5 0 24.5
      vertex 126 0 30.5
    endloop
  endfacet
  facet normal 0 -1 0
    outer loop
      vertex 126 0 30.5
      vertex 132.5 0 24.5
      vertex 150 0 30.5
    endloop
  endfacet
  facet normal 0 -1 0
    outer loop
      vertex 160.5 0 24.5
      vertex 150 0 30.5
      vertex 132.5 0 24.5
    endloop
  endfacet
  facet normal 0 -1 0
    outer loop
      vertex 150 0 30.5
      vertex 160.5 0 24.5
      vertex 152 0 30.5
    endloop
  endfacet
  facet normal 0 -1 -0
    outer loop
      vertex 22 0 30.5
      vertex 18.5 0 24.5
      vertex 46.5 0 24.5
    endloop
  endfacet
  facet normal 0 -1 0
    outer loop
      vertex 4 0 36.5
      vertex 18.5 0 24.5
      vertex 20 0 30.5
    endloop
  endfacet
  facet normal 0 -1 0
    outer loop
      vertex 4 0 0
      vertex 18.5 0 24.5
      vertex 4 0 36.5
    endloop
  endfacet
  facet normal 0 -1 0
    outer loop
      vertex 4 0 0
      vertex 46.5 0 10.5
      vertex 18.5 0 10.5
    endloop
  endfacet
  facet normal 0 -1 -0
    outer loop
      vertex 46.5 0 10.5
      vertex 4 0 0
      vertex 56.5 0 10.5
    endloop
  endfacet
  facet normal 0 -1 -0
    outer loop
      vertex 56.5 0 10.5
      vertex 4 0 0
      vertex 84.5 0 10.5
    endloop
  endfacet
  facet normal 0 -1 -0
    outer loop
      vertex 84.5 0 10.5
      vertex 4 0 0
      vertex 94.5 0 10.5
    endloop
  endfacet
  facet normal 0 -1 -0
    outer loop
      vertex 94.5 0 10.5
      vertex 4 0 0
      vertex 122.5 0 10.5
    endloop
  endfacet
  facet normal 0 -1 -0
    outer loop
      vertex 122.5 0 10.5
      vertex 4 0 0
      vertex 132.5 0 10.5
    endloop
  endfacet
  facet normal 0 -1 0
    outer loop
      vertex 244 0 0
      vertex 132.5 0 10.5
      vertex 4 0 0
    endloop
  endfacet
  facet normal 0 -1 -0
    outer loop
      vertex 18.5 0 24.5
      vertex 4 0 0
      vertex 18.5 0 10.5
    endloop
  endfacet
  facet normal 0 -1 0
    outer loop
      vertex 22 0 30.5
      vertex 46 0 36.5
      vertex 22 0 36.5
    endloop
  endfacet
  facet normal 0 -1 -0
    outer loop
      vertex 46 0 36.5
      vertex 22 0 30.5
      vertex 46 0 30.5
    endloop
  endfacet
  facet normal 0 -1 0
    outer loop
      vertex 48 0 30.5
      vertex 72 0 36.5
      vertex 48 0 36.5
    endloop
  endfacet
  facet normal 0 -1 -0
    outer loop
      vertex 72 0 36.5
      vertex 48 0 30.5
      vertex 72 0 30.5
    endloop
  endfacet
  facet normal 0 -1 0
    outer loop
      vertex 74 0 30.5
      vertex 98 0 36.5
      vertex 74 0 36.5
    endloop
  endfacet
  facet normal 0 -1 -0
    outer loop
      vertex 98 0 36.5
      vertex 74 0 30.5
      vertex 98 0 30.5
    endloop
  endfacet
  facet normal 0 -1 0
    outer loop
      vertex 100 0 30.5
      vertex 124 0 36.5
      vertex 100 0 36.5
    endloop
  endfacet
  facet normal 0 -1 -0
    outer loop
      vertex 124 0 36.5
      vertex 100 0 30.5
      vertex 124 0 30.5
    endloop
  endfacet
  facet normal 0 -1 0
    outer loop
      vertex 126 0 30.5
      vertex 150 0 36.5
      vertex 126 0 36.5
    endloop
  endfacet
  facet normal 0 -1 -0
    outer loop
      vertex 150 0 36.5
      vertex 126 0 30.5
      vertex 150 0 30.5
    endloop
  endfacet
  facet normal 0 -1 0
    outer loop
      vertex 152 0 30.5
      vertex 176 0 36.5
      vertex 152 0 36.5
    endloop
  endfacet
  facet normal 0 -1 -0
    outer loop
      vertex 176 0 36.5
      vertex 152 0 30.5
      vertex 176 0 30.5
    endloop
  endfacet
  facet normal 0 -1 0
    outer loop
      vertex 178 0 30.5
      vertex 202 0 36.5
      vertex 178 0 36.5
    endloop
  endfacet
  facet normal 0 -1 -0
    outer loop
      vertex 202 0 36.5
      vertex 178 0 30.5
      vertex 202 0 30.5
    endloop
  endfacet
  facet normal 0 -1 0
    outer loop
      vertex 204 0 30.5
      vertex 244 0 36.5
      vertex 204 0 36.5
    endloop
  endfacet
  facet normal 0 -1 0
    outer loop
      vertex 84.5 0 24.5
      vertex 72 0 30.5
      vertex 56.5 0 24.5
    endloop
  endfacet
  facet normal 0 -1 0
    outer loop
      vertex 94.5 0 24.5
      vertex 98 0 30.5
      vertex 84.5 0 24.5
    endloop
  endfacet
  facet normal 0 -1 0
    outer loop
      vertex 132.5 0 24.5
      vertex 126 0 30.5
      vertex 122.5 0 24.5
    endloop
  endfacet
  facet normal 0 -1 0
    outer loop
      vertex 152 0 30.5
      vertex 160.5 0 24.5
      vertex 176 0 30.5
    endloop
  endfacet
  facet normal 0 -1 0
    outer loop
      vertex 160.5 0 10.5
      vertex 176 0 30.5
      vertex 160.5 0 24.5
    endloop
  endfacet
  facet normal 0 -1 -0
    outer loop
      vertex 176 0 30.5
      vertex 160.5 0 10.5
      vertex 178 0 30.5
    endloop
  endfacet
  facet normal 0 -1 -0
    outer loop
      vertex 178 0 30.5
      vertex 160.5 0 10.5
      vertex 202 0 30.5
    endloop
  endfacet
  facet normal 0 -1 0
    outer loop
      vertex 244 0 0
      vertex 202 0 30.5
      vertex 160.5 0 10.5
    endloop
  endfacet
  facet normal 0 -1 0
    outer loop
      vertex 202 0 30.5
      vertex 244 0 0
      vertex 204 0 30.5
    endloop
  endfacet
  facet normal 0 -1 0
    outer loop
      vertex 204 0 30.5
      vertex 244 0 0
      vertex 244 0 36.5
    endloop
  endfacet
  facet normal 0 -1 0
    outer loop
      vertex 132.5 0 10.5
      vertex 244 0 0
      vertex 160.5 0 10.5
    endloop
  endfacet
  facet normal 0 1 0
    outer loop
      vertex 244 150 36.5
      vertex 204 150 30.5
      vertex 204 150 36.5
    endloop
  endfacet
  facet normal 0 1 0
    outer loop
      vertex 244 150 0
      vertex 202 150 30.5
      vertex 204 150 30.5
    endloop
  endfacet
  facet normal 0 1 0
    outer loop
      vertex 202 150 30.5
      vertex 244 150 0
      vertex 178 150 30.5
    endloop
  endfacet
  facet normal 0 1 0
    outer loop
      vertex 178 150 30.5
      vertex 244 150 0
      vertex 176 150 30.5
    endloop
  endfacet
  facet normal 0 1 0
    outer loop
      vertex 176 150 30.5
      vertex 244 150 0
      vertex 152 150 30.5
    endloop
  endfacet
  facet normal 0 1 0
    outer loop
      vertex 152 150 30.5
      vertex 244 150 0
      vertex 150 150 30.5
    endloop
  endfacet
  facet normal 0 1 0
    outer loop
      vertex 150 150 30.5
      vertex 244 150 0
      vertex 126 150 30.5
    endloop
  endfacet
  facet normal 0 1 0
    outer loop
      vertex 126 150 30.5
      vertex 244 150 0
      vertex 124 150 30.5
    endloop
  endfacet
  facet normal 0 1 0
    outer loop
      vertex 4 150 0
      vertex 124 150 30.5
      vertex 244 150 0
    endloop
  endfacet
  facet normal 0 1 0
    outer loop
      vertex 124 150 30.5
      vertex 4 150 0
      vertex 100 150 30.5
    endloop
  endfacet
  facet normal 0 1 0
    outer loop
      vertex 100 150 30.5
      vertex 4 150 0
      vertex 98 150 30.5
    endloop
  endfacet
  facet normal 0 1 0
    outer loop
      vertex 98 150 30.5
      vertex 4 150 0
      vertex 74 150 30.5
    endloop
  endfacet
  facet normal 0 1 0
    outer loop
      vertex 74 150 30.5
      vertex 4 150 0
      vertex 72 150 30.5
    endloop
  endfacet
  facet normal 0 1 0
    outer loop
      vertex 72 150 30.5
      vertex 4 150 0
      vertex 48 150 30.5
    endloop
  endfacet
  facet normal 0 1 0
    outer loop
      vertex 46 150 30.5
      vertex 4 150 0
      vertex 22 150 30.5
    endloop
  endfacet
  facet normal 0 1 0
    outer loop
      vertex 48 150 30.5
      vertex 4 150 0
      vertex 46 150 30.5
    endloop
  endfacet
  facet normal 0 1 -0
    outer loop
      vertex 244 150 0
      vertex 204 150 30.5
      vertex 244 150 36.5
    endloop
  endfacet
  facet normal 0 1 -0
    outer loop
      vertex 202 150 30.5
      vertex 178 150 36.5
      vertex 202 150 36.5
    endloop
  endfacet
  facet normal 0 1 0
    outer loop
      vertex 178 150 36.5
      vertex 202 150 30.5
      vertex 178 150 30.5
    endloop
  endfacet
  facet normal 0 1 -0
    outer loop
      vertex 176 150 30.5
      vertex 152 150 36.5
      vertex 176 150 36.5
    endloop
  endfacet
  facet normal 0 1 0
    outer loop
      vertex 152 150 36.5
      vertex 176 150 30.5
      vertex 152 150 30.5
    endloop
  endfacet
  facet normal 0 1 -0
    outer loop
      vertex 150 150 30.5
      vertex 126 150 36.5
      vertex 150 150 36.5
    endloop
  endfacet
  facet normal 0 1 0
    outer loop
      vertex 126 150 36.5
      vertex 150 150 30.5
      vertex 126 150 30.5
    endloop
  endfacet
  facet normal 0 1 -0
    outer loop
      vertex 124 150 30.5
      vertex 100 150 36.5
      vertex 124 150 36.5
    endloop
  endfacet
  facet normal 0 1 0
    outer loop
      vertex 100 150 36.5
      vertex 124 150 30.5
      vertex 100 150 30.5
    endloop
  endfacet
  facet normal 0 1 -0
    outer loop
      vertex 98 150 30.5
      vertex 74 150 36.5
      vertex 98 150 36.5
    endloop
  endfacet
  facet normal 0 1 0
    outer loop
      vertex 74 150 36.5
      vertex 98 150 30.5
      vertex 74 150 30.5
    endloop
  endfacet
  facet normal 0 1 -0
    outer loop
      vertex 72 150 30.5
      vertex 48 150 36.5
      vertex 72 150 36.5
    endloop
  endfacet
  facet normal 0 1 0
    outer loop
      vertex 48 150 36.5
      vertex 72 150 30.5
      vertex 48 150 30.5
    endloop
  endfacet
  facet normal 0 1 -0
    outer loop
      vertex 46 150 30.5
      vertex 22 150 36.5
      vertex 46 150 36.5
    endloop
  endfacet
  facet normal 0 1 0
    outer loop
      vertex 22 150 36.5
      vertex 46 150 30.5
      vertex 22 150 30.5
    endloop
  endfacet
  facet normal 0 1 -0
    outer loop
      vertex 20 150 30.5
      vertex 4 150 36.5
      vertex 20 150 36.5
    endloop
  endfacet
  facet normal 0 1 0
    outer loop
      vertex 20 150 30.5
      vertex 4 150 0
      vertex 4 150 36.5
    endloop
  endfacet
  facet normal 0 1 0
    outer loop
      vertex 22 150 30.5
      vertex 4 150 0
      vertex 20 150 30.5
    endloop
  endfacet
  facet normal 0.297509 0.954719 -0
    outer loop
      vertex 246.272 149.292 0
      vertex 244 150 36.5
      vertex 246.272 149.292 36.5
    endloop
  endfacet
  facet normal 0.297509 0.954719 0
    outer loop
      vertex 244 150 36.5
      vertex 246.272 149.292 0
      vertex 244 150 0
    endloop
  endfacet
  facet normal -0.239229 0.970963 0
    outer loop
      vertex 4 150 0
      vertex 2.14111 149.542 36.5
      vertex 4 150 36.5
    endloop
  endfacet
  facet normal -0.239229 0.970963 0
    outer loop
      vertex 2.14111 149.542 36.5
      vertex 4 150 0
      vertex 2.14111 149.542 0
    endloop
  endfacet
  facet normal 0.970966 0.239216 0
    outer loop
      vertex 248 146 36.5
      vertex 247.542 147.859 0
      vertex 247.542 147.859 36.5
    endloop
  endfacet
  facet normal 0.970966 0.239216 0
    outer loop
      vertex 247.542 147.859 0
      vertex 248 146 36.5
      vertex 248 146 0
    endloop
  endfacet
  facet normal -0 0 1
    outer loop
      vertex 245.5 5.25 36.5
      vertex 248 4 36.5
      vertex 248 15 36.5
    endloop
  endfacet
  facet normal 0 0 1
    outer loop
      vertex 244.518 3.14337 36.5
      vertex 248 4 36.5
      vertex 245.5 5.25 36.5
    endloop
  endfacet
  facet normal 0 0 1
    outer loop
      vertex 245.5 5.25 36.5
      vertex 248 15 36.5
      vertex 245.5 15 36.5
    endloop
  endfacet
  facet normal 0 0 1
    outer loop
      vertex 248 4 36.5
      vertex 244.518 3.14337 36.5
      vertex 247.292 1.72774 36.5
    endloop
  endfacet
  facet normal 0 0 1
    outer loop
      vertex 247.292 1.72774 36.5
      vertex 244.518 3.14337 36.5
      vertex 245.859 0.458176 36.5
    endloop
  endfacet
  facet normal 0 0 1
    outer loop
      vertex 244.518 3.14337 36.5
      vertex 244 0 36.5
      vertex 245.859 0.458176 36.5
    endloop
  endfacet
  facet normal -0 0 1
    outer loop
      vertex 242.75 2.5 36.5
      vertex 244 0 36.5
      vertex 244.518 3.14337 36.5
    endloop
  endfacet
  facet normal 0 0 1
    outer loop
      vertex 204 0 36.5
      vertex 242.75 2.5 36.5
      vertex 204 2.5 36.5
    endloop
  endfacet
  facet normal 0 0 1
    outer loop
      vertex 242.75 2.5 36.5
      vertex 204 0 36.5
      vertex 244 0 36.5
    endloop
  endfacet
  facet normal 0 0 1
    outer loop
      vertex 20 150 36.5
      vertex 5.25 147.5 36.5
      vertex 20 147.5 36.5
    endloop
  endfacet
  facet normal -0 0 1
    outer loop
      vertex 4 150 36.5
      vertex 5.25 147.5 36.5
      vertex 20 150 36.5
    endloop
  endfacet
  facet normal 0 0 1
    outer loop
      vertex 4 150 36.5
      vertex 3.48233 146.857 36.5
      vertex 5.25 147.5 36.5
    endloop
  endfacet
  facet normal -0 0 1
    outer loop
      vertex 2.14111 149.542 36.5
      vertex 3.48233 146.857 36.5
      vertex 4 150 36.5
    endloop
  endfacet
  facet normal -0 0 1
    outer loop
      vertex 0.708069 148.272 36.5
      vertex 3.48233 146.857 36.5
      vertex 2.14111 149.542 36.5
    endloop
  endfacet
  facet normal 0 0 1
    outer loop
      vertex 0 146 36.5
      vertex 3.48233 146.857 36.5
      vertex 0.708069 148.272 36.5
    endloop
  endfacet
  facet normal 0 0 1
    outer loop
      vertex 3.48233 146.857 36.5
      vertex 0 146 36.5
      vertex 2.5 144.75 36.5
    endloop
  endfacet
  facet normal 0 0 1
    outer loop
      vertex 0 117 36.5
      vertex 2.5 144.75 36.5
      vertex 0 146 36.5
    endloop
  endfacet
  facet normal 0 0 1
    outer loop
      vertex 2.5 144.75 36.5
      vertex 0 117 36.5
      vertex 2.5 117 36.5
    endloop
  endfacet
  facet normal -0 0 1
    outer loop
      vertex 0 15 36.5
      vertex 2.5 5.25 36.5
      vertex 2.5 15 36.5
    endloop
  endfacet
  facet normal 0 -0 1
    outer loop
      vertex 0.458176 2.14111 36.5
      vertex 2.5 5.25 36.5
      vertex 0 4 36.5
    endloop
  endfacet
  facet normal 0 0 1
    outer loop
      vertex 2.5 5.25 36.5
      vertex 0 15 36.5
      vertex 0 4 36.5
    endloop
  endfacet
  facet normal 0 0 1
    outer loop
      vertex 2.5 5.25 36.5
      vertex 0.458176 2.14111 36.5
      vertex 1.72774 0.708069 36.5
    endloop
  endfacet
  facet normal -0 0 1
    outer loop
      vertex 5.25 2.5 36.5
      vertex 20 0 36.5
      vertex 20 2.5 36.5
    endloop
  endfacet
  facet normal 0 0 1
    outer loop
      vertex 5.25 2.5 36.5
      vertex 4 0 36.5
      vertex 20 0 36.5
    endloop
  endfacet
  facet normal 0 0 1
    outer loop
      vertex 3.14337 3.48233 36.5
      vertex 4 0 36.5
      vertex 5.25 2.5 36.5
    endloop
  endfacet
  facet normal 0 0 1
    outer loop
      vertex 1.72774 0.708069 36.5
      vertex 3.14337 3.48233 36.5
      vertex 2.5 5.25 36.5
    endloop
  endfacet
  facet normal 0 0 1
    outer loop
      vertex 3.14337 3.48233 36.5
      vertex 1.72774 0.708069 36.5
      vertex 4 0 36.5
    endloop
  endfacet
  facet normal 0 0 1
    outer loop
      vertex 248 146 36.5
      vertex 244.857 146.518 36.5
      vertex 245.5 144.75 36.5
    endloop
  endfacet
  facet normal 0 0 1
    outer loop
      vertex 244 150 36.5
      vertex 244.857 146.518 36.5
      vertex 246.272 149.292 36.5
    endloop
  endfacet
  facet normal 0 0 1
    outer loop
      vertex 244 150 36.5
      vertex 242.75 147.5 36.5
      vertex 244.857 146.518 36.5
    endloop
  endfacet
  facet normal -0 0 1
    outer loop
      vertex 204 150 36.5
      vertex 242.75 147.5 36.5
      vertex 244 150 36.5
    endloop
  endfacet
  facet normal 0 0 1
    outer loop
      vertex 242.75 147.5 36.5
      vertex 204 150 36.5
      vertex 204 147.5 36.5
    endloop
  endfacet
  facet normal -0 0 1
    outer loop
      vertex 244.857 146.518 36.5
      vertex 248 146 36.5
      vertex 247.542 147.859 36.5
    endloop
  endfacet
  facet normal 0 0 1
    outer loop
      vertex 244.857 146.518 36.5
      vertex 247.542 147.859 36.5
      vertex 246.272 149.292 36.5
    endloop
  endfacet
  facet normal 0 0 1
    outer loop
      vertex 248 146 36.5
      vertex 245.5 144.75 36.5
      vertex 248 117 36.5
    endloop
  endfacet
  facet normal 0 0 1
    outer loop
      vertex 248 117 36.5
      vertex 245.5 144.75 36.5
      vertex 245.5 117 36.5
    endloop
  endfacet
  facet normal -0 0 1
    outer loop
      vertex 0 95 36.5
      vertex 2.5 77 36.5
      vertex 2.5 95 36.5
    endloop
  endfacet
  facet normal 0 0 1
    outer loop
      vertex 2.5 77 36.5
      vertex 0 95 36.5
      vertex 0 77 36.5
    endloop
  endfacet
  facet normal -0 0 1
    outer loop
      vertex 0 115 36.5
      vertex 2.5 97 36.5
      vertex 2.5 115 36.5
    endloop
  endfacet
  facet normal 0 0 1
    outer loop
      vertex 2.5 97 36.5
      vertex 0 115 36.5
      vertex 0 97 36.5
    endloop
  endfacet
  facet normal -0 0 1
    outer loop
      vertex 0 55 36.5
      vertex 2.5 37 36.5
      vertex 2.5 55 36.5
    endloop
  endfacet
  facet normal 0 0 1
    outer loop
      vertex 2.5 37 36.5
      vertex 0 55 36.5
      vertex 0 37 36.5
    endloop
  endfacet
  facet normal -0 0 1
    outer loop
      vertex 0 75 36.5
      vertex 2.5 57 36.5
      vertex 2.5 75 36.5
    endloop
  endfacet
  facet normal 0 0 1
    outer loop
      vertex 2.5 57 36.5
      vertex 0 75 36.5
      vertex 0 57 36.5
    endloop
  endfacet
  facet normal -0 0 1
    outer loop
      vertex 0 35 36.5
      vertex 2.5 17 36.5
      vertex 2.5 35 36.5
    endloop
  endfacet
  facet normal 0 0 1
    outer loop
      vertex 2.5 17 36.5
      vertex 0 35 36.5
      vertex 0 17 36.5
    endloop
  endfacet
  facet normal -0 0 1
    outer loop
      vertex 22 2.5 36.5
      vertex 46 0 36.5
      vertex 46 2.5 36.5
    endloop
  endfacet
  facet normal 0 0 1
    outer loop
      vertex 46 0 36.5
      vertex 22 2.5 36.5
      vertex 22 0 36.5
    endloop
  endfacet
  facet normal -0 0 1
    outer loop
      vertex 48 2.5 36.5
      vertex 72 0 36.5
      vertex 72 2.5 36.5
    endloop
  endfacet
  facet normal 0 0 1
    outer loop
      vertex 72 0 36.5
      vertex 48 2.5 36.5
      vertex 48 0 36.5
    endloop
  endfacet
  facet normal -0 0 1
    outer loop
      vertex 74 2.5 36.5
      vertex 98 0 36.5
      vertex 98 2.5 36.5
    endloop
  endfacet
  facet normal 0 0 1
    outer loop
      vertex 98 0 36.5
      vertex 74 2.5 36.5
      vertex 74 0 36.5
    endloop
  endfacet
  facet normal -0 0 1
    outer loop
      vertex 100 2.5 36.5
      vertex 124 0 36.5
      vertex 124 2.5 36.5
    endloop
  endfacet
  facet normal 0 0 1
    outer loop
      vertex 124 0 36.5
      vertex 100 2.5 36.5
      vertex 100 0 36.5
    endloop
  endfacet
  facet normal -0 0 1
    outer loop
      vertex 126 2.5 36.5
      vertex 150 0 36.5
      vertex 150 2.5 36.5
    endloop
  endfacet
  facet normal 0 0 1
    outer loop
      vertex 150 0 36.5
      vertex 126 2.5 36.5
      vertex 126 0 36.5
    endloop
  endfacet
  facet normal -0 0 1
    outer loop
      vertex 152 2.5 36.5
      vertex 176 0 36.5
      vertex 176 2.5 36.5
    endloop
  endfacet
  facet normal 0 0 1
    outer loop
      vertex 176 0 36.5
      vertex 152 2.5 36.5
      vertex 152 0 36.5
    endloop
  endfacet
  facet normal -0 0 1
    outer loop
      vertex 178 2.5 36.5
      vertex 202 0 36.5
      vertex 202 2.5 36.5
    endloop
  endfacet
  facet normal 0 0 1
    outer loop
      vertex 202 0 36.5
      vertex 178 2.5 36.5
      vertex 178 0 36.5
    endloop
  endfacet
  facet normal -0 0 1
    outer loop
      vertex 22 150 36.5
      vertex 46 147.5 36.5
      vertex 46 150 36.5
    endloop
  endfacet
  facet normal 0 0 1
    outer loop
      vertex 46 147.5 36.5
      vertex 22 150 36.5
      vertex 22 147.5 36.5
    endloop
  endfacet
  facet normal -0 0 1
    outer loop
      vertex 48 150 36.5
      vertex 72 147.5 36.5
      vertex 72 150 36.5
    endloop
  endfacet
  facet normal 0 0 1
    outer loop
      vertex 72 147.5 36.5
      vertex 48 150 36.5
      vertex 48 147.5 36.5
    endloop
  endfacet
  facet normal -0 0 1
    outer loop
      vertex 74 150 36.5
      vertex 98 147.5 36.5
      vertex 98 150 36.5
    endloop
  endfacet
  facet normal 0 0 1
    outer loop
      vertex 98 147.5 36.5
      vertex 74 150 36.5
      vertex 74 147.5 36.5
    endloop
  endfacet
  facet normal -0 0 1
    outer loop
      vertex 100 150 36.5
      vertex 124 147.5 36.5
      vertex 124 150 36.5
    endloop
  endfacet
  facet normal 0 0 1
    outer loop
      vertex 124 147.5 36.5
      vertex 100 150 36.5
      vertex 100 147.5 36.5
    endloop
  endfacet
  facet normal -0 0 1
    outer loop
      vertex 126 150 36.5
      vertex 150 147.5 36.5
      vertex 150 150 36.5
    endloop
  endfacet
  facet normal 0 0 1
    outer loop
      vertex 150 147.5 36.5
      vertex 126 150 36.5
      vertex 126 147.5 36.5
    endloop
  endfacet
  facet normal -0 0 1
    outer loop
      vertex 152 150 36.5
      vertex 176 147.5 36.5
      vertex 176 150 36.5
    endloop
  endfacet
  facet normal 0 0 1
    outer loop
      vertex 176 147.5 36.5
      vertex 152 150 36.5
      vertex 152 147.5 36.5
    endloop
  endfacet
  facet normal -0 0 1
    outer loop
      vertex 178 150 36.5
      vertex 202 147.5 36.5
      vertex 202 150 36.5
    endloop
  endfacet
  facet normal 0 0 1
    outer loop
      vertex 202 147.5 36.5
      vertex 178 150 36.5
      vertex 178 147.5 36.5
    endloop
  endfacet
  facet normal -0 0 1
    outer loop
      vertex 245.5 95 36.5
      vertex 248 77 36.5
      vertex 248 95 36.5
    endloop
  endfacet
  facet normal 0 0 1
    outer loop
      vertex 248 77 36.5
      vertex 245.5 95 36.5
      vertex 245.5 77 36.5
    endloop
  endfacet
  facet normal -0 0 1
    outer loop
      vertex 245.5 115 36.5
      vertex 248 97 36.5
      vertex 248 115 36.5
    endloop
  endfacet
  facet normal 0 0 1
    outer loop
      vertex 248 97 36.5
      vertex 245.5 115 36.5
      vertex 245.5 97 36.5
    endloop
  endfacet
  facet normal -0 0 1
    outer loop
      vertex 245.5 55 36.5
      vertex 248 37 36.5
      vertex 248 55 36.5
    endloop
  endfacet
  facet normal 0 0 1
    outer loop
      vertex 248 37 36.5
      vertex 245.5 55 36.5
      vertex 245.5 37 36.5
    endloop
  endfacet
  facet normal -0 0 1
    outer loop
      vertex 245.5 75 36.5
      vertex 248 57 36.5
      vertex 248 75 36.5
    endloop
  endfacet
  facet normal 0 0 1
    outer loop
      vertex 248 57 36.5
      vertex 245.5 75 36.5
      vertex 245.5 57 36.5
    endloop
  endfacet
  facet normal -0 0 1
    outer loop
      vertex 245.5 35 36.5
      vertex 248 17 36.5
      vertex 248 35 36.5
    endloop
  endfacet
  facet normal 0 0 1
    outer loop
      vertex 248 17 36.5
      vertex 245.5 35 36.5
      vertex 245.5 17 36.5
    endloop
  endfacet
  facet normal 1 -0 0
    outer loop
      vertex 18.5 0 24.5
      vertex 18.5 2.5 10.5
      vertex 18.5 2.5 24.5
    endloop
  endfacet
  facet normal 1 0 0
    outer loop
      vertex 18.5 2.5 10.5
      vertex 18.5 0 24.5
      vertex 18.5 0 10.5
    endloop
  endfacet
  facet normal 0 0 -1
    outer loop
      vertex 18.5 0 24.5
      vertex 46.5 2.5 24.5
      vertex 46.5 0 24.5
    endloop
  endfacet
  facet normal -0 0 -1
    outer loop
      vertex 46.5 2.5 24.5
      vertex 18.5 0 24.5
      vertex 18.5 2.5 24.5
    endloop
  endfacet
  facet normal -1 0 0
    outer loop
      vertex 46.5 0 10.5
      vertex 46.5 2.5 24.5
      vertex 46.5 2.5 10.5
    endloop
  endfacet
  facet normal -1 -0 0
    outer loop
      vertex 46.5 2.5 24.5
      vertex 46.5 0 10.5
      vertex 46.5 0 24.5
    endloop
  endfacet
  facet normal -0 0 1
    outer loop
      vertex 18.5 2.5 10.5
      vertex 46.5 0 10.5
      vertex 46.5 2.5 10.5
    endloop
  endfacet
  facet normal 0 0 1
    outer loop
      vertex 46.5 0 10.5
      vertex 18.5 2.5 10.5
      vertex 18.5 0 10.5
    endloop
  endfacet
  facet normal 1 -0 0
    outer loop
      vertex 56.5 0 24.5
      vertex 56.5 2.5 10.5
      vertex 56.5 2.5 24.5
    endloop
  endfacet
  facet normal 1 0 0
    outer loop
      vertex 56.5 2.5 10.5
      vertex 56.5 0 24.5
      vertex 56.5 0 10.5
    endloop
  endfacet
  facet normal 0 0 -1
    outer loop
      vertex 56.5 0 24.5
      vertex 84.5 2.5 24.5
      vertex 84.5 0 24.5
    endloop
  endfacet
  facet normal -0 0 -1
    outer loop
      vertex 84.5 2.5 24.5
      vertex 56.5 0 24.5
      vertex 56.5 2.5 24.5
    endloop
  endfacet
  facet normal -1 0 0
    outer loop
      vertex 84.5 0 10.5
      vertex 84.5 2.5 24.5
      vertex 84.5 2.5 10.5
    endloop
  endfacet
  facet normal -1 -0 0
    outer loop
      vertex 84.5 2.5 24.5
      vertex 84.5 0 10.5
      vertex 84.5 0 24.5
    endloop
  endfacet
  facet normal -0 0 1
    outer loop
      vertex 56.5 2.5 10.5
      vertex 84.5 0 10.5
      vertex 84.5 2.5 10.5
    endloop
  endfacet
  facet normal 0 0 1
    outer loop
      vertex 84.5 0 10.5
      vertex 56.5 2.5 10.5
      vertex 56.5 0 10.5
    endloop
  endfacet
  facet normal 1 -0 0
    outer loop
      vertex 94.5 0 24.5
      vertex 94.5 2.5 10.5
      vertex 94.5 2.5 24.5
    endloop
  endfacet
  facet normal 1 0 0
    outer loop
      vertex 94.5 2.5 10.5
      vertex 94.5 0 24.5
      vertex 94.5 0 10.5
    endloop
  endfacet
  facet normal 0 0 -1
    outer loop
      vertex 94.5 0 24.5
      vertex 122.5 2.5 24.5
      vertex 122.5 0 24.5
    endloop
  endfacet
  facet normal -0 0 -1
    outer loop
      vertex 122.5 2.5 24.5
      vertex 94.5 0 24.5
      vertex 94.5 2.5 24.5
    endloop
  endfacet
  facet normal -1 0 0
    outer loop
      vertex 122.5 0 10.5
      vertex 122.5 2.5 24.5
      vertex 122.5 2.5 10.5
    endloop
  endfacet
  facet normal -1 -0 0
    outer loop
      vertex 122.5 2.5 24.5
      vertex 122.5 0 10.5
      vertex 122.5 0 24.5
    endloop
  endfacet
  facet normal -0 0 1
    outer loop
      vertex 94.5 2.5 10.5
      vertex 122.5 0 10.5
      vertex 122.5 2.5 10.5
    endloop
  endfacet
  facet normal 0 0 1
    outer loop
      vertex 122.5 0 10.5
      vertex 94.5 2.5 10.5
      vertex 94.5 0 10.5
    endloop
  endfacet
  facet normal 1 -0 0
    outer loop
      vertex 132.5 0 24.5
      vertex 132.5 2.5 10.5
      vertex 132.5 2.5 24.5
    endloop
  endfacet
  facet normal 1 0 0
    outer loop
      vertex 132.5 2.5 10.5
      vertex 132.5 0 24.5
      vertex 132.5 0 10.5
    endloop
  endfacet
  facet normal 0 0 -1
    outer loop
      vertex 132.5 0 24.5
      vertex 160.5 2.5 24.5
      vertex 160.5 0 24.5
    endloop
  endfacet
  facet normal -0 0 -1
    outer loop
      vertex 160.5 2.5 24.5
      vertex 132.5 0 24.5
      vertex 132.5 2.5 24.5
    endloop
  endfacet
  facet normal -1 0 0
    outer loop
      vertex 160.5 0 10.5
      vertex 160.5 2.5 24.5
      vertex 160.5 2.5 10.5
    endloop
  endfacet
  facet normal -1 -0 0
    outer loop
      vertex 160.5 2.5 24.5
      vertex 160.5 0 10.5
      vertex 160.5 0 24.5
    endloop
  endfacet
  facet normal -0 0 1
    outer loop
      vertex 132.5 2.5 10.5
      vertex 160.5 0 10.5
      vertex 160.5 2.5 10.5
    endloop
  endfacet
  facet normal 0 0 1
    outer loop
      vertex 160.5 0 10.5
      vertex 132.5 2.5 10.5
      vertex 132.5 0 10.5
    endloop
  endfacet
  facet normal 0 0 -1
    outer loop
      vertex 245.5 12.5 24.5
      vertex 248 30.5 24.5
      vertex 248 12.5 24.5
    endloop
  endfacet
  facet normal -0 0 -1
    outer loop
      vertex 248 30.5 24.5
      vertex 245.5 12.5 24.5
      vertex 245.5 30.5 24.5
    endloop
  endfacet
  facet normal 0 -1 0
    outer loop
      vertex 245.5 30.5 10.5
      vertex 248 30.5 24.5
      vertex 245.5 30.5 24.5
    endloop
  endfacet
  facet normal 0 -1 -0
    outer loop
      vertex 248 30.5 24.5
      vertex 245.5 30.5 10.5
      vertex 248 30.5 10.5
    endloop
  endfacet
  facet normal -0 0 1
    outer loop
      vertex 245.5 30.5 10.5
      vertex 248 12.5 10.5
      vertex 248 30.5 10.5
    endloop
  endfacet
  facet normal 0 0 1
    outer loop
      vertex 248 12.5 10.5
      vertex 245.5 30.5 10.5
      vertex 245.5 12.5 10.5
    endloop
  endfacet
  facet normal 0 1 -0
    outer loop
      vertex 248 12.5 10.5
      vertex 245.5 12.5 24.5
      vertex 248 12.5 24.5
    endloop
  endfacet
  facet normal 0 1 0
    outer loop
      vertex 245.5 12.5 24.5
      vertex 248 12.5 10.5
      vertex 245.5 12.5 10.5
    endloop
  endfacet
  facet normal 0 0 -1
    outer loop
      vertex 245.5 116.5 24.5
      vertex 248 138.5 24.5
      vertex 248 116.5 24.5
    endloop
  endfacet
  facet normal -0 0 -1
    outer loop
      vertex 248 138.5 24.5
      vertex 245.5 116.5 24.5
      vertex 245.5 138.5 24.5
    endloop
  endfacet
  facet normal 0 -1 0
    outer loop
      vertex 245.5 138.5 10.5
      vertex 248 138.5 24.5
      vertex 245.5 138.5 24.5
    endloop
  endfacet
  facet normal 0 -1 -0
    outer loop
      vertex 248 138.5 24.5
      vertex 245.5 138.5 10.5
      vertex 248 138.5 10.5
    endloop
  endfacet
  facet normal -0 0 1
    outer loop
      vertex 245.5 138.5 10.5
      vertex 248 116.5 10.5
      vertex 248 138.5 10.5
    endloop
  endfacet
  facet normal 0 0 1
    outer loop
      vertex 248 116.5 10.5
      vertex 245.5 138.5 10.5
      vertex 245.5 116.5 10.5
    endloop
  endfacet
  facet normal 0 1 -0
    outer loop
      vertex 248 116.5 10.5
      vertex 245.5 116.5 24.5
      vertex 248 116.5 24.5
    endloop
  endfacet
  facet normal 0 1 0
    outer loop
      vertex 245.5 116.5 24.5
      vertex 248 116.5 10.5
      vertex 245.5 116.5 10.5
    endloop
  endfacet
  facet normal 1 -0 0
    outer loop
      vertex 20 0 36.5
      vertex 20 2.5 30.5
      vertex 20 2.5 36.5
    endloop
  endfacet
  facet normal 1 0 0
    outer loop
      vertex 20 2.5 30.5
      vertex 20 0 36.5
      vertex 20 0 30.5
    endloop
  endfacet
  facet normal -1 0 0
    outer loop
      vertex 22 0 30.5
      vertex 22 2.5 36.5
      vertex 22 2.5 30.5
    endloop
  endfacet
  facet normal -1 -0 0
    outer loop
      vertex 22 2.5 36.5
      vertex 22 0 30.5
      vertex 22 0 36.5
    endloop
  endfacet
  facet normal -0 0 1
    outer loop
      vertex 20 2.5 30.5
      vertex 22 0 30.5
      vertex 22 2.5 30.5
    endloop
  endfacet
  facet normal 0 0 1
    outer loop
      vertex 22 0 30.5
      vertex 20 2.5 30.5
      vertex 20 0 30.5
    endloop
  endfacet
  facet normal 1 -0 0
    outer loop
      vertex 20 147.5 36.5
      vertex 20 150 30.5
      vertex 20 150 36.5
    endloop
  endfacet
  facet normal 1 0 0
    outer loop
      vertex 20 150 30.5
      vertex 20 147.5 36.5
      vertex 20 147.5 30.5
    endloop
  endfacet
  facet normal -1 0 0
    outer loop
      vertex 22 147.5 30.5
      vertex 22 150 36.5
      vertex 22 150 30.5
    endloop
  endfacet
  facet normal -1 -0 0
    outer loop
      vertex 22 150 36.5
      vertex 22 147.5 30.5
      vertex 22 147.5 36.5
    endloop
  endfacet
  facet normal -0 0 1
    outer loop
      vertex 20 150 30.5
      vertex 22 147.5 30.5
      vertex 22 150 30.5
    endloop
  endfacet
  facet normal 0 0 1
    outer loop
      vertex 22 147.5 30.5
      vertex 20 150 30.5
      vertex 20 147.5 30.5
    endloop
  endfacet
  facet normal 1 -0 0
    outer loop
      vertex 46 0 36.5
      vertex 46 2.5 30.5
      vertex 46 2.5 36.5
    endloop
  endfacet
  facet normal 1 0 0
    outer loop
      vertex 46 2.5 30.5
      vertex 46 0 36.5
      vertex 46 0 30.5
    endloop
  endfacet
  facet normal -1 0 0
    outer loop
      vertex 48 0 30.5
      vertex 48 2.5 36.5
      vertex 48 2.5 30.5
    endloop
  endfacet
  facet normal -1 -0 0
    outer loop
      vertex 48 2.5 36.5
      vertex 48 0 30.5
      vertex 48 0 36.5
    endloop
  endfacet
  facet normal -0 0 1
    outer loop
      vertex 46 2.5 30.5
      vertex 48 0 30.5
      vertex 48 2.5 30.5
    endloop
  endfacet
  facet normal 0 0 1
    outer loop
      vertex 48 0 30.5
      vertex 46 2.5 30.5
      vertex 46 0 30.5
    endloop
  endfacet
  facet normal 1 -0 0
    outer loop
      vertex 46 147.5 36.5
      vertex 46 150 30.5
      vertex 46 150 36.5
    endloop
  endfacet
  facet normal 1 0 0
    outer loop
      vertex 46 150 30.5
      vertex 46 147.5 36.5
      vertex 46 147.5 30.5
    endloop
  endfacet
  facet normal -1 0 0
    outer loop
      vertex 48 147.5 30.5
      vertex 48 150 36.5
      vertex 48 150 30.5
    endloop
  endfacet
  facet normal -1 -0 0
    outer loop
      vertex 48 150 36.5
      vertex 48 147.5 30.5
      vertex 48 147.5 36.5
    endloop
  endfacet
  facet normal -0 0 1
    outer loop
      vertex 46 150 30.5
      vertex 48 147.5 30.5
      vertex 48 150 30.5
    endloop
  endfacet
  facet normal 0 0 1
    outer loop
      vertex 48 147.5 30.5
      vertex 46 150 30.5
      vertex 46 147.5 30.5
    endloop
  endfacet
  facet normal 1 -0 0
    outer loop
      vertex 72 0 36.5
      vertex 72 2.5 30.5
      vertex 72 2.5 36.5
    endloop
  endfacet
  facet normal 1 0 0
    outer loop
      vertex 72 2.5 30.5
      vertex 72 0 36.5
      vertex 72 0 30.5
    endloop
  endfacet
  facet normal -1 0 0
    outer loop
      vertex 74 0 30.5
      vertex 74 2.5 36.5
      vertex 74 2.5 30.5
    endloop
  endfacet
  facet normal -1 -0 0
    outer loop
      vertex 74 2.5 36.5
      vertex 74 0 30.5
      vertex 74 0 36.5
    endloop
  endfacet
  facet normal -0 0 1
    outer loop
      vertex 72 2.5 30.5
      vertex 74 0 30.5
      vertex 74 2.5 30.5
    endloop
  endfacet
  facet normal 0 0 1
    outer loop
      vertex 74 0 30.5
      vertex 72 2.5 30.5
      vertex 72 0 30.5
    endloop
  endfacet
  facet normal 1 -0 0
    outer loop
      vertex 72 147.5 36.5
      vertex 72 150 30.5
      vertex 72 150 36.5
    endloop
  endfacet
  facet normal 1 0 0
    outer loop
      vertex 72 150 30.5
      vertex 72 147.5 36.5
      vertex 72 147.5 30.5
    endloop
  endfacet
  facet normal -1 0 0
    outer loop
      vertex 74 147.5 30.5
      vertex 74 150 36.5
      vertex 74 150 30.5
    endloop
  endfacet
  facet normal -1 -0 0
    outer loop
      vertex 74 150 36.5
      vertex 74 147.5 30.5
      vertex 74 147.5 36.5
    endloop
  endfacet
  facet normal -0 0 1
    outer loop
      vertex 72 150 30.5
      vertex 74 147.5 30.5
      vertex 74 150 30.5
    endloop
  endfacet
  facet normal 0 0 1
    outer loop
      vertex 74 147.5 30.5
      vertex 72 150 30.5
      vertex 72 147.5 30.5
    endloop
  endfacet
  facet normal 1 -0 0
    outer loop
      vertex 98 0 36.5
      vertex 98 2.5 30.5
      vertex 98 2.5 36.5
    endloop
  endfacet
  facet normal 1 0 0
    outer loop
      vertex 98 2.5 30.5
      vertex 98 0 36.5
      vertex 98 0 30.5
    endloop
  endfacet
  facet normal -1 0 0
    outer loop
      vertex 100 0 30.5
      vertex 100 2.5 36.5
      vertex 100 2.5 30.5
    endloop
  endfacet
  facet normal -1 -0 0
    outer loop
      vertex 100 2.5 36.5
      vertex 100 0 30.5
      vertex 100 0 36.5
    endloop
  endfacet
  facet normal -0 0 1
    outer loop
      vertex 98 2.5 30.5
      vertex 100 0 30.5
      vertex 100 2.5 30.5
    endloop
  endfacet
  facet normal 0 0 1
    outer loop
      vertex 100 0 30.5
      vertex 98 2.5 30.5
      vertex 98 0 30.5
    endloop
  endfacet
  facet normal 1 -0 0
    outer loop
      vertex 98 147.5 36.5
      vertex 98 150 30.5
      vertex 98 150 36.5
    endloop
  endfacet
  facet normal 1 0 0
    outer loop
      vertex 98 150 30.5
      vertex 98 147.5 36.5
      vertex 98 147.5 30.5
    endloop
  endfacet
  facet normal -1 0 0
    outer loop
      vertex 100 147.5 30.5
      vertex 100 150 36.5
      vertex 100 150 30.5
    endloop
  endfacet
  facet normal -1 -0 0
    outer loop
      vertex 100 150 36.5
      vertex 100 147.5 30.5
      vertex 100 147.5 36.5
    endloop
  endfacet
  facet normal -0 0 1
    outer loop
      vertex 98 150 30.5
      vertex 100 147.5 30.5
      vertex 100 150 30.5
    endloop
  endfacet
  facet normal 0 0 1
    outer loop
      vertex 100 147.5 30.5
      vertex 98 150 30.5
      vertex 98 147.5 30.5
    endloop
  endfacet
  facet normal 1 -0 0
    outer loop
      vertex 124 0 36.5
      vertex 124 2.5 30.5
      vertex 124 2.5 36.5
    endloop
  endfacet
  facet normal 1 0 0
    outer loop
      vertex 124 2.5 30.5
      vertex 124 0 36.5
      vertex 124 0 30.5
    endloop
  endfacet
  facet normal -1 0 0
    outer loop
      vertex 126 0 30.5
      vertex 126 2.5 36.5
      vertex 126 2.5 30.5
    endloop
  endfacet
  facet normal -1 -0 0
    outer loop
      vertex 126 2.5 36.5
      vertex 126 0 30.5
      vertex 126 0 36.5
    endloop
  endfacet
  facet normal -0 0 1
    outer loop
      vertex 124 2.5 30.5
      vertex 126 0 30.5
      vertex 126 2.5 30.5
    endloop
  endfacet
  facet normal 0 0 1
    outer loop
      vertex 126 0 30.5
      vertex 124 2.5 30.5
      vertex 124 0 30.5
    endloop
  endfacet
  facet normal 1 -0 0
    outer loop
      vertex 124 147.5 36.5
      vertex 124 150 30.5
      vertex 124 150 36.5
    endloop
  endfacet
  facet normal 1 0 0
    outer loop
      vertex 124 150 30.5
      vertex 124 147.5 36.5
      vertex 124 147.5 30.5
    endloop
  endfacet
  facet normal -1 0 0
    outer loop
      vertex 126 147.5 30.5
      vertex 126 150 36.5
      vertex 126 150 30.5
    endloop
  endfacet
  facet normal -1 -0 0
    outer loop
      vertex 126 150 36.5
      vertex 126 147.5 30.5
      vertex 126 147.5 36.5
    endloop
  endfacet
  facet normal -0 0 1
    outer loop
      vertex 124 150 30.5
      vertex 126 147.5 30.5
      vertex 126 150 30.5
    endloop
  endfacet
  facet normal 0 0 1
    outer loop
      vertex 126 147.5 30.5
      vertex 124 150 30.5
      vertex 124 147.5 30.5
    endloop
  endfacet
  facet normal 1 -0 0
    outer loop
      vertex 150 0 36.5
      vertex 150 2.5 30.5
      vertex 150 2.5 36.5
    endloop
  endfacet
  facet normal 1 0 0
    outer loop
      vertex 150 2.5 30.5
      vertex 150 0 36.5
      vertex 150 0 30.5
    endloop
  endfacet
  facet normal -1 0 0
    outer loop
      vertex 152 0 30.5
      vertex 152 2.5 36.5
      vertex 152 2.5 30.5
    endloop
  endfacet
  facet normal -1 -0 0
    outer loop
      vertex 152 2.5 36.5
      vertex 152 0 30.5
      vertex 152 0 36.5
    endloop
  endfacet
  facet normal -0 0 1
    outer loop
      vertex 150 2.5 30.5
      vertex 152 0 30.5
      vertex 152 2.5 30.5
    endloop
  endfacet
  facet normal 0 0 1
    outer loop
      vertex 152 0 30.5
      vertex 150 2.5 30.5
      vertex 150 0 30.5
    endloop
  endfacet
  facet normal 1 -0 0
    outer loop
      vertex 150 147.5 36.5
      vertex 150 150 30.5
      vertex 150 150 36.5
    endloop
  endfacet
  facet normal 1 0 0
    outer loop
      vertex 150 150 30.5
      vertex 150 147.5 36.5
      vertex 150 147.5 30.5
    endloop
  endfacet
  facet normal -1 0 0
    outer loop
      vertex 152 147.5 30.5
      vertex 152 150 36.5
      vertex 152 150 30.5
    endloop
  endfacet
  facet normal -1 -0 0
    outer loop
      vertex 152 150 36.5
      vertex 152 147.5 30.5
      vertex 152 147.5 36.5
    endloop
  endfacet
  facet normal -0 0 1
    outer loop
      vertex 150 150 30.5
      vertex 152 147.5 30.5
      vertex 152 150 30.5
    endloop
  endfacet
  facet normal 0 0 1
    outer loop
      vertex 152 147.5 30.5
      vertex 150 150 30.5
      vertex 150 147.5 30.5
    endloop
  endfacet
  facet normal 1 -0 0
    outer loop
      vertex 176 0 36.5
      vertex 176 2.5 30.5
      vertex 176 2.5 36.5
    endloop
  endfacet
  facet normal 1 0 0
    outer loop
      vertex 176 2.5 30.5
      vertex 176 0 36.5
      vertex 176 0 30.5
    endloop
  endfacet
  facet normal -1 0 0
    outer loop
      vertex 178 0 30.5
      vertex 178 2.5 36.5
      vertex 178 2.5 30.5
    endloop
  endfacet
  facet normal -1 -0 0
    outer loop
      vertex 178 2.5 36.5
      vertex 178 0 30.5
      vertex 178 0 36.5
    endloop
  endfacet
  facet normal -0 0 1
    outer loop
      vertex 176 2.5 30.5
      vertex 178 0 30.5
      vertex 178 2.5 30.5
    endloop
  endfacet
  facet normal 0 0 1
    outer loop
      vertex 178 0 30.5
      vertex 176 2.5 30.5
      vertex 176 0 30.5
    endloop
  endfacet
  facet normal 1 -0 0
    outer loop
      vertex 176 147.5 36.5
      vertex 176 150 30.5
      vertex 176 150 36.5
    endloop
  endfacet
  facet normal 1 0 0
    outer loop
      vertex 176 150 30.5
      vertex 176 147.5 36.5
      vertex 176 147.5 30.5
    endloop
  endfacet
  facet normal -1 0 0
    outer loop
      vertex 178 147.5 30.5
      vertex 178 150 36.5
      vertex 178 150 30.5
    endloop
  endfacet
  facet normal -1 -0 0
    outer loop
      vertex 178 150 36.5
      vertex 178 147.5 30.5
      vertex 178 147.5 36.5
    endloop
  endfacet
  facet normal -0 0 1
    outer loop
      vertex 176 150 30.5
      vertex 178 147.5 30.5
      vertex 178 150 30.5
    endloop
  endfacet
  facet normal 0 0 1
    outer loop
      vertex 178 147.5 30.5
      vertex 176 150 30.5
      vertex 176 147.5 30.5
    endloop
  endfacet
  facet normal 1 -0 0
    outer loop
      vertex 202 0 36.5
      vertex 202 2.5 30.5
      vertex 202 2.5 36.5
    endloop
  endfacet
  facet normal 1 0 0
    outer loop
      vertex 202 2.5 30.5
      vertex 202 0 36.5
      vertex 202 0 30.5
    endloop
  endfacet
  facet normal -1 0 0
    outer loop
      vertex 204 0 30.5
      vertex 204 2.5 36.5
      vertex 204 2.5 30.5
    endloop
  endfacet
  facet normal -1 -0 0
    outer loop
      vertex 204 2.5 36.5
      vertex 204 0 30.5
      vertex 204 0 36.5
    endloop
  endfacet
  facet normal -0 0 1
    outer loop
      vertex 202 2.5 30.5
      vertex 204 0 30.5
      vertex 204 2.5 30.5
    endloop
  endfacet
  facet normal 0 0 1
    outer loop
      vertex 204 0 30.5
      vertex 202 2.5 30.5
      vertex 202 0 30.5
    endloop
  endfacet
  facet normal 1 -0 0
    outer loop
      vertex 202 147.5 36.5
      vertex 202 150 30.5
      vertex 202 150 36.5
    endloop
  endfacet
  facet normal 1 0 0
    outer loop
      vertex 202 150 30.5
      vertex 202 147.5 36.5
      vertex 202 147.5 30.5
    endloop
  endfacet
  facet normal -1 0 0
    outer loop
      vertex 204 147.5 30.5
      vertex 204 150 36.5
      vertex 204 150 30.5
    endloop
  endfacet
  facet normal -1 -0 0
    outer loop
      vertex 204 150 36.5
      vertex 204 147.5 30.5
      vertex 204 147.5 36.5
    endloop
  endfacet
  facet normal -0 0 1
    outer loop
      vertex 202 150 30.5
      vertex 204 147.5 30.5
      vertex 204 150 30.5
    endloop
  endfacet
  facet normal 0 0 1
    outer loop
      vertex 204 147.5 30.5
      vertex 202 150 30.5
      vertex 202 147.5 30.5
    endloop
  endfacet
  facet normal -0 0 1
    outer loop
      vertex 0 17 32.5
      vertex 2.5 15 32.5
      vertex 2.5 17 32.5
    endloop
  endfacet
  facet normal 0 0 1
    outer loop
      vertex 2.5 15 32.5
      vertex 0 17 32.5
      vertex 0 15 32.5
    endloop
  endfacet
  facet normal 0 1 -0
    outer loop
      vertex 2.5 15 32.5
      vertex 0 15 36.5
      vertex 2.5 15 36.5
    endloop
  endfacet
  facet normal 0 1 0
    outer loop
      vertex 0 15 36.5
      vertex 2.5 15 32.5
      vertex 0 15 32.5
    endloop
  endfacet
  facet normal 0 -1 0
    outer loop
      vertex 0 17 32.5
      vertex 2.5 17 36.5
      vertex 0 17 36.5
    endloop
  endfacet
  facet normal 0 -1 -0
    outer loop
      vertex 2.5 17 36.5
      vertex 0 17 32.5
      vertex 2.5 17 32.5
    endloop
  endfacet
  facet normal -0 0 1
    outer loop
      vertex 245.5 17 32.5
      vertex 248 15 32.5
      vertex 248 17 32.5
    endloop
  endfacet
  facet normal 0 0 1
    outer loop
      vertex 248 15 32.5
      vertex 245.5 17 32.5
      vertex 245.5 15 32.5
    endloop
  endfacet
  facet normal 0 1 -0
    outer loop
      vertex 248 15 32.5
      vertex 245.5 15 36.5
      vertex 248 15 36.5
    endloop
  endfacet
  facet normal 0 1 0
    outer loop
      vertex 245.5 15 36.5
      vertex 248 15 32.5
      vertex 245.5 15 32.5
    endloop
  endfacet
  facet normal 0 -1 0
    outer loop
      vertex 245.5 17 32.5
      vertex 248 17 36.5
      vertex 245.5 17 36.5
    endloop
  endfacet
  facet normal 0 -1 -0
    outer loop
      vertex 248 17 36.5
      vertex 245.5 17 32.5
      vertex 248 17 32.5
    endloop
  endfacet
  facet normal 0 -1 0
    outer loop
      vertex 0 37 32.5
      vertex 2.5 37 36.5
      vertex 0 37 36.5
    endloop
  endfacet
  facet normal 0 -1 -0
    outer loop
      vertex 2.5 37 36.5
      vertex 0 37 32.5
      vertex 2.5 37 32.5
    endloop
  endfacet
  facet normal -0 0 1
    outer loop
      vertex 0 37 32.5
      vertex 2.5 35 32.5
      vertex 2.5 37 32.5
    endloop
  endfacet
  facet normal 0 0 1
    outer loop
      vertex 2.5 35 32.5
      vertex 0 37 32.5
      vertex 0 35 32.5
    endloop
  endfacet
  facet normal 0 1 -0
    outer loop
      vertex 2.5 35 32.5
      vertex 0 35 36.5
      vertex 2.5 35 36.5
    endloop
  endfacet
  facet normal 0 1 0
    outer loop
      vertex 0 35 36.5
      vertex 2.5 35 32.5
      vertex 0 35 32.5
    endloop
  endfacet
  facet normal -0 0 1
    outer loop
      vertex 245.5 37 32.5
      vertex 248 35 32.5
      vertex 248 37 32.5
    endloop
  endfacet
  facet normal 0 0 1
    outer loop
      vertex 248 35 32.5
      vertex 245.5 37 32.5
      vertex 245.5 35 32.5
    endloop
  endfacet
  facet normal 0 1 -0
    outer loop
      vertex 248 35 32.5
      vertex 245.5 35 36.5
      vertex 248 35 36.5
    endloop
  endfacet
  facet normal 0 1 0
    outer loop
      vertex 245.5 35 36.5
      vertex 248 35 32.5
      vertex 245.5 35 32.5
    endloop
  endfacet
  facet normal 0 -1 0
    outer loop
      vertex 245.5 37 32.5
      vertex 248 37 36.5
      vertex 245.5 37 36.5
    endloop
  endfacet
  facet normal 0 -1 -0
    outer loop
      vertex 248 37 36.5
      vertex 245.5 37 32.5
      vertex 248 37 32.5
    endloop
  endfacet
  facet normal 0 -1 0
    outer loop
      vertex 0 57 32.5
      vertex 2.5 57 36.5
      vertex 0 57 36.5
    endloop
  endfacet
  facet normal 0 -1 -0
    outer loop
      vertex 2.5 57 36.5
      vertex 0 57 32.5
      vertex 2.5 57 32.5
    endloop
  endfacet
  facet normal -0 0 1
    outer loop
      vertex 0 57 32.5
      vertex 2.5 55 32.5
      vertex 2.5 57 32.5
    endloop
  endfacet
  facet normal 0 0 1
    outer loop
      vertex 2.5 55 32.5
      vertex 0 57 32.5
      vertex 0 55 32.5
    endloop
  endfacet
  facet normal 0 1 -0
    outer loop
      vertex 2.5 55 32.5
      vertex 0 55 36.5
      vertex 2.5 55 36.5
    endloop
  endfacet
  facet normal 0 1 0
    outer loop
      vertex 0 55 36.5
      vertex 2.5 55 32.5
      vertex 0 55 32.5
    endloop
  endfacet
  facet normal 0 -1 0
    outer loop
      vertex 245.5 57 32.5
      vertex 248 57 36.5
      vertex 245.5 57 36.5
    endloop
  endfacet
  facet normal 0 -1 -0
    outer loop
      vertex 248 57 36.5
      vertex 245.5 57 32.5
      vertex 248 57 32.5
    endloop
  endfacet
  facet normal -0 0 1
    outer loop
      vertex 245.5 57 32.5
      vertex 248 55 32.5
      vertex 248 57 32.5
    endloop
  endfacet
  facet normal 0 0 1
    outer loop
      vertex 248 55 32.5
      vertex 245.5 57 32.5
      vertex 245.5 55 32.5
    endloop
  endfacet
  facet normal 0 1 -0
    outer loop
      vertex 248 55 32.5
      vertex 245.5 55 36.5
      vertex 248 55 36.5
    endloop
  endfacet
  facet normal 0 1 0
    outer loop
      vertex 245.5 55 36.5
      vertex 248 55 32.5
      vertex 245.5 55 32.5
    endloop
  endfacet
  facet normal 0 -1 0
    outer loop
      vertex 0 77 32.5
      vertex 2.5 77 36.5
      vertex 0 77 36.5
    endloop
  endfacet
  facet normal 0 -1 -0
    outer loop
      vertex 2.5 77 36.5
      vertex 0 77 32.5
      vertex 2.5 77 32.5
    endloop
  endfacet
  facet normal -0 0 1
    outer loop
      vertex 0 77 32.5
      vertex 2.5 75 32.5
      vertex 2.5 77 32.5
    endloop
  endfacet
  facet normal 0 0 1
    outer loop
      vertex 2.5 75 32.5
      vertex 0 77 32.5
      vertex 0 75 32.5
    endloop
  endfacet
  facet normal 0 1 -0
    outer loop
      vertex 2.5 75 32.5
      vertex 0 75 36.5
      vertex 2.5 75 36.5
    endloop
  endfacet
  facet normal 0 1 0
    outer loop
      vertex 0 75 36.5
      vertex 2.5 75 32.5
      vertex 0 75 32.5
    endloop
  endfacet
  facet normal 0 -1 0
    outer loop
      vertex 245.5 77 32.5
      vertex 248 77 36.5
      vertex 245.5 77 36.5
    endloop
  endfacet
  facet normal 0 -1 -0
    outer loop
      vertex 248 77 36.5
      vertex 245.5 77 32.5
      vertex 248 77 32.5
    endloop
  endfacet
  facet normal -0 0 1
    outer loop
      vertex 245.5 77 32.5
      vertex 248 75 32.5
      vertex 248 77 32.5
    endloop
  endfacet
  facet normal 0 0 1
    outer loop
      vertex 248 75 32.5
      vertex 245.5 77 32.5
      vertex 245.5 75 32.5
    endloop
  endfacet
  facet normal 0 1 -0
    outer loop
      vertex 248 75 32.5
      vertex 245.5 75 36.5
      vertex 248 75 36.5
    endloop
  endfacet
  facet normal 0 1 0
    outer loop
      vertex 245.5 75 36.5
      vertex 248 75 32.5
      vertex 245.5 75 32.5
    endloop
  endfacet
  facet normal -0 0 1
    outer loop
      vertex 0 97 32.5
      vertex 2.5 95 32.5
      vertex 2.5 97 32.5
    endloop
  endfacet
  facet normal 0 0 1
    outer loop
      vertex 2.5 95 32.5
      vertex 0 97 32.5
      vertex 0 95 32.5
    endloop
  endfacet
  facet normal 0 1 -0
    outer loop
      vertex 2.5 95 32.5
      vertex 0 95 36.5
      vertex 2.5 95 36.5
    endloop
  endfacet
  facet normal 0 1 0
    outer loop
      vertex 0 95 36.5
      vertex 2.5 95 32.5
      vertex 0 95 32.5
    endloop
  endfacet
  facet normal 0 -1 0
    outer loop
      vertex 0 97 32.5
      vertex 2.5 97 36.5
      vertex 0 97 36.5
    endloop
  endfacet
  facet normal 0 -1 -0
    outer loop
      vertex 2.5 97 36.5
      vertex 0 97 32.5
      vertex 2.5 97 32.5
    endloop
  endfacet
  facet normal 0 -1 0
    outer loop
      vertex 245.5 97 32.5
      vertex 248 97 36.5
      vertex 245.5 97 36.5
    endloop
  endfacet
  facet normal 0 -1 -0
    outer loop
      vertex 248 97 36.5
      vertex 245.5 97 32.5
      vertex 248 97 32.5
    endloop
  endfacet
  facet normal -0 0 1
    outer loop
      vertex 245.5 97 32.5
      vertex 248 95 32.5
      vertex 248 97 32.5
    endloop
  endfacet
  facet normal 0 0 1
    outer loop
      vertex 248 95 32.5
      vertex 245.5 97 32.5
      vertex 245.5 95 32.5
    endloop
  endfacet
  facet normal 0 1 -0
    outer loop
      vertex 248 95 32.5
      vertex 245.5 95 36.5
      vertex 248 95 36.5
    endloop
  endfacet
  facet normal 0 1 0
    outer loop
      vertex 245.5 95 36.5
      vertex 248 95 32.5
      vertex 245.5 95 32.5
    endloop
  endfacet
  facet normal -0 0 1
    outer loop
      vertex 0 117 32.5
      vertex 2.5 115 32.5
      vertex 2.5 117 32.5
    endloop
  endfacet
  facet normal 0 0 1
    outer loop
      vertex 2.5 115 32.5
      vertex 0 117 32.5
      vertex 0 115 32.5
    endloop
  endfacet
  facet normal 0 1 -0
    outer loop
      vertex 2.5 115 32.5
      vertex 0 115 36.5
      vertex 2.5 115 36.5
    endloop
  endfacet
  facet normal 0 1 0
    outer loop
      vertex 0 115 36.5
      vertex 2.5 115 32.5
      vertex 0 115 32.5
    endloop
  endfacet
  facet normal 0 -1 0
    outer loop
      vertex 0 117 32.5
      vertex 2.5 117 36.5
      vertex 0 117 36.5
    endloop
  endfacet
  facet normal 0 -1 -0
    outer loop
      vertex 2.5 117 36.5
      vertex 0 117 32.5
      vertex 2.5 117 32.5
    endloop
  endfacet
  facet normal 0 -1 0
    outer loop
      vertex 245.5 117 32.5
      vertex 248 117 36.5
      vertex 245.5 117 36.5
    endloop
  endfacet
  facet normal 0 -1 -0
    outer loop
      vertex 248 117 36.5
      vertex 245.5 117 32.5
      vertex 248 117 32.5
    endloop
  endfacet
  facet normal -0 0 1
    outer loop
      vertex 245.5 117 32.5
      vertex 248 115 32.5
      vertex 248 117 32.5
    endloop
  endfacet
  facet normal 0 0 1
    outer loop
      vertex 248 115 32.5
      vertex 245.5 117 32.5
      vertex 245.5 115 32.5
    endloop
  endfacet
  facet normal 0 1 -0
    outer loop
      vertex 248 115 32.5
      vertex 245.5 115 36.5
      vertex 248 115 36.5
    endloop
  endfacet
  facet normal 0 1 0
    outer loop
      vertex 245.5 115 36.5
      vertex 248 115 32.5
      vertex 245.5 115 32.5
    endloop
  endfacet
  facet normal 0 1 -0
    outer loop
      vertex 18.5 2.5 10.5
      vertex 10.5 2.5 12.5
      vertex 18.5 2.5 24.5
    endloop
  endfacet
  facet normal 0 1 0
    outer loop
      vertex 18.5 2.5 10.5
      vertex 10.5 2.5 2.5
      vertex 10.5 2.5 12.5
    endloop
  endfacet
  facet normal 0 1 0
    outer loop
      vertex 46.5 2.5 10.5
      vertex 10.5 2.5 2.5
      vertex 18.5 2.5 10.5
    endloop
  endfacet
  facet normal 0 1 -0
    outer loop
      vertex 56.5 2.5 10.5
      vertex 46.5 2.5 24.5
      vertex 56.5 2.5 24.5
    endloop
  endfacet
  facet normal 0 1 0
    outer loop
      vertex 46.5 2.5 24.5
      vertex 56.5 2.5 10.5
      vertex 46.5 2.5 10.5
    endloop
  endfacet
  facet normal 0 1 -0
    outer loop
      vertex 94.5 2.5 10.5
      vertex 84.5 2.5 24.5
      vertex 94.5 2.5 24.5
    endloop
  endfacet
  facet normal 0 1 0
    outer loop
      vertex 84.5 2.5 24.5
      vertex 94.5 2.5 10.5
      vertex 84.5 2.5 10.5
    endloop
  endfacet
  facet normal 0 1 -0
    outer loop
      vertex 132.5 2.5 10.5
      vertex 122.5 2.5 24.5
      vertex 132.5 2.5 24.5
    endloop
  endfacet
  facet normal 0 1 0
    outer loop
      vertex 122.5 2.5 24.5
      vertex 132.5 2.5 10.5
      vertex 122.5 2.5 10.5
    endloop
  endfacet
  facet normal 0 1 0
    outer loop
      vertex 242.75 2.5 36.5
      vertex 204 2.5 30.5
      vertex 204 2.5 36.5
    endloop
  endfacet
  facet normal 0 1 0
    outer loop
      vertex 237.5 2.5 2.5
      vertex 202 2.5 30.5
      vertex 204 2.5 30.5
    endloop
  endfacet
  facet normal 0 1 0
    outer loop
      vertex 202 2.5 30.5
      vertex 160.5 2.5 10.5
      vertex 178 2.5 30.5
    endloop
  endfacet
  facet normal 0 1 0
    outer loop
      vertex 178 2.5 30.5
      vertex 160.5 2.5 10.5
      vertex 176 2.5 30.5
    endloop
  endfacet
  facet normal 0 1 0
    outer loop
      vertex 176 2.5 30.5
      vertex 160.5 2.5 24.5
      vertex 152 2.5 30.5
    endloop
  endfacet
  facet normal 0 1 0
    outer loop
      vertex 152 2.5 30.5
      vertex 160.5 2.5 24.5
      vertex 150 2.5 30.5
    endloop
  endfacet
  facet normal 0 1 0
    outer loop
      vertex 132.5 2.5 24.5
      vertex 150 2.5 30.5
      vertex 160.5 2.5 24.5
    endloop
  endfacet
  facet normal 0 1 0
    outer loop
      vertex 150 2.5 30.5
      vertex 132.5 2.5 24.5
      vertex 126 2.5 30.5
    endloop
  endfacet
  facet normal 0 1 0
    outer loop
      vertex 122.5 2.5 24.5
      vertex 126 2.5 30.5
      vertex 132.5 2.5 24.5
    endloop
  endfacet
  facet normal 0 1 0
    outer loop
      vertex 126 2.5 30.5
      vertex 122.5 2.5 24.5
      vertex 124 2.5 30.5
    endloop
  endfacet
  facet normal 0 1 0
    outer loop
      vertex 94.5 2.5 24.5
      vertex 100 2.5 30.5
      vertex 122.5 2.5 24.5
    endloop
  endfacet
  facet normal 0 1 0
    outer loop
      vertex 100 2.5 30.5
      vertex 94.5 2.5 24.5
      vertex 98 2.5 30.5
    endloop
  endfacet
  facet normal 0 1 0
    outer loop
      vertex 98 2.5 30.5
      vertex 84.5 2.5 24.5
      vertex 74 2.5 30.5
    endloop
  endfacet
  facet normal 0 1 0
    outer loop
      vertex 74 2.5 30.5
      vertex 84.5 2.5 24.5
      vertex 72 2.5 30.5
    endloop
  endfacet
  facet normal 0 1 0
    outer loop
      vertex 56.5 2.5 24.5
      vertex 72 2.5 30.5
      vertex 84.5 2.5 24.5
    endloop
  endfacet
  facet normal 0 1 0
    outer loop
      vertex 124 2.5 30.5
      vertex 122.5 2.5 24.5
      vertex 100 2.5 30.5
    endloop
  endfacet
  facet normal 0 1 0
    outer loop
      vertex 237.5 2.5 12.5
      vertex 242.75 2.5 36.5
      vertex 242.75 2.5 12.5
    endloop
  endfacet
  facet normal 0 1 0
    outer loop
      vertex 242.75 2.5 36.5
      vertex 237.5 2.5 12.5
      vertex 204 2.5 30.5
    endloop
  endfacet
  facet normal 0 1 -0
    outer loop
      vertex 237.5 2.5 2.5
      vertex 204 2.5 30.5
      vertex 237.5 2.5 12.5
    endloop
  endfacet
  facet normal 0 1 0
    outer loop
      vertex 176 2.5 30.5
      vertex 160.5 2.5 10.5
      vertex 160.5 2.5 24.5
    endloop
  endfacet
  facet normal 0 1 0
    outer loop
      vertex 237.5 2.5 2.5
      vertex 132.5 2.5 10.5
      vertex 160.5 2.5 10.5
    endloop
  endfacet
  facet normal 0 1 0
    outer loop
      vertex 132.5 2.5 10.5
      vertex 237.5 2.5 2.5
      vertex 122.5 2.5 10.5
    endloop
  endfacet
  facet normal 0 1 0
    outer loop
      vertex 10.5 2.5 2.5
      vertex 122.5 2.5 10.5
      vertex 237.5 2.5 2.5
    endloop
  endfacet
  facet normal 0 1 0
    outer loop
      vertex 122.5 2.5 10.5
      vertex 10.5 2.5 2.5
      vertex 94.5 2.5 10.5
    endloop
  endfacet
  facet normal 0 1 0
    outer loop
      vertex 94.5 2.5 10.5
      vertex 10.5 2.5 2.5
      vertex 84.5 2.5 10.5
    endloop
  endfacet
  facet normal 0 1 0
    outer loop
      vertex 84.5 2.5 10.5
      vertex 10.5 2.5 2.5
      vertex 56.5 2.5 10.5
    endloop
  endfacet
  facet normal 0 1 0
    outer loop
      vertex 56.5 2.5 10.5
      vertex 10.5 2.5 2.5
      vertex 46.5 2.5 10.5
    endloop
  endfacet
  facet normal 0 1 0
    outer loop
      vertex 202 2.5 30.5
      vertex 237.5 2.5 2.5
      vertex 160.5 2.5 10.5
    endloop
  endfacet
  facet normal 0 1 -0
    outer loop
      vertex 202 2.5 30.5
      vertex 178 2.5 36.5
      vertex 202 2.5 36.5
    endloop
  endfacet
  facet normal 0 1 0
    outer loop
      vertex 178 2.5 36.5
      vertex 202 2.5 30.5
      vertex 178 2.5 30.5
    endloop
  endfacet
  facet normal 0 1 -0
    outer loop
      vertex 176 2.5 30.5
      vertex 152 2.5 36.5
      vertex 176 2.5 36.5
    endloop
  endfacet
  facet normal 0 1 0
    outer loop
      vertex 152 2.5 36.5
      vertex 176 2.5 30.5
      vertex 152 2.5 30.5
    endloop
  endfacet
  facet normal 0 1 -0
    outer loop
      vertex 150 2.5 30.5
      vertex 126 2.5 36.5
      vertex 150 2.5 36.5
    endloop
  endfacet
  facet normal 0 1 0
    outer loop
      vertex 126 2.5 36.5
      vertex 150 2.5 30.5
      vertex 126 2.5 30.5
    endloop
  endfacet
  facet normal 0 1 -0
    outer loop
      vertex 124 2.5 30.5
      vertex 100 2.5 36.5
      vertex 124 2.5 36.5
    endloop
  endfacet
  facet normal 0 1 0
    outer loop
      vertex 100 2.5 36.5
      vertex 124 2.5 30.5
      vertex 100 2.5 30.5
    endloop
  endfacet
  facet normal 0 1 -0
    outer loop
      vertex 98 2.5 30.5
      vertex 74 2.5 36.5
      vertex 98 2.5 36.5
    endloop
  endfacet
  facet normal 0 1 0
    outer loop
      vertex 74 2.5 36.5
      vertex 98 2.5 30.5
      vertex 74 2.5 30.5
    endloop
  endfacet
  facet normal 0 1 -0
    outer loop
      vertex 72 2.5 30.5
      vertex 48 2.5 36.5
      vertex 72 2.5 36.5
    endloop
  endfacet
  facet normal 0 1 0
    outer loop
      vertex 48 2.5 36.5
      vertex 72 2.5 30.5
      vertex 48 2.5 30.5
    endloop
  endfacet
  facet normal 0 1 -0
    outer loop
      vertex 46 2.5 30.5
      vertex 22 2.5 36.5
      vertex 46 2.5 36.5
    endloop
  endfacet
  facet normal 0 1 0
    outer loop
      vertex 22 2.5 36.5
      vertex 46 2.5 30.5
      vertex 22 2.5 30.5
    endloop
  endfacet
  facet normal 0 1 -0
    outer loop
      vertex 20 2.5 30.5
      vertex 5.25 2.5 36.5
      vertex 20 2.5 36.5
    endloop
  endfacet
  facet normal 0 1 0
    outer loop
      vertex 84.5 2.5 24.5
      vertex 98 2.5 30.5
      vertex 94.5 2.5 24.5
    endloop
  endfacet
  facet normal 0 1 0
    outer loop
      vertex 72 2.5 30.5
      vertex 56.5 2.5 24.5
      vertex 48 2.5 30.5
    endloop
  endfacet
  facet normal 0 1 0
    outer loop
      vertex 46.5 2.5 24.5
      vertex 48 2.5 30.5
      vertex 56.5 2.5 24.5
    endloop
  endfacet
  facet normal 0 1 0
    outer loop
      vertex 48 2.5 30.5
      vertex 46.5 2.5 24.5
      vertex 46 2.5 30.5
    endloop
  endfacet
  facet normal 0 1 0
    outer loop
      vertex 46 2.5 30.5
      vertex 46.5 2.5 24.5
      vertex 22 2.5 30.5
    endloop
  endfacet
  facet normal 0 1 0
    outer loop
      vertex 18.5 2.5 24.5
      vertex 22 2.5 30.5
      vertex 46.5 2.5 24.5
    endloop
  endfacet
  facet normal 0 1 0
    outer loop
      vertex 22 2.5 30.5
      vertex 18.5 2.5 24.5
      vertex 20 2.5 30.5
    endloop
  endfacet
  facet normal 0 1 -0
    outer loop
      vertex 18.5 2.5 24.5
      vertex 5.25 2.5 36.5
      vertex 20 2.5 30.5
    endloop
  endfacet
  facet normal 0 1 0
    outer loop
      vertex 5.25 2.5 12.5
      vertex 18.5 2.5 24.5
      vertex 10.5 2.5 12.5
    endloop
  endfacet
  facet normal 0 1 0
    outer loop
      vertex 18.5 2.5 24.5
      vertex 5.25 2.5 12.5
      vertex 5.25 2.5 36.5
    endloop
  endfacet
  facet normal -0.341959 0.939715 0
    outer loop
      vertex 244.518 3.14337 12.5
      vertex 242.75 2.5 36.5
      vertex 244.518 3.14337 36.5
    endloop
  endfacet
  facet normal -0.341959 0.939715 0
    outer loop
      vertex 242.75 2.5 36.5
      vertex 244.518 3.14337 12.5
      vertex 242.75 2.5 12.5
    endloop
  endfacet
  facet normal -0.906363 0.422499 0
    outer loop
      vertex 244.518 3.14337 12.5
      vertex 245.5 5.25 36.5
      vertex 245.5 5.25 12.5
    endloop
  endfacet
  facet normal -0.906363 0.422499 0
    outer loop
      vertex 245.5 5.25 36.5
      vertex 244.518 3.14337 12.5
      vertex 244.518 3.14337 36.5
    endloop
  endfacet
  facet normal 0.341842 -0.939757 0
    outer loop
      vertex 3.48233 146.857 12.5
      vertex 5.25 147.5 36.5
      vertex 3.48233 146.857 36.5
    endloop
  endfacet
  facet normal 0.341842 -0.939757 0
    outer loop
      vertex 5.25 147.5 36.5
      vertex 3.48233 146.857 12.5
      vertex 5.25 147.5 12.5
    endloop
  endfacet
  facet normal -0.422438 -0.906392 0
    outer loop
      vertex 242.75 147.5 12.5
      vertex 244.857 146.518 36.5
      vertex 242.75 147.5 36.5
    endloop
  endfacet
  facet normal -0.422438 -0.906392 -0
    outer loop
      vertex 244.857 146.518 36.5
      vertex 242.75 147.5 12.5
      vertex 244.857 146.518 12.5
    endloop
  endfacet
  facet normal 0.422616 0.906309 -0
    outer loop
      vertex 5.25 2.5 12.5
      vertex 3.14337 3.48233 36.5
      vertex 5.25 2.5 36.5
    endloop
  endfacet
  facet normal 0.422616 0.906309 0
    outer loop
      vertex 3.14337 3.48233 36.5
      vertex 5.25 2.5 12.5
      vertex 3.14337 3.48233 12.5
    endloop
  endfacet
  facet normal 0.906337 -0.422555 0
    outer loop
      vertex 2.5 144.75 36.5
      vertex 3.48233 146.857 12.5
      vertex 3.48233 146.857 36.5
    endloop
  endfacet
  facet normal 0.906337 -0.422555 0
    outer loop
      vertex 3.48233 146.857 12.5
      vertex 2.5 144.75 36.5
      vertex 2.5 144.75 12.5
    endloop
  endfacet
  facet normal 0.939694 0.342016 0
    outer loop
      vertex 3.14337 3.48233 36.5
      vertex 2.5 5.25 12.5
      vertex 2.5 5.25 36.5
    endloop
  endfacet
  facet normal 0.939694 0.342016 0
    outer loop
      vertex 2.5 5.25 12.5
      vertex 3.14337 3.48233 36.5
      vertex 3.14337 3.48233 12.5
    endloop
  endfacet
  facet normal 0 -1 0
    outer loop
      vertex 5.25 147.5 36.5
      vertex 20 147.5 30.5
      vertex 20 147.5 36.5
    endloop
  endfacet
  facet normal 0 -1 0
    outer loop
      vertex 10.5 147.5 12.5
      vertex 22 147.5 30.5
      vertex 20 147.5 30.5
    endloop
  endfacet
  facet normal 0 -1 -0
    outer loop
      vertex 22 147.5 30.5
      vertex 10.5 147.5 12.5
      vertex 46 147.5 30.5
    endloop
  endfacet
  facet normal 0 -1 0
    outer loop
      vertex 10.5 147.5 2.5
      vertex 46 147.5 30.5
      vertex 10.5 147.5 12.5
    endloop
  endfacet
  facet normal 0 -1 -0
    outer loop
      vertex 48 147.5 30.5
      vertex 10.5 147.5 2.5
      vertex 72 147.5 30.5
    endloop
  endfacet
  facet normal 0 -1 -0
    outer loop
      vertex 72 147.5 30.5
      vertex 10.5 147.5 2.5
      vertex 74 147.5 30.5
    endloop
  endfacet
  facet normal 0 -1 -0
    outer loop
      vertex 74 147.5 30.5
      vertex 10.5 147.5 2.5
      vertex 98 147.5 30.5
    endloop
  endfacet
  facet normal 0 -1 -0
    outer loop
      vertex 98 147.5 30.5
      vertex 10.5 147.5 2.5
      vertex 100 147.5 30.5
    endloop
  endfacet
  facet normal 0 -1 -0
    outer loop
      vertex 100 147.5 30.5
      vertex 10.5 147.5 2.5
      vertex 124 147.5 30.5
    endloop
  endfacet
  facet normal 0 -1 -0
    outer loop
      vertex 124 147.5 30.5
      vertex 10.5 147.5 2.5
      vertex 126 147.5 30.5
    endloop
  endfacet
  facet normal 0 -1 0
    outer loop
      vertex 237.5 147.5 2.5
      vertex 126 147.5 30.5
      vertex 10.5 147.5 2.5
    endloop
  endfacet
  facet normal 0 -1 0
    outer loop
      vertex 126 147.5 30.5
      vertex 237.5 147.5 2.5
      vertex 150 147.5 30.5
    endloop
  endfacet
  facet normal 0 -1 0
    outer loop
      vertex 150 147.5 30.5
      vertex 237.5 147.5 2.5
      vertex 152 147.5 30.5
    endloop
  endfacet
  facet normal 0 -1 0
    outer loop
      vertex 152 147.5 30.5
      vertex 237.5 147.5 2.5
      vertex 176 147.5 30.5
    endloop
  endfacet
  facet normal 0 -1 0
    outer loop
      vertex 176 147.5 30.5
      vertex 237.5 147.5 2.5
      vertex 178 147.5 30.5
    endloop
  endfacet
  facet normal 0 -1 0
    outer loop
      vertex 5.25 147.5 36.5
      vertex 10.5 147.5 12.5
      vertex 20 147.5 30.5
    endloop
  endfacet
  facet normal 0 -1 0
    outer loop
      vertex 10.5 147.5 12.5
      vertex 5.25 147.5 36.5
      vertex 5.25 147.5 12.5
    endloop
  endfacet
  facet normal 0 -1 0
    outer loop
      vertex 22 147.5 30.5
      vertex 46 147.5 36.5
      vertex 22 147.5 36.5
    endloop
  endfacet
  facet normal 0 -1 -0
    outer loop
      vertex 46 147.5 36.5
      vertex 22 147.5 30.5
      vertex 46 147.5 30.5
    endloop
  endfacet
  facet normal 0 -1 0
    outer loop
      vertex 48 147.5 30.5
      vertex 72 147.5 36.5
      vertex 48 147.5 36.5
    endloop
  endfacet
  facet normal 0 -1 -0
    outer loop
      vertex 72 147.5 36.5
      vertex 48 147.5 30.5
      vertex 72 147.5 30.5
    endloop
  endfacet
  facet normal 0 -1 0
    outer loop
      vertex 74 147.5 30.5
      vertex 98 147.5 36.5
      vertex 74 147.5 36.5
    endloop
  endfacet
  facet normal 0 -1 -0
    outer loop
      vertex 98 147.5 36.5
      vertex 74 147.5 30.5
      vertex 98 147.5 30.5
    endloop
  endfacet
  facet normal 0 -1 0
    outer loop
      vertex 100 147.5 30.5
      vertex 124 147.5 36.5
      vertex 100 147.5 36.5
    endloop
  endfacet
  facet normal 0 -1 -0
    outer loop
      vertex 124 147.5 36.5
      vertex 100 147.5 30.5
      vertex 124 147.5 30.5
    endloop
  endfacet
  facet normal 0 -1 0
    outer loop
      vertex 126 147.5 30.5
      vertex 150 147.5 36.5
      vertex 126 147.5 36.5
    endloop
  endfacet
  facet normal 0 -1 -0
    outer loop
      vertex 150 147.5 36.5
      vertex 126 147.5 30.5
      vertex 150 147.5 30.5
    endloop
  endfacet
  facet normal 0 -1 0
    outer loop
      vertex 152 147.5 30.5
      vertex 176 147.5 36.5
      vertex 152 147.5 36.5
    endloop
  endfacet
  facet normal 0 -1 -0
    outer loop
      vertex 176 147.5 36.5
      vertex 152 147.5 30.5
      vertex 176 147.5 30.5
    endloop
  endfacet
  facet normal 0 -1 0
    outer loop
      vertex 178 147.5 30.5
      vertex 202 147.5 36.5
      vertex 178 147.5 36.5
    endloop
  endfacet
  facet normal 0 -1 -0
    outer loop
      vertex 202 147.5 36.5
      vertex 178 147.5 30.5
      vertex 202 147.5 30.5
    endloop
  endfacet
  facet normal 0 -1 0
    outer loop
      vertex 204 147.5 30.5
      vertex 242.75 147.5 36.5
      vertex 204 147.5 36.5
    endloop
  endfacet
  facet normal 0 -1 -0
    outer loop
      vertex 46 147.5 30.5
      vertex 10.5 147.5 2.5
      vertex 48 147.5 30.5
    endloop
  endfacet
  facet normal 0 -1 0
    outer loop
      vertex 178 147.5 30.5
      vertex 237.5 147.5 2.5
      vertex 202 147.5 30.5
    endloop
  endfacet
  facet normal 0 -1 0
    outer loop
      vertex 237.5 147.5 12.5
      vertex 242.75 147.5 36.5
      vertex 204 147.5 30.5
    endloop
  endfacet
  facet normal 0 -1 -0
    outer loop
      vertex 242.75 147.5 36.5
      vertex 237.5 147.5 12.5
      vertex 242.75 147.5 12.5
    endloop
  endfacet
  facet normal 0 -1 0
    outer loop
      vertex 202 147.5 30.5
      vertex 237.5 147.5 2.5
      vertex 204 147.5 30.5
    endloop
  endfacet
  facet normal 0 -1 0
    outer loop
      vertex 204 147.5 30.5
      vertex 237.5 147.5 2.5
      vertex 237.5 147.5 12.5
    endloop
  endfacet
  facet normal -1 0 0
    outer loop
      vertex 245.5 12.5 24.5
      vertex 245.5 17 32.5
      vertex 245.5 30.5 24.5
    endloop
  endfacet
  facet normal -1 -0 0
    outer loop
      vertex 245.5 17 32.5
      vertex 245.5 12.5 24.5
      vertex 245.5 15 32.5
    endloop
  endfacet
  facet normal -1 0 0
    outer loop
      vertex 245.5 5.25 36.5
      vertex 245.5 15 32.5
      vertex 245.5 12.5 24.5
    endloop
  endfacet
  facet normal -1 0 0
    outer loop
      vertex 245.5 12.5 10.5
      vertex 245.5 10.5 12.5
      vertex 245.5 12.5 24.5
    endloop
  endfacet
  facet normal -1 0 0
    outer loop
      vertex 245.5 5.25 12.5
      vertex 245.5 12.5 24.5
      vertex 245.5 10.5 12.5
    endloop
  endfacet
  facet normal -1 0 0
    outer loop
      vertex 245.5 5.25 36.5
      vertex 245.5 12.5 24.5
      vertex 245.5 5.25 12.5
    endloop
  endfacet
  facet normal -1 0 0
    outer loop
      vertex 245.5 15 32.5
      vertex 245.5 5.25 36.5
      vertex 245.5 15 36.5
    endloop
  endfacet
  facet normal -1 0 0
    outer loop
      vertex 245.5 116.5 24.5
      vertex 245.5 117 32.5
      vertex 245.5 138.5 24.5
    endloop
  endfacet
  facet normal -1 -0 0
    outer loop
      vertex 245.5 117 32.5
      vertex 245.5 116.5 24.5
      vertex 245.5 115 32.5
    endloop
  endfacet
  facet normal -1 0 0
    outer loop
      vertex 245.5 139.5 2.5
      vertex 245.5 138.5 10.5
      vertex 245.5 139.5 12.5
    endloop
  endfacet
  facet normal -1 0 0
    outer loop
      vertex 245.5 139.5 2.5
      vertex 245.5 116.5 10.5
      vertex 245.5 138.5 10.5
    endloop
  endfacet
  facet normal -1 0 0
    outer loop
      vertex 245.5 97 32.5
      vertex 245.5 116.5 24.5
      vertex 245.5 116.5 10.5
    endloop
  endfacet
  facet normal -1 0 0
    outer loop
      vertex 245.5 115 32.5
      vertex 245.5 97 32.5
      vertex 245.5 115 36.5
    endloop
  endfacet
  facet normal -1 0 0
    outer loop
      vertex 245.5 116.5 24.5
      vertex 245.5 97 32.5
      vertex 245.5 115 32.5
    endloop
  endfacet
  facet normal -1 0 0
    outer loop
      vertex 245.5 116.5 10.5
      vertex 245.5 95 32.5
      vertex 245.5 97 32.5
    endloop
  endfacet
  facet normal -1 0 0
    outer loop
      vertex 245.5 95 32.5
      vertex 245.5 77 32.5
      vertex 245.5 95 36.5
    endloop
  endfacet
  facet normal -1 0 0
    outer loop
      vertex 245.5 116.5 10.5
      vertex 245.5 77 32.5
      vertex 245.5 95 32.5
    endloop
  endfacet
  facet normal -1 0 0
    outer loop
      vertex 245.5 116.5 10.5
      vertex 245.5 75 32.5
      vertex 245.5 77 32.5
    endloop
  endfacet
  facet normal -1 0 0
    outer loop
      vertex 245.5 75 32.5
      vertex 245.5 57 32.5
      vertex 245.5 75 36.5
    endloop
  endfacet
  facet normal -1 0 0
    outer loop
      vertex 245.5 30.5 10.5
      vertex 245.5 75 32.5
      vertex 245.5 116.5 10.5
    endloop
  endfacet
  facet normal -1 -0 0
    outer loop
      vertex 245.5 75 32.5
      vertex 245.5 30.5 10.5
      vertex 245.5 57 32.5
    endloop
  endfacet
  facet normal -1 0 0
    outer loop
      vertex 245.5 55 32.5
      vertex 245.5 37 32.5
      vertex 245.5 55 36.5
    endloop
  endfacet
  facet normal -1 -0 0
    outer loop
      vertex 245.5 57 32.5
      vertex 245.5 30.5 10.5
      vertex 245.5 55 32.5
    endloop
  endfacet
  facet normal -1 0 0
    outer loop
      vertex 245.5 10.5 2.5
      vertex 245.5 116.5 10.5
      vertex 245.5 139.5 2.5
    endloop
  endfacet
  facet normal -1 0 0
    outer loop
      vertex 245.5 30.5 24.5
      vertex 245.5 55 32.5
      vertex 245.5 30.5 10.5
    endloop
  endfacet
  facet normal -1 -0 0
    outer loop
      vertex 245.5 37 32.5
      vertex 245.5 30.5 24.5
      vertex 245.5 35 32.5
    endloop
  endfacet
  facet normal -1 -0 0
    outer loop
      vertex 245.5 55 32.5
      vertex 245.5 30.5 24.5
      vertex 245.5 37 32.5
    endloop
  endfacet
  facet normal -1 -0 0
    outer loop
      vertex 245.5 116.5 10.5
      vertex 245.5 10.5 2.5
      vertex 245.5 30.5 10.5
    endloop
  endfacet
  facet normal -1 0 0
    outer loop
      vertex 245.5 10.5 12.5
      vertex 245.5 12.5 10.5
      vertex 245.5 10.5 2.5
    endloop
  endfacet
  facet normal -1 -0 0
    outer loop
      vertex 245.5 30.5 10.5
      vertex 245.5 10.5 2.5
      vertex 245.5 12.5 10.5
    endloop
  endfacet
  facet normal -1 0 0
    outer loop
      vertex 245.5 138.5 24.5
      vertex 245.5 144.75 12.5
      vertex 245.5 139.5 12.5
    endloop
  endfacet
  facet normal -1 0 0
    outer loop
      vertex 245.5 138.5 24.5
      vertex 245.5 139.5 12.5
      vertex 245.5 138.5 10.5
    endloop
  endfacet
  facet normal -1 0 0
    outer loop
      vertex 245.5 144.75 12.5
      vertex 245.5 138.5 24.5
      vertex 245.5 144.75 36.5
    endloop
  endfacet
  facet normal -1 0 0
    outer loop
      vertex 245.5 117 36.5
      vertex 245.5 138.5 24.5
      vertex 245.5 117 32.5
    endloop
  endfacet
  facet normal -1 0 0
    outer loop
      vertex 245.5 138.5 24.5
      vertex 245.5 117 36.5
      vertex 245.5 144.75 36.5
    endloop
  endfacet
  facet normal -1 -0 0
    outer loop
      vertex 245.5 115 36.5
      vertex 245.5 97 32.5
      vertex 245.5 97 36.5
    endloop
  endfacet
  facet normal -1 -0 0
    outer loop
      vertex 245.5 95 36.5
      vertex 245.5 77 32.5
      vertex 245.5 77 36.5
    endloop
  endfacet
  facet normal -1 -0 0
    outer loop
      vertex 245.5 75 36.5
      vertex 245.5 57 32.5
      vertex 245.5 57 36.5
    endloop
  endfacet
  facet normal -1 -0 0
    outer loop
      vertex 245.5 55 36.5
      vertex 245.5 37 32.5
      vertex 245.5 37 36.5
    endloop
  endfacet
  facet normal -1 0 0
    outer loop
      vertex 245.5 17 32.5
      vertex 245.5 35 32.5
      vertex 245.5 30.5 24.5
    endloop
  endfacet
  facet normal -1 0 0
    outer loop
      vertex 245.5 35 32.5
      vertex 245.5 17 32.5
      vertex 245.5 35 36.5
    endloop
  endfacet
  facet normal -1 -0 0
    outer loop
      vertex 245.5 35 36.5
      vertex 245.5 17 32.5
      vertex 245.5 17 36.5
    endloop
  endfacet
  facet normal 1 -0 0
    outer loop
      vertex 2.5 5.25 36.5
      vertex 2.5 15 32.5
      vertex 2.5 15 36.5
    endloop
  endfacet
  facet normal 1 0 0
    outer loop
      vertex 2.5 5.25 12.5
      vertex 2.5 15 32.5
      vertex 2.5 5.25 36.5
    endloop
  endfacet
  facet normal 1 0 0
    outer loop
      vertex 2.5 15 32.5
      vertex 2.5 5.25 12.5
      vertex 2.5 10.5 12.5
    endloop
  endfacet
  facet normal 1 0 0
    outer loop
      vertex 2.5 35 36.5
      vertex 2.5 17 36.5
      vertex 2.5 35 32.5
    endloop
  endfacet
  facet normal 1 0 0
    outer loop
      vertex 2.5 55 36.5
      vertex 2.5 37 36.5
      vertex 2.5 55 32.5
    endloop
  endfacet
  facet normal 1 0 0
    outer loop
      vertex 2.5 75 36.5
      vertex 2.5 57 36.5
      vertex 2.5 75 32.5
    endloop
  endfacet
  facet normal 1 0 0
    outer loop
      vertex 2.5 95 36.5
      vertex 2.5 77 36.5
      vertex 2.5 95 32.5
    endloop
  endfacet
  facet normal 1 0 0
    outer loop
      vertex 2.5 115 36.5
      vertex 2.5 97 36.5
      vertex 2.5 115 32.5
    endloop
  endfacet
  facet normal 1 0 0
    outer loop
      vertex 2.5 144.75 36.5
      vertex 2.5 139.5 12.5
      vertex 2.5 144.75 12.5
    endloop
  endfacet
  facet normal 1 0 0
    outer loop
      vertex 2.5 117 32.5
      vertex 2.5 144.75 36.5
      vertex 2.5 117 36.5
    endloop
  endfacet
  facet normal 1 0 0
    outer loop
      vertex 2.5 144.75 36.5
      vertex 2.5 117 32.5
      vertex 2.5 139.5 12.5
    endloop
  endfacet
  facet normal 1 -0 0
    outer loop
      vertex 2.5 115 32.5
      vertex 2.5 139.5 12.5
      vertex 2.5 117 32.5
    endloop
  endfacet
  facet normal 1 0 0
    outer loop
      vertex 2.5 139.5 12.5
      vertex 2.5 115 32.5
      vertex 2.5 139.5 2.5
    endloop
  endfacet
  facet normal 1 0 0
    outer loop
      vertex 2.5 97 32.5
      vertex 2.5 115 32.5
      vertex 2.5 97 36.5
    endloop
  endfacet
  facet normal 1 0 0
    outer loop
      vertex 2.5 115 32.5
      vertex 2.5 97 32.5
      vertex 2.5 139.5 2.5
    endloop
  endfacet
  facet normal 1 -0 0
    outer loop
      vertex 2.5 95 32.5
      vertex 2.5 139.5 2.5
      vertex 2.5 97 32.5
    endloop
  endfacet
  facet normal 1 0 0
    outer loop
      vertex 2.5 77 32.5
      vertex 2.5 95 32.5
      vertex 2.5 77 36.5
    endloop
  endfacet
  facet normal 1 0 0
    outer loop
      vertex 2.5 95 32.5
      vertex 2.5 77 32.5
      vertex 2.5 139.5 2.5
    endloop
  endfacet
  facet normal 1 -0 0
    outer loop
      vertex 2.5 75 32.5
      vertex 2.5 139.5 2.5
      vertex 2.5 77 32.5
    endloop
  endfacet
  facet normal 1 0 0
    outer loop
      vertex 2.5 57 32.5
      vertex 2.5 75 32.5
      vertex 2.5 57 36.5
    endloop
  endfacet
  facet normal 1 0 0
    outer loop
      vertex 2.5 10.5 2.5
      vertex 2.5 75 32.5
      vertex 2.5 57 32.5
    endloop
  endfacet
  facet normal 1 0 0
    outer loop
      vertex 2.5 10.5 2.5
      vertex 2.5 57 32.5
      vertex 2.5 55 32.5
    endloop
  endfacet
  facet normal 1 0 0
    outer loop
      vertex 2.5 37 32.5
      vertex 2.5 55 32.5
      vertex 2.5 37 36.5
    endloop
  endfacet
  facet normal 1 0 0
    outer loop
      vertex 2.5 10.5 2.5
      vertex 2.5 55 32.5
      vertex 2.5 37 32.5
    endloop
  endfacet
  facet normal 1 0 0
    outer loop
      vertex 2.5 10.5 2.5
      vertex 2.5 37 32.5
      vertex 2.5 35 32.5
    endloop
  endfacet
  facet normal 1 0 0
    outer loop
      vertex 2.5 17 32.5
      vertex 2.5 35 32.5
      vertex 2.5 17 36.5
    endloop
  endfacet
  facet normal 1 0 0
    outer loop
      vertex 2.5 10.5 12.5
      vertex 2.5 35 32.5
      vertex 2.5 17 32.5
    endloop
  endfacet
  facet normal 1 0 0
    outer loop
      vertex 2.5 10.5 12.5
      vertex 2.5 17 32.5
      vertex 2.5 15 32.5
    endloop
  endfacet
  facet normal 1 0 0
    outer loop
      vertex 2.5 35 32.5
      vertex 2.5 10.5 12.5
      vertex 2.5 10.5 2.5
    endloop
  endfacet
  facet normal 1 0 0
    outer loop
      vertex 2.5 75 32.5
      vertex 2.5 10.5 2.5
      vertex 2.5 139.5 2.5
    endloop
  endfacet
  facet normal 0 0 1
    outer loop
      vertex 201.022 23.9944 2.5
      vertex 201.022 23.0056 2.5
      vertex 201.1 23.5 2.5
    endloop
  endfacet
  facet normal 0 0 1
    outer loop
      vertex 200.794 24.4405 2.5
      vertex 201.022 23.0056 2.5
      vertex 201.022 23.9944 2.5
    endloop
  endfacet
  facet normal 0 0 1
    outer loop
      vertex 200.794 24.4405 2.5
      vertex 200.794 22.5595 2.5
      vertex 201.022 23.0056 2.5
    endloop
  endfacet
  facet normal 0 0 1
    outer loop
      vertex 200.44 24.7944 2.5
      vertex 200.794 22.5595 2.5
      vertex 200.794 24.4405 2.5
    endloop
  endfacet
  facet normal 0 0 1
    outer loop
      vertex 200.44 24.7944 2.5
      vertex 200.44 22.2056 2.5
      vertex 200.794 22.5595 2.5
    endloop
  endfacet
  facet normal 0 0 1
    outer loop
      vertex 199.994 25.0217 2.5
      vertex 200.44 22.2056 2.5
      vertex 200.44 24.7944 2.5
    endloop
  endfacet
  facet normal 0 0 1
    outer loop
      vertex 199.994 25.0217 2.5
      vertex 199.994 21.9783 2.5
      vertex 200.44 22.2056 2.5
    endloop
  endfacet
  facet normal 0 0 1
    outer loop
      vertex 199.5 25.1 2.5
      vertex 199.994 21.9783 2.5
      vertex 199.994 25.0217 2.5
    endloop
  endfacet
  facet normal 0 0 1
    outer loop
      vertex 199.5 25.1 2.5
      vertex 199.5 21.9 2.5
      vertex 199.994 21.9783 2.5
    endloop
  endfacet
  facet normal -0 0 1
    outer loop
      vertex 199.006 25.0217 2.5
      vertex 199.5 21.9 2.5
      vertex 199.5 25.1 2.5
    endloop
  endfacet
  facet normal 0 0 1
    outer loop
      vertex 199.006 25.0217 2.5
      vertex 199.006 21.9783 2.5
      vertex 199.5 21.9 2.5
    endloop
  endfacet
  facet normal -0 0 1
    outer loop
      vertex 198.56 24.7944 2.5
      vertex 199.006 21.9783 2.5
      vertex 199.006 25.0217 2.5
    endloop
  endfacet
  facet normal 0 0 1
    outer loop
      vertex 198.56 24.7944 2.5
      vertex 198.56 22.2056 2.5
      vertex 199.006 21.9783 2.5
    endloop
  endfacet
  facet normal -0 0 1
    outer loop
      vertex 198.206 24.4405 2.5
      vertex 198.56 22.2056 2.5
      vertex 198.56 24.7944 2.5
    endloop
  endfacet
  facet normal 0 0 1
    outer loop
      vertex 198.206 24.4405 2.5
      vertex 198.206 22.5595 2.5
      vertex 198.56 22.2056 2.5
    endloop
  endfacet
  facet normal -0 0 1
    outer loop
      vertex 197.978 23.9944 2.5
      vertex 198.206 22.5595 2.5
      vertex 198.206 24.4405 2.5
    endloop
  endfacet
  facet normal 0 0 1
    outer loop
      vertex 197.978 23.9944 2.5
      vertex 197.978 23.0056 2.5
      vertex 198.206 22.5595 2.5
    endloop
  endfacet
  facet normal 0 -0 1
    outer loop
      vertex 197.978 23.0056 2.5
      vertex 197.978 23.9944 2.5
      vertex 197.9 23.5 2.5
    endloop
  endfacet
  facet normal 0 0 1
    outer loop
      vertex 201.022 85.9944 2.5
      vertex 201.022 85.0056 2.5
      vertex 201.1 85.5 2.5
    endloop
  endfacet
  facet normal 0 0 1
    outer loop
      vertex 200.794 86.4405 2.5
      vertex 201.022 85.0056 2.5
      vertex 201.022 85.9944 2.5
    endloop
  endfacet
  facet normal 0 0 1
    outer loop
      vertex 200.794 86.4405 2.5
      vertex 200.794 84.5595 2.5
      vertex 201.022 85.0056 2.5
    endloop
  endfacet
  facet normal 0 0 1
    outer loop
      vertex 200.44 86.7944 2.5
      vertex 200.794 84.5595 2.5
      vertex 200.794 86.4405 2.5
    endloop
  endfacet
  facet normal 0 0 1
    outer loop
      vertex 200.44 86.7944 2.5
      vertex 200.44 84.2056 2.5
      vertex 200.794 84.5595 2.5
    endloop
  endfacet
  facet normal 0 0 1
    outer loop
      vertex 199.994 87.0217 2.5
      vertex 200.44 84.2056 2.5
      vertex 200.44 86.7944 2.5
    endloop
  endfacet
  facet normal 0 0 1
    outer loop
      vertex 199.994 87.0217 2.5
      vertex 199.994 83.9783 2.5
      vertex 200.44 84.2056 2.5
    endloop
  endfacet
  facet normal 0 0 1
    outer loop
      vertex 199.5 87.1 2.5
      vertex 199.994 83.9783 2.5
      vertex 199.994 87.0217 2.5
    endloop
  endfacet
  facet normal 0 0 1
    outer loop
      vertex 199.5 87.1 2.5
      vertex 199.5 83.9 2.5
      vertex 199.994 83.9783 2.5
    endloop
  endfacet
  facet normal -0 0 1
    outer loop
      vertex 199.006 87.0217 2.5
      vertex 199.5 83.9 2.5
      vertex 199.5 87.1 2.5
    endloop
  endfacet
  facet normal 0 0 1
    outer loop
      vertex 199.006 87.0217 2.5
      vertex 199.006 83.9783 2.5
      vertex 199.5 83.9 2.5
    endloop
  endfacet
  facet normal -0 0 1
    outer loop
      vertex 198.56 86.7944 2.5
      vertex 199.006 83.9783 2.5
      vertex 199.006 87.0217 2.5
    endloop
  endfacet
  facet normal 0 0 1
    outer loop
      vertex 198.56 86.7944 2.5
      vertex 198.56 84.2056 2.5
      vertex 199.006 83.9783 2.5
    endloop
  endfacet
  facet normal -0 0 1
    outer loop
      vertex 198.206 86.4405 2.5
      vertex 198.56 84.2056 2.5
      vertex 198.56 86.7944 2.5
    endloop
  endfacet
  facet normal 0 0 1
    outer loop
      vertex 198.206 86.4405 2.5
      vertex 198.206 84.5595 2.5
      vertex 198.56 84.2056 2.5
    endloop
  endfacet
  facet normal -0 0 1
    outer loop
      vertex 197.978 85.9944 2.5
      vertex 198.206 84.5595 2.5
      vertex 198.206 86.4405 2.5
    endloop
  endfacet
  facet normal 0 0 1
    outer loop
      vertex 197.978 85.9944 2.5
      vertex 197.978 85.0056 2.5
      vertex 198.206 84.5595 2.5
    endloop
  endfacet
  facet normal 0 -0 1
    outer loop
      vertex 197.978 85.0056 2.5
      vertex 197.978 85.9944 2.5
      vertex 197.9 85.5 2.5
    endloop
  endfacet
  facet normal 0 0 1
    outer loop
      vertex 230.022 85.9944 2.5
      vertex 230.022 85.0056 2.5
      vertex 230.1 85.5 2.5
    endloop
  endfacet
  facet normal 0 0 1
    outer loop
      vertex 229.794 86.4405 2.5
      vertex 230.022 85.0056 2.5
      vertex 230.022 85.9944 2.5
    endloop
  endfacet
  facet normal 0 0 1
    outer loop
      vertex 229.794 86.4405 2.5
      vertex 229.794 84.5595 2.5
      vertex 230.022 85.0056 2.5
    endloop
  endfacet
  facet normal 0 0 1
    outer loop
      vertex 229.44 86.7944 2.5
      vertex 229.794 84.5595 2.5
      vertex 229.794 86.4405 2.5
    endloop
  endfacet
  facet normal 0 0 1
    outer loop
      vertex 229.44 86.7944 2.5
      vertex 229.44 84.2056 2.5
      vertex 229.794 84.5595 2.5
    endloop
  endfacet
  facet normal 0 0 1
    outer loop
      vertex 228.994 87.0217 2.5
      vertex 229.44 84.2056 2.5
      vertex 229.44 86.7944 2.5
    endloop
  endfacet
  facet normal 0 0 1
    outer loop
      vertex 228.994 87.0217 2.5
      vertex 228.994 83.9783 2.5
      vertex 229.44 84.2056 2.5
    endloop
  endfacet
  facet normal 0 0 1
    outer loop
      vertex 228.5 87.1 2.5
      vertex 228.994 83.9783 2.5
      vertex 228.994 87.0217 2.5
    endloop
  endfacet
  facet normal 0 0 1
    outer loop
      vertex 228.5 87.1 2.5
      vertex 228.5 83.9 2.5
      vertex 228.994 83.9783 2.5
    endloop
  endfacet
  facet normal -0 0 1
    outer loop
      vertex 228.006 87.0217 2.5
      vertex 228.5 83.9 2.5
      vertex 228.5 87.1 2.5
    endloop
  endfacet
  facet normal 0 0 1
    outer loop
      vertex 228.006 87.0217 2.5
      vertex 228.006 83.9783 2.5
      vertex 228.5 83.9 2.5
    endloop
  endfacet
  facet normal -0 0 1
    outer loop
      vertex 227.56 86.7944 2.5
      vertex 228.006 83.9783 2.5
      vertex 228.006 87.0217 2.5
    endloop
  endfacet
  facet normal 0 0 1
    outer loop
      vertex 227.56 86.7944 2.5
      vertex 227.56 84.2056 2.5
      vertex 228.006 83.9783 2.5
    endloop
  endfacet
  facet normal -0 0 1
    outer loop
      vertex 227.206 86.4405 2.5
      vertex 227.56 84.2056 2.5
      vertex 227.56 86.7944 2.5
    endloop
  endfacet
  facet normal 0 0 1
    outer loop
      vertex 227.206 86.4405 2.5
      vertex 227.206 84.5595 2.5
      vertex 227.56 84.2056 2.5
    endloop
  endfacet
  facet normal -0 0 1
    outer loop
      vertex 226.978 85.9944 2.5
      vertex 227.206 84.5595 2.5
      vertex 227.206 86.4405 2.5
    endloop
  endfacet
  facet normal 0 0 1
    outer loop
      vertex 226.978 85.9944 2.5
      vertex 226.978 85.0056 2.5
      vertex 227.206 84.5595 2.5
    endloop
  endfacet
  facet normal 0 -0 1
    outer loop
      vertex 226.978 85.0056 2.5
      vertex 226.978 85.9944 2.5
      vertex 226.9 85.5 2.5
    endloop
  endfacet
  facet normal 0 0 1
    outer loop
      vertex 230.022 23.9944 2.5
      vertex 230.022 23.0056 2.5
      vertex 230.1 23.5 2.5
    endloop
  endfacet
  facet normal 0 0 1
    outer loop
      vertex 229.794 24.4405 2.5
      vertex 230.022 23.0056 2.5
      vertex 230.022 23.9944 2.5
    endloop
  endfacet
  facet normal 0 0 1
    outer loop
      vertex 229.794 24.4405 2.5
      vertex 229.794 22.5595 2.5
      vertex 230.022 23.0056 2.5
    endloop
  endfacet
  facet normal 0 0 1
    outer loop
      vertex 229.44 24.7944 2.5
      vertex 229.794 22.5595 2.5
      vertex 229.794 24.4405 2.5
    endloop
  endfacet
  facet normal 0 0 1
    outer loop
      vertex 229.44 24.7944 2.5
      vertex 229.44 22.2056 2.5
      vertex 229.794 22.5595 2.5
    endloop
  endfacet
  facet normal 0 0 1
    outer loop
      vertex 228.994 25.0217 2.5
      vertex 229.44 22.2056 2.5
      vertex 229.44 24.7944 2.5
    endloop
  endfacet
  facet normal 0 0 1
    outer loop
      vertex 228.994 25.0217 2.5
      vertex 228.994 21.9783 2.5
      vertex 229.44 22.2056 2.5
    endloop
  endfacet
  facet normal 0 0 1
    outer loop
      vertex 228.5 25.1 2.5
      vertex 228.994 21.9783 2.5
      vertex 228.994 25.0217 2.5
    endloop
  endfacet
  facet normal 0 0 1
    outer loop
      vertex 228.5 25.1 2.5
      vertex 228.5 21.9 2.5
      vertex 228.994 21.9783 2.5
    endloop
  endfacet
  facet normal -0 0 1
    outer loop
      vertex 228.006 25.0217 2.5
      vertex 228.5 21.9 2.5
      vertex 228.5 25.1 2.5
    endloop
  endfacet
  facet normal 0 0 1
    outer loop
      vertex 228.006 25.0217 2.5
      vertex 228.006 21.9783 2.5
      vertex 228.5 21.9 2.5
    endloop
  endfacet
  facet normal -0 0 1
    outer loop
      vertex 227.56 24.7944 2.5
      vertex 228.006 21.9783 2.5
      vertex 228.006 25.0217 2.5
    endloop
  endfacet
  facet normal 0 0 1
    outer loop
      vertex 227.56 24.7944 2.5
      vertex 227.56 22.2056 2.5
      vertex 228.006 21.9783 2.5
    endloop
  endfacet
  facet normal -0 0 1
    outer loop
      vertex 227.206 24.4405 2.5
      vertex 227.56 22.2056 2.5
      vertex 227.56 24.7944 2.5
    endloop
  endfacet
  facet normal 0 0 1
    outer loop
      vertex 227.206 24.4405 2.5
      vertex 227.206 22.5595 2.5
      vertex 227.56 22.2056 2.5
    endloop
  endfacet
  facet normal -0 0 1
    outer loop
      vertex 226.978 23.9944 2.5
      vertex 227.206 22.5595 2.5
      vertex 227.206 24.4405 2.5
    endloop
  endfacet
  facet normal 0 0 1
    outer loop
      vertex 226.978 23.9944 2.5
      vertex 226.978 23.0056 2.5
      vertex 227.206 22.5595 2.5
    endloop
  endfacet
  facet normal 0 -0 1
    outer loop
      vertex 226.978 23.0056 2.5
      vertex 226.978 23.9944 2.5
      vertex 226.9 23.5 2.5
    endloop
  endfacet
  facet normal 0 0 1
    outer loop
      vertex 11.0217 120.994 2.5
      vertex 11.0217 120.006 2.5
      vertex 11.1 120.5 2.5
    endloop
  endfacet
  facet normal 0 0 1
    outer loop
      vertex 10.7944 121.44 2.5
      vertex 11.0217 120.006 2.5
      vertex 11.0217 120.994 2.5
    endloop
  endfacet
  facet normal 0 0 1
    outer loop
      vertex 10.7944 121.44 2.5
      vertex 10.7944 119.56 2.5
      vertex 11.0217 120.006 2.5
    endloop
  endfacet
  facet normal 0 0 1
    outer loop
      vertex 10.4405 121.794 2.5
      vertex 10.7944 119.56 2.5
      vertex 10.7944 121.44 2.5
    endloop
  endfacet
  facet normal 0 0 1
    outer loop
      vertex 10.4405 121.794 2.5
      vertex 10.4405 119.206 2.5
      vertex 10.7944 119.56 2.5
    endloop
  endfacet
  facet normal 0 0 1
    outer loop
      vertex 9.99443 122.022 2.5
      vertex 10.4405 119.206 2.5
      vertex 10.4405 121.794 2.5
    endloop
  endfacet
  facet normal 0 0 1
    outer loop
      vertex 9.99443 122.022 2.5
      vertex 9.99443 118.978 2.5
      vertex 10.4405 119.206 2.5
    endloop
  endfacet
  facet normal 0 0 1
    outer loop
      vertex 9.5 122.1 2.5
      vertex 9.99443 118.978 2.5
      vertex 9.99443 122.022 2.5
    endloop
  endfacet
  facet normal 0 0 1
    outer loop
      vertex 9.5 122.1 2.5
      vertex 9.5 118.9 2.5
      vertex 9.99443 118.978 2.5
    endloop
  endfacet
  facet normal -0 0 1
    outer loop
      vertex 9.00557 122.022 2.5
      vertex 9.5 118.9 2.5
      vertex 9.5 122.1 2.5
    endloop
  endfacet
  facet normal 0 0 1
    outer loop
      vertex 9.00557 122.022 2.5
      vertex 9.00557 118.978 2.5
      vertex 9.5 118.9 2.5
    endloop
  endfacet
  facet normal -0 0 1
    outer loop
      vertex 8.55954 121.794 2.5
      vertex 9.00557 118.978 2.5
      vertex 9.00557 122.022 2.5
    endloop
  endfacet
  facet normal 0 0 1
    outer loop
      vertex 8.55954 121.794 2.5
      vertex 8.55954 119.206 2.5
      vertex 9.00557 118.978 2.5
    endloop
  endfacet
  facet normal -0 0 1
    outer loop
      vertex 8.20557 121.44 2.5
      vertex 8.55954 119.206 2.5
      vertex 8.55954 121.794 2.5
    endloop
  endfacet
  facet normal 0 0 1
    outer loop
      vertex 8.20557 121.44 2.5
      vertex 8.20557 119.56 2.5
      vertex 8.55954 119.206 2.5
    endloop
  endfacet
  facet normal -0 0 1
    outer loop
      vertex 7.97831 120.994 2.5
      vertex 8.20557 119.56 2.5
      vertex 8.20557 121.44 2.5
    endloop
  endfacet
  facet normal 0 0 1
    outer loop
      vertex 7.97831 120.994 2.5
      vertex 7.97831 120.006 2.5
      vertex 8.20557 119.56 2.5
    endloop
  endfacet
  facet normal 0 -0 1
    outer loop
      vertex 7.97831 120.006 2.5
      vertex 7.97831 120.994 2.5
      vertex 7.9 120.5 2.5
    endloop
  endfacet
  facet normal 0 0 1
    outer loop
      vertex 173.022 120.994 2.5
      vertex 173.022 120.006 2.5
      vertex 173.1 120.5 2.5
    endloop
  endfacet
  facet normal 0 0 1
    outer loop
      vertex 172.794 121.44 2.5
      vertex 173.022 120.006 2.5
      vertex 173.022 120.994 2.5
    endloop
  endfacet
  facet normal 0 0 1
    outer loop
      vertex 172.794 121.44 2.5
      vertex 172.794 119.56 2.5
      vertex 173.022 120.006 2.5
    endloop
  endfacet
  facet normal 0 0 1
    outer loop
      vertex 172.44 121.794 2.5
      vertex 172.794 119.56 2.5
      vertex 172.794 121.44 2.5
    endloop
  endfacet
  facet normal 0 0 1
    outer loop
      vertex 172.44 121.794 2.5
      vertex 172.44 119.206 2.5
      vertex 172.794 119.56 2.5
    endloop
  endfacet
  facet normal 0 0 1
    outer loop
      vertex 171.994 122.022 2.5
      vertex 172.44 119.206 2.5
      vertex 172.44 121.794 2.5
    endloop
  endfacet
  facet normal 0 0 1
    outer loop
      vertex 171.994 122.022 2.5
      vertex 171.994 118.978 2.5
      vertex 172.44 119.206 2.5
    endloop
  endfacet
  facet normal 0 0 1
    outer loop
      vertex 171.5 122.1 2.5
      vertex 171.994 118.978 2.5
      vertex 171.994 122.022 2.5
    endloop
  endfacet
  facet normal 0 0 1
    outer loop
      vertex 171.5 122.1 2.5
      vertex 171.5 118.9 2.5
      vertex 171.994 118.978 2.5
    endloop
  endfacet
  facet normal -0 0 1
    outer loop
      vertex 171.006 122.022 2.5
      vertex 171.5 118.9 2.5
      vertex 171.5 122.1 2.5
    endloop
  endfacet
  facet normal 0 0 1
    outer loop
      vertex 171.006 122.022 2.5
      vertex 171.006 118.978 2.5
      vertex 171.5 118.9 2.5
    endloop
  endfacet
  facet normal -0 0 1
    outer loop
      vertex 170.56 121.794 2.5
      vertex 171.006 118.978 2.5
      vertex 171.006 122.022 2.5
    endloop
  endfacet
  facet normal 0 0 1
    outer loop
      vertex 170.56 121.794 2.5
      vertex 170.56 119.206 2.5
      vertex 171.006 118.978 2.5
    endloop
  endfacet
  facet normal -0 0 1
    outer loop
      vertex 170.206 121.44 2.5
      vertex 170.56 119.206 2.5
      vertex 170.56 121.794 2.5
    endloop
  endfacet
  facet normal 0 0 1
    outer loop
      vertex 170.206 121.44 2.5
      vertex 170.206 119.56 2.5
      vertex 170.56 119.206 2.5
    endloop
  endfacet
  facet normal -0 0 1
    outer loop
      vertex 169.978 120.994 2.5
      vertex 170.206 119.56 2.5
      vertex 170.206 121.44 2.5
    endloop
  endfacet
  facet normal 0 0 1
    outer loop
      vertex 169.978 120.994 2.5
      vertex 169.978 120.006 2.5
      vertex 170.206 119.56 2.5
    endloop
  endfacet
  facet normal 0 -0 1
    outer loop
      vertex 169.978 120.006 2.5
      vertex 169.978 120.994 2.5
      vertex 169.9 120.5 2.5
    endloop
  endfacet
  facet normal 0 0 1
    outer loop
      vertex 11.0217 77.4944 2.5
      vertex 11.0217 76.5056 2.5
      vertex 11.1 77 2.5
    endloop
  endfacet
  facet normal 0 0 1
    outer loop
      vertex 10.7944 77.9405 2.5
      vertex 11.0217 76.5056 2.5
      vertex 11.0217 77.4944 2.5
    endloop
  endfacet
  facet normal 0 0 1
    outer loop
      vertex 10.7944 77.9405 2.5
      vertex 10.7944 76.0595 2.5
      vertex 11.0217 76.5056 2.5
    endloop
  endfacet
  facet normal 0 0 1
    outer loop
      vertex 10.4405 78.2944 2.5
      vertex 10.7944 76.0595 2.5
      vertex 10.7944 77.9405 2.5
    endloop
  endfacet
  facet normal 0 0 1
    outer loop
      vertex 10.4405 78.2944 2.5
      vertex 10.4405 75.7056 2.5
      vertex 10.7944 76.0595 2.5
    endloop
  endfacet
  facet normal 0 0 1
    outer loop
      vertex 9.99443 78.5217 2.5
      vertex 10.4405 75.7056 2.5
      vertex 10.4405 78.2944 2.5
    endloop
  endfacet
  facet normal 0 0 1
    outer loop
      vertex 9.99443 78.5217 2.5
      vertex 9.99443 75.4783 2.5
      vertex 10.4405 75.7056 2.5
    endloop
  endfacet
  facet normal 0 0 1
    outer loop
      vertex 9.5 78.6 2.5
      vertex 9.99443 75.4783 2.5
      vertex 9.99443 78.5217 2.5
    endloop
  endfacet
  facet normal 0 0 1
    outer loop
      vertex 9.5 78.6 2.5
      vertex 9.5 75.4 2.5
      vertex 9.99443 75.4783 2.5
    endloop
  endfacet
  facet normal -0 0 1
    outer loop
      vertex 9.00557 78.5217 2.5
      vertex 9.5 75.4 2.5
      vertex 9.5 78.6 2.5
    endloop
  endfacet
  facet normal 0 0 1
    outer loop
      vertex 9.00557 78.5217 2.5
      vertex 9.00557 75.4783 2.5
      vertex 9.5 75.4 2.5
    endloop
  endfacet
  facet normal -0 0 1
    outer loop
      vertex 8.55954 78.2944 2.5
      vertex 9.00557 75.4783 2.5
      vertex 9.00557 78.5217 2.5
    endloop
  endfacet
  facet normal 0 0 1
    outer loop
      vertex 8.55954 78.2944 2.5
      vertex 8.55954 75.7056 2.5
      vertex 9.00557 75.4783 2.5
    endloop
  endfacet
  facet normal -0 0 1
    outer loop
      vertex 8.20557 77.9405 2.5
      vertex 8.55954 75.7056 2.5
      vertex 8.55954 78.2944 2.5
    endloop
  endfacet
  facet normal 0 0 1
    outer loop
      vertex 8.20557 77.9405 2.5
      vertex 8.20557 76.0595 2.5
      vertex 8.55954 75.7056 2.5
    endloop
  endfacet
  facet normal -0 0 1
    outer loop
      vertex 7.97831 77.4944 2.5
      vertex 8.20557 76.0595 2.5
      vertex 8.20557 77.9405 2.5
    endloop
  endfacet
  facet normal 0 0 1
    outer loop
      vertex 7.97831 77.4944 2.5
      vertex 7.97831 76.5056 2.5
      vertex 8.20557 76.0595 2.5
    endloop
  endfacet
  facet normal 0 -0 1
    outer loop
      vertex 7.97831 76.5056 2.5
      vertex 7.97831 77.4944 2.5
      vertex 7.9 77 2.5
    endloop
  endfacet
  facet normal 0 0 1
    outer loop
      vertex 173.022 33.9944 2.5
      vertex 173.022 33.0056 2.5
      vertex 173.1 33.5 2.5
    endloop
  endfacet
  facet normal 0 0 1
    outer loop
      vertex 172.794 34.4405 2.5
      vertex 173.022 33.0056 2.5
      vertex 173.022 33.9944 2.5
    endloop
  endfacet
  facet normal 0 0 1
    outer loop
      vertex 172.794 34.4405 2.5
      vertex 172.794 32.5595 2.5
      vertex 173.022 33.0056 2.5
    endloop
  endfacet
  facet normal 0 0 1
    outer loop
      vertex 172.44 34.7944 2.5
      vertex 172.794 32.5595 2.5
      vertex 172.794 34.4405 2.5
    endloop
  endfacet
  facet normal 0 0 1
    outer loop
      vertex 172.44 34.7944 2.5
      vertex 172.44 32.2056 2.5
      vertex 172.794 32.5595 2.5
    endloop
  endfacet
  facet normal 0 0 1
    outer loop
      vertex 171.994 35.0217 2.5
      vertex 172.44 32.2056 2.5
      vertex 172.44 34.7944 2.5
    endloop
  endfacet
  facet normal 0 0 1
    outer loop
      vertex 171.994 35.0217 2.5
      vertex 171.994 31.9783 2.5
      vertex 172.44 32.2056 2.5
    endloop
  endfacet
  facet normal 0 0 1
    outer loop
      vertex 171.5 35.1 2.5
      vertex 171.994 31.9783 2.5
      vertex 171.994 35.0217 2.5
    endloop
  endfacet
  facet normal 0 0 1
    outer loop
      vertex 171.5 35.1 2.5
      vertex 171.5 31.9 2.5
      vertex 171.994 31.9783 2.5
    endloop
  endfacet
  facet normal -0 0 1
    outer loop
      vertex 171.006 35.0217 2.5
      vertex 171.5 31.9 2.5
      vertex 171.5 35.1 2.5
    endloop
  endfacet
  facet normal 0 0 1
    outer loop
      vertex 171.006 35.0217 2.5
      vertex 171.006 31.9783 2.5
      vertex 171.5 31.9 2.5
    endloop
  endfacet
  facet normal -0 0 1
    outer loop
      vertex 170.56 34.7944 2.5
      vertex 171.006 31.9783 2.5
      vertex 171.006 35.0217 2.5
    endloop
  endfacet
  facet normal 0 0 1
    outer loop
      vertex 170.56 34.7944 2.5
      vertex 170.56 32.2056 2.5
      vertex 171.006 31.9783 2.5
    endloop
  endfacet
  facet normal -0 0 1
    outer loop
      vertex 170.206 34.4405 2.5
      vertex 170.56 32.2056 2.5
      vertex 170.56 34.7944 2.5
    endloop
  endfacet
  facet normal 0 0 1
    outer loop
      vertex 170.206 34.4405 2.5
      vertex 170.206 32.5595 2.5
      vertex 170.56 32.2056 2.5
    endloop
  endfacet
  facet normal -0 0 1
    outer loop
      vertex 169.978 33.9944 2.5
      vertex 170.206 32.5595 2.5
      vertex 170.206 34.4405 2.5
    endloop
  endfacet
  facet normal 0 0 1
    outer loop
      vertex 169.978 33.9944 2.5
      vertex 169.978 33.0056 2.5
      vertex 170.206 32.5595 2.5
    endloop
  endfacet
  facet normal 0 -0 1
    outer loop
      vertex 169.978 33.0056 2.5
      vertex 169.978 33.9944 2.5
      vertex 169.9 33.5 2.5
    endloop
  endfacet
  facet normal 0 0 1
    outer loop
      vertex 10.5 6.5 2.5
      vertex 9.66377 2.54382 2.5
      vertex 10.5 2.54382 2.5
    endloop
  endfacet
  facet normal 0 0 1
    outer loop
      vertex 9.46472 6.6363 2.5
      vertex 9.66377 2.54382 2.5
      vertex 10.5 6.5 2.5
    endloop
  endfacet
  facet normal 0 0 1
    outer loop
      vertex 8.02786 2.89155 2.5
      vertex 9.46472 6.6363 2.5
      vertex 8.5 7.0359 2.5
    endloop
  endfacet
  facet normal 0 0 1
    outer loop
      vertex 9.46472 6.6363 2.5
      vertex 8.02786 2.89155 2.5
      vertex 9.66377 2.54382 2.5
    endloop
  endfacet
  facet normal 0 0 1
    outer loop
      vertex 5.14695 4.55484 2.5
      vertex 8.5 7.0359 2.5
      vertex 7.67157 7.67157 2.5
    endloop
  endfacet
  facet normal 0 0 1
    outer loop
      vertex 4.02786 5.79772 2.5
      vertex 7.67157 7.67157 2.5
      vertex 7.0359 8.5 2.5
    endloop
  endfacet
  facet normal 0 0 1
    outer loop
      vertex 3.19164 7.24611 2.5
      vertex 7.0359 8.5 2.5
      vertex 6.6363 9.46472 2.5
    endloop
  endfacet
  facet normal 0 0 1
    outer loop
      vertex 8.5 7.0359 2.5
      vertex 6.5 3.5718 2.5
      vertex 8.02786 2.89155 2.5
    endloop
  endfacet
  facet normal 0 0 1
    outer loop
      vertex 2.67482 8.83671 2.5
      vertex 6.6363 9.46472 2.5
      vertex 6.5 10.5 2.5
    endloop
  endfacet
  facet normal 0 0 1
    outer loop
      vertex 12.9773 77.9317 2.5
      vertex 168.023 119.568 2.5
      vertex 12.9773 119.568 2.5
    endloop
  endfacet
  facet normal 0 0 1
    outer loop
      vertex 168.023 119.568 2.5
      vertex 12.9773 77.9317 2.5
      vertex 13.1 77 2.5
    endloop
  endfacet
  facet normal -0 0 1
    outer loop
      vertex 12.6177 118.7 2.5
      vertex 12.9773 77.9317 2.5
      vertex 12.9773 119.568 2.5
    endloop
  endfacet
  facet normal 0 0 1
    outer loop
      vertex 12.6177 118.7 2.5
      vertex 12.6177 78.8 2.5
      vertex 12.9773 77.9317 2.5
    endloop
  endfacet
  facet normal -0 0 1
    outer loop
      vertex 12.0456 117.954 2.5
      vertex 12.6177 78.8 2.5
      vertex 12.6177 118.7 2.5
    endloop
  endfacet
  facet normal 0 0 1
    outer loop
      vertex 12.0456 117.954 2.5
      vertex 12.0456 79.5456 2.5
      vertex 12.6177 78.8 2.5
    endloop
  endfacet
  facet normal -0 0 1
    outer loop
      vertex 11.3 117.382 2.5
      vertex 12.0456 79.5456 2.5
      vertex 12.0456 117.954 2.5
    endloop
  endfacet
  facet normal 0 0 1
    outer loop
      vertex 11.3 117.382 2.5
      vertex 11.3 80.1177 2.5
      vertex 12.0456 79.5456 2.5
    endloop
  endfacet
  facet normal -0 0 1
    outer loop
      vertex 10.4317 117.023 2.5
      vertex 11.3 80.1177 2.5
      vertex 11.3 117.382 2.5
    endloop
  endfacet
  facet normal 0 0 1
    outer loop
      vertex 10.4317 117.023 2.5
      vertex 10.4317 80.4773 2.5
      vertex 11.3 80.1177 2.5
    endloop
  endfacet
  facet normal -0 0 1
    outer loop
      vertex 9.5 116.9 2.5
      vertex 10.4317 80.4773 2.5
      vertex 10.4317 117.023 2.5
    endloop
  endfacet
  facet normal 0 0 1
    outer loop
      vertex 9.5 116.9 2.5
      vertex 9.5 80.6 2.5
      vertex 10.4317 80.4773 2.5
    endloop
  endfacet
  facet normal 0 0 1
    outer loop
      vertex 8.56825 117.023 2.5
      vertex 9.5 80.6 2.5
      vertex 9.5 116.9 2.5
    endloop
  endfacet
  facet normal 0 0 1
    outer loop
      vertex 8.56825 117.023 2.5
      vertex 8.56825 80.4773 2.5
      vertex 9.5 80.6 2.5
    endloop
  endfacet
  facet normal 0 0 1
    outer loop
      vertex 7.7 117.382 2.5
      vertex 8.56825 80.4773 2.5
      vertex 8.56825 117.023 2.5
    endloop
  endfacet
  facet normal 0 0 1
    outer loop
      vertex 7.7 117.382 2.5
      vertex 7.7 80.1177 2.5
      vertex 8.56825 80.4773 2.5
    endloop
  endfacet
  facet normal 0 0 1
    outer loop
      vertex 6.95442 117.954 2.5
      vertex 7.7 80.1177 2.5
      vertex 7.7 117.382 2.5
    endloop
  endfacet
  facet normal 0 0 1
    outer loop
      vertex 6.95442 117.954 2.5
      vertex 6.95442 79.5456 2.5
      vertex 7.7 80.1177 2.5
    endloop
  endfacet
  facet normal 0 0 1
    outer loop
      vertex 6.38231 118.7 2.5
      vertex 6.95442 79.5456 2.5
      vertex 6.95442 117.954 2.5
    endloop
  endfacet
  facet normal 0 0 1
    outer loop
      vertex 6.38231 118.7 2.5
      vertex 6.38231 78.8 2.5
      vertex 6.95442 79.5456 2.5
    endloop
  endfacet
  facet normal 0 0 1
    outer loop
      vertex 6.02267 119.568 2.5
      vertex 6.38231 78.8 2.5
      vertex 6.38231 118.7 2.5
    endloop
  endfacet
  facet normal 0 0 1
    outer loop
      vertex 6.02267 119.568 2.5
      vertex 6.02267 77.9317 2.5
      vertex 6.38231 78.8 2.5
    endloop
  endfacet
  facet normal 0 0 1
    outer loop
      vertex 5.9 120.5 2.5
      vertex 6.02267 77.9317 2.5
      vertex 6.02267 119.568 2.5
    endloop
  endfacet
  facet normal 0 0 1
    outer loop
      vertex 6.02267 77.9317 2.5
      vertex 5.9 120.5 2.5
      vertex 5.9 77 2.5
    endloop
  endfacet
  facet normal 0 0 1
    outer loop
      vertex 168.023 119.568 2.5
      vertex 13.1 77 2.5
      vertex 168.382 118.7 2.5
    endloop
  endfacet
  facet normal -0 0 1
    outer loop
      vertex 12.9773 76.0683 2.5
      vertex 168.382 35.3 2.5
      vertex 13.1 77 2.5
    endloop
  endfacet
  facet normal 0 0 1
    outer loop
      vertex 12.9773 121.432 2.5
      vertex 14.3637 138.465 2.5
      vertex 13.9641 137.5 2.5
    endloop
  endfacet
  facet normal 0 0 1
    outer loop
      vertex 168.382 35.3 2.5
      vertex 14.3637 11.5353 2.5
      vertex 14.5 10.5 2.5
    endloop
  endfacet
  facet normal 0 0 1
    outer loop
      vertex 12.6177 122.3 2.5
      vertex 13.9641 137.5 2.5
      vertex 13.3284 136.672 2.5
    endloop
  endfacet
  facet normal 0 -0 1
    outer loop
      vertex 13.9641 12.5 2.5
      vertex 168.382 35.3 2.5
      vertex 12.9773 76.0683 2.5
    endloop
  endfacet
  facet normal 0 0 1
    outer loop
      vertex 168.382 118.7 2.5
      vertex 13.1 77 2.5
      vertex 168.382 35.3 2.5
    endloop
  endfacet
  facet normal 0 0 1
    outer loop
      vertex 14.3637 138.465 2.5
      vertex 12.9773 121.432 2.5
      vertex 13.1 120.5 2.5
    endloop
  endfacet
  facet normal 0 0 1
    outer loop
      vertex 13.9641 137.5 2.5
      vertex 12.6177 122.3 2.5
      vertex 12.9773 121.432 2.5
    endloop
  endfacet
  facet normal 0 0 1
    outer loop
      vertex 12.0456 123.046 2.5
      vertex 13.3284 136.672 2.5
      vertex 12.5 136.036 2.5
    endloop
  endfacet
  facet normal 0 0 1
    outer loop
      vertex 13.3284 136.672 2.5
      vertex 12.0456 123.046 2.5
      vertex 12.6177 122.3 2.5
    endloop
  endfacet
  facet normal 0 0 1
    outer loop
      vertex 11.3 123.618 2.5
      vertex 12.5 136.036 2.5
      vertex 11.5353 135.636 2.5
    endloop
  endfacet
  facet normal 0 0 1
    outer loop
      vertex 12.5 136.036 2.5
      vertex 11.3 123.618 2.5
      vertex 12.0456 123.046 2.5
    endloop
  endfacet
  facet normal 0 0 1
    outer loop
      vertex 10.4317 123.977 2.5
      vertex 11.5353 135.636 2.5
      vertex 10.5 135.5 2.5
    endloop
  endfacet
  facet normal 0 0 1
    outer loop
      vertex 11.5353 135.636 2.5
      vertex 10.4317 123.977 2.5
      vertex 11.3 123.618 2.5
    endloop
  endfacet
  facet normal 0 0 1
    outer loop
      vertex 10.5 135.5 2.5
      vertex 9.5 124.1 2.5
      vertex 10.4317 123.977 2.5
    endloop
  endfacet
  facet normal 0 0 1
    outer loop
      vertex 9.46472 135.636 2.5
      vertex 9.5 124.1 2.5
      vertex 10.5 135.5 2.5
    endloop
  endfacet
  facet normal 0 0 1
    outer loop
      vertex 9.46472 135.636 2.5
      vertex 8.56825 123.977 2.5
      vertex 9.5 124.1 2.5
    endloop
  endfacet
  facet normal 0 0 1
    outer loop
      vertex 8.5 136.036 2.5
      vertex 8.56825 123.977 2.5
      vertex 9.46472 135.636 2.5
    endloop
  endfacet
  facet normal 0 0 1
    outer loop
      vertex 8.5 136.036 2.5
      vertex 7.7 123.618 2.5
      vertex 8.56825 123.977 2.5
    endloop
  endfacet
  facet normal 0 0 1
    outer loop
      vertex 7.67157 136.672 2.5
      vertex 7.7 123.618 2.5
      vertex 8.5 136.036 2.5
    endloop
  endfacet
  facet normal 0 0 1
    outer loop
      vertex 2.5 139.5 2.5
      vertex 7.67157 136.672 2.5
      vertex 7.0359 137.5 2.5
    endloop
  endfacet
  facet normal 0 0 1
    outer loop
      vertex 7.67157 136.672 2.5
      vertex 6.95442 123.046 2.5
      vertex 7.7 123.618 2.5
    endloop
  endfacet
  facet normal 0 0 1
    outer loop
      vertex 2.5 139.5 2.5
      vertex 7.0359 137.5 2.5
      vertex 6.6363 138.465 2.5
    endloop
  endfacet
  facet normal -0 0 1
    outer loop
      vertex 2.5 139.5 2.5
      vertex 6.6363 138.465 2.5
      vertex 6.5 139.5 2.5
    endloop
  endfacet
  facet normal 0 0 1
    outer loop
      vertex 7.67157 136.672 2.5
      vertex 2.5 139.5 2.5
      vertex 6.95442 123.046 2.5
    endloop
  endfacet
  facet normal 0 0 1
    outer loop
      vertex 196 111.5 2.5
      vertex 173.3 117.382 2.5
      vertex 196.382 87.3 2.5
    endloop
  endfacet
  facet normal 0 0 1
    outer loop
      vertex 195.9 85.5 2.5
      vertex 174.977 34.4317 2.5
      vertex 175.1 33.5 2.5
    endloop
  endfacet
  facet normal -0 0 1
    outer loop
      vertex 172.432 117.023 2.5
      vertex 196.382 87.3 2.5
      vertex 173.3 117.382 2.5
    endloop
  endfacet
  facet normal 0 0 1
    outer loop
      vertex 195.9 85.5 2.5
      vertex 174.618 35.3 2.5
      vertex 174.977 34.4317 2.5
    endloop
  endfacet
  facet normal 0 0 1
    outer loop
      vertex 196.382 87.3 2.5
      vertex 172.432 117.023 2.5
      vertex 196.023 86.4317 2.5
    endloop
  endfacet
  facet normal 0 0 1
    outer loop
      vertex 195.9 85.5 2.5
      vertex 174.046 36.0456 2.5
      vertex 174.618 35.3 2.5
    endloop
  endfacet
  facet normal -0 0 1
    outer loop
      vertex 171.5 116.9 2.5
      vertex 196.023 86.4317 2.5
      vertex 172.432 117.023 2.5
    endloop
  endfacet
  facet normal 0 0 1
    outer loop
      vertex 195.9 85.5 2.5
      vertex 173.3 36.6177 2.5
      vertex 174.046 36.0456 2.5
    endloop
  endfacet
  facet normal 0 0 1
    outer loop
      vertex 196.023 86.4317 2.5
      vertex 171.5 116.9 2.5
      vertex 195.9 85.5 2.5
    endloop
  endfacet
  facet normal 0 0 1
    outer loop
      vertex 195.9 85.5 2.5
      vertex 172.432 36.9773 2.5
      vertex 173.3 36.6177 2.5
    endloop
  endfacet
  facet normal 0 0 1
    outer loop
      vertex 170.568 117.023 2.5
      vertex 195.9 85.5 2.5
      vertex 171.5 116.9 2.5
    endloop
  endfacet
  facet normal 0 0 1
    outer loop
      vertex 195.9 85.5 2.5
      vertex 171.5 37.1 2.5
      vertex 172.432 36.9773 2.5
    endloop
  endfacet
  facet normal 0 0 1
    outer loop
      vertex 170.568 36.9773 2.5
      vertex 195.9 85.5 2.5
      vertex 170.568 117.023 2.5
    endloop
  endfacet
  facet normal 0 0 1
    outer loop
      vertex 195.9 85.5 2.5
      vertex 170.568 36.9773 2.5
      vertex 171.5 37.1 2.5
    endloop
  endfacet
  facet normal 0 0 1
    outer loop
      vertex 169.7 117.382 2.5
      vertex 170.568 36.9773 2.5
      vertex 170.568 117.023 2.5
    endloop
  endfacet
  facet normal 0 0 1
    outer loop
      vertex 169.7 117.382 2.5
      vertex 169.7 36.6177 2.5
      vertex 170.568 36.9773 2.5
    endloop
  endfacet
  facet normal 0 0 1
    outer loop
      vertex 168.954 117.954 2.5
      vertex 169.7 36.6177 2.5
      vertex 169.7 117.382 2.5
    endloop
  endfacet
  facet normal 0 0 1
    outer loop
      vertex 168.954 117.954 2.5
      vertex 168.954 36.0456 2.5
      vertex 169.7 36.6177 2.5
    endloop
  endfacet
  facet normal 0 0 1
    outer loop
      vertex 168.382 118.7 2.5
      vertex 168.954 36.0456 2.5
      vertex 168.954 117.954 2.5
    endloop
  endfacet
  facet normal 0 0 1
    outer loop
      vertex 168.382 118.7 2.5
      vertex 168.382 35.3 2.5
      vertex 168.954 36.0456 2.5
    endloop
  endfacet
  facet normal 0 0 1
    outer loop
      vertex 13.1 120.5 2.5
      vertex 167.9 120.5 2.5
      vertex 14.3637 138.465 2.5
    endloop
  endfacet
  facet normal 0 0 1
    outer loop
      vertex 167.9 120.5 2.5
      vertex 13.1 120.5 2.5
      vertex 168.023 119.568 2.5
    endloop
  endfacet
  facet normal -0 0 1
    outer loop
      vertex 14.3637 138.465 2.5
      vertex 167.9 120.5 2.5
      vertex 14.5 139.5 2.5
    endloop
  endfacet
  facet normal 0 0 1
    outer loop
      vertex 12.9773 119.568 2.5
      vertex 168.023 119.568 2.5
      vertex 13.1 120.5 2.5
    endloop
  endfacet
  facet normal 0 0 1
    outer loop
      vertex 168.382 35.3 2.5
      vertex 13.9641 12.5 2.5
      vertex 14.3637 11.5353 2.5
    endloop
  endfacet
  facet normal -0 0 1
    outer loop
      vertex 12.6177 75.2 2.5
      vertex 13.9641 12.5 2.5
      vertex 12.9773 76.0683 2.5
    endloop
  endfacet
  facet normal 0 0 1
    outer loop
      vertex 13.9641 12.5 2.5
      vertex 12.6177 75.2 2.5
      vertex 13.3284 13.3284 2.5
    endloop
  endfacet
  facet normal -0 0 1
    outer loop
      vertex 12.0456 74.4544 2.5
      vertex 13.3284 13.3284 2.5
      vertex 12.6177 75.2 2.5
    endloop
  endfacet
  facet normal 0 0 1
    outer loop
      vertex 13.3284 13.3284 2.5
      vertex 12.0456 74.4544 2.5
      vertex 12.5 13.9641 2.5
    endloop
  endfacet
  facet normal -0 0 1
    outer loop
      vertex 11.3 73.8823 2.5
      vertex 12.5 13.9641 2.5
      vertex 12.0456 74.4544 2.5
    endloop
  endfacet
  facet normal 0 0 1
    outer loop
      vertex 12.5 13.9641 2.5
      vertex 11.3 73.8823 2.5
      vertex 11.5353 14.3637 2.5
    endloop
  endfacet
  facet normal -0 0 1
    outer loop
      vertex 10.4317 73.5227 2.5
      vertex 11.5353 14.3637 2.5
      vertex 11.3 73.8823 2.5
    endloop
  endfacet
  facet normal 0 0 1
    outer loop
      vertex 11.5353 14.3637 2.5
      vertex 10.4317 73.5227 2.5
      vertex 10.5 14.5 2.5
    endloop
  endfacet
  facet normal -0 0 1
    outer loop
      vertex 9.5 73.4 2.5
      vertex 10.5 14.5 2.5
      vertex 10.4317 73.5227 2.5
    endloop
  endfacet
  facet normal 0 0 1
    outer loop
      vertex 9.5 73.4 2.5
      vertex 9.46472 14.3637 2.5
      vertex 10.5 14.5 2.5
    endloop
  endfacet
  facet normal 0 0 1
    outer loop
      vertex 8.56825 73.5227 2.5
      vertex 9.46472 14.3637 2.5
      vertex 9.5 73.4 2.5
    endloop
  endfacet
  facet normal 0 0 1
    outer loop
      vertex 8.56825 73.5227 2.5
      vertex 8.5 13.9641 2.5
      vertex 9.46472 14.3637 2.5
    endloop
  endfacet
  facet normal 0 0 1
    outer loop
      vertex 7.7 73.8823 2.5
      vertex 8.5 13.9641 2.5
      vertex 8.56825 73.5227 2.5
    endloop
  endfacet
  facet normal 0 0 1
    outer loop
      vertex 2.5 10.5 2.5
      vertex 8.5 13.9641 2.5
      vertex 7.7 73.8823 2.5
    endloop
  endfacet
  facet normal 0 0 1
    outer loop
      vertex 8.5 13.9641 2.5
      vertex 2.5 10.5 2.5
      vertex 7.67157 13.3284 2.5
    endloop
  endfacet
  facet normal 0 0 1
    outer loop
      vertex 2.5 10.5 2.5
      vertex 7.7 73.8823 2.5
      vertex 6.95442 74.4544 2.5
    endloop
  endfacet
  facet normal 0 0 1
    outer loop
      vertex 7.67157 13.3284 2.5
      vertex 2.5 10.5 2.5
      vertex 7.0359 12.5 2.5
    endloop
  endfacet
  facet normal 0 0 1
    outer loop
      vertex 7.0359 12.5 2.5
      vertex 2.5 10.5 2.5
      vertex 6.6363 11.5353 2.5
    endloop
  endfacet
  facet normal 0 0 1
    outer loop
      vertex 2.5 10.5 2.5
      vertex 6.95442 74.4544 2.5
      vertex 6.38231 75.2 2.5
    endloop
  endfacet
  facet normal 0 0 1
    outer loop
      vertex 6.6363 11.5353 2.5
      vertex 2.5 10.5 2.5
      vertex 6.5 10.5 2.5
    endloop
  endfacet
  facet normal 0 0 1
    outer loop
      vertex 2.5 10.5 2.5
      vertex 6.38231 75.2 2.5
      vertex 6.02267 76.0683 2.5
    endloop
  endfacet
  facet normal 0 0 1
    outer loop
      vertex 2.5 10.5 2.5
      vertex 6.02267 76.0683 2.5
      vertex 5.9 77 2.5
    endloop
  endfacet
  facet normal 0 0 1
    outer loop
      vertex 5.9 120.5 2.5
      vertex 2.5 139.5 2.5
      vertex 5.9 77 2.5
    endloop
  endfacet
  facet normal 0 0 1
    outer loop
      vertex 2.5 10.5 2.5
      vertex 5.9 77 2.5
      vertex 2.5 139.5 2.5
    endloop
  endfacet
  facet normal 0 0 1
    outer loop
      vertex 2.5 139.5 2.5
      vertex 5.14695 145.445 2.5
      vertex 4.02786 144.202 2.5
    endloop
  endfacet
  facet normal 0 -0 1
    outer loop
      vertex 2.67482 8.83671 2.5
      vertex 6.5 10.5 2.5
      vertex 2.5 10.5 2.5
    endloop
  endfacet
  facet normal 0 0 1
    outer loop
      vertex 2.5 139.5 2.5
      vertex 4.02786 144.202 2.5
      vertex 3.19164 142.754 2.5
    endloop
  endfacet
  facet normal 0 0 1
    outer loop
      vertex 8.5 7.0359 2.5
      vertex 5.14695 4.55484 2.5
      vertex 6.5 3.5718 2.5
    endloop
  endfacet
  facet normal 0 0 1
    outer loop
      vertex 2.5 139.5 2.5
      vertex 3.19164 142.754 2.5
      vertex 2.67482 141.163 2.5
    endloop
  endfacet
  facet normal 0 0 1
    outer loop
      vertex 7.67157 7.67157 2.5
      vertex 4.02786 5.79772 2.5
      vertex 5.14695 4.55484 2.5
    endloop
  endfacet
  facet normal 0 0 1
    outer loop
      vertex 7.0359 8.5 2.5
      vertex 3.19164 7.24611 2.5
      vertex 4.02786 5.79772 2.5
    endloop
  endfacet
  facet normal 0 0 1
    outer loop
      vertex 6.6363 9.46472 2.5
      vertex 2.67482 8.83671 2.5
      vertex 3.19164 7.24611 2.5
    endloop
  endfacet
  facet normal 0 0 1
    outer loop
      vertex 195.882 112.7 2.5
      vertex 196 111.5 2.5
      vertex 196 112.547 2.5
    endloop
  endfacet
  facet normal 0 0 1
    outer loop
      vertex 195.4 114.5 2.5
      vertex 174.618 118.7 2.5
      vertex 195.523 113.568 2.5
    endloop
  endfacet
  facet normal 0 0 1
    outer loop
      vertex 195.523 113.568 2.5
      vertex 196 111.5 2.5
      vertex 195.882 112.7 2.5
    endloop
  endfacet
  facet normal 0 0 1
    outer loop
      vertex 225.954 82.9544 2.5
      vertex 202.046 82.9544 2.5
      vertex 226.7 82.3823 2.5
    endloop
  endfacet
  facet normal 0 0 1
    outer loop
      vertex 226.7 26.6177 2.5
      vertex 202.977 24.4317 2.5
      vertex 203.1 23.5 2.5
    endloop
  endfacet
  facet normal 0 0 1
    outer loop
      vertex 201.3 82.3823 2.5
      vertex 226.7 82.3823 2.5
      vertex 202.046 82.9544 2.5
    endloop
  endfacet
  facet normal 0 0 1
    outer loop
      vertex 226.7 26.6177 2.5
      vertex 202.618 25.3 2.5
      vertex 202.977 24.4317 2.5
    endloop
  endfacet
  facet normal 0 0 1
    outer loop
      vertex 226.7 82.3823 2.5
      vertex 201.3 82.3823 2.5
      vertex 226.7 26.6177 2.5
    endloop
  endfacet
  facet normal 0 0 1
    outer loop
      vertex 226.7 26.6177 2.5
      vertex 202.046 26.0456 2.5
      vertex 202.618 25.3 2.5
    endloop
  endfacet
  facet normal 0 0 1
    outer loop
      vertex 201.3 26.6177 2.5
      vertex 226.7 26.6177 2.5
      vertex 201.3 82.3823 2.5
    endloop
  endfacet
  facet normal 0 0 1
    outer loop
      vertex 226.7 26.6177 2.5
      vertex 201.3 26.6177 2.5
      vertex 202.046 26.0456 2.5
    endloop
  endfacet
  facet normal -0 0 1
    outer loop
      vertex 200.432 82.0227 2.5
      vertex 201.3 26.6177 2.5
      vertex 201.3 82.3823 2.5
    endloop
  endfacet
  facet normal 0 0 1
    outer loop
      vertex 200.432 82.0227 2.5
      vertex 200.432 26.9773 2.5
      vertex 201.3 26.6177 2.5
    endloop
  endfacet
  facet normal -0 0 1
    outer loop
      vertex 199.5 81.9 2.5
      vertex 200.432 26.9773 2.5
      vertex 200.432 82.0227 2.5
    endloop
  endfacet
  facet normal 0 0 1
    outer loop
      vertex 199.5 81.9 2.5
      vertex 199.5 27.1 2.5
      vertex 200.432 26.9773 2.5
    endloop
  endfacet
  facet normal 0 0 1
    outer loop
      vertex 198.568 82.0227 2.5
      vertex 199.5 27.1 2.5
      vertex 199.5 81.9 2.5
    endloop
  endfacet
  facet normal 0 0 1
    outer loop
      vertex 198.568 82.0227 2.5
      vertex 198.568 26.9773 2.5
      vertex 199.5 27.1 2.5
    endloop
  endfacet
  facet normal 0 0 1
    outer loop
      vertex 197.7 82.3823 2.5
      vertex 198.568 26.9773 2.5
      vertex 198.568 82.0227 2.5
    endloop
  endfacet
  facet normal 0 0 1
    outer loop
      vertex 197.7 82.3823 2.5
      vertex 197.7 26.6177 2.5
      vertex 198.568 26.9773 2.5
    endloop
  endfacet
  facet normal 0 0 1
    outer loop
      vertex 196.954 82.9544 2.5
      vertex 197.7 26.6177 2.5
      vertex 197.7 82.3823 2.5
    endloop
  endfacet
  facet normal 0 0 1
    outer loop
      vertex 196.954 82.9544 2.5
      vertex 196.954 26.0456 2.5
      vertex 197.7 26.6177 2.5
    endloop
  endfacet
  facet normal 0 0 1
    outer loop
      vertex 196.382 83.7 2.5
      vertex 196.954 26.0456 2.5
      vertex 196.954 82.9544 2.5
    endloop
  endfacet
  facet normal 0 0 1
    outer loop
      vertex 196.382 83.7 2.5
      vertex 196.382 25.3 2.5
      vertex 196.954 26.0456 2.5
    endloop
  endfacet
  facet normal 0 0 1
    outer loop
      vertex 196.023 84.5683 2.5
      vertex 196.382 25.3 2.5
      vertex 196.382 83.7 2.5
    endloop
  endfacet
  facet normal 0 0 1
    outer loop
      vertex 196.023 84.5683 2.5
      vertex 196.023 24.4317 2.5
      vertex 196.382 25.3 2.5
    endloop
  endfacet
  facet normal 0 0 1
    outer loop
      vertex 195.9 85.5 2.5
      vertex 196.023 24.4317 2.5
      vertex 196.023 84.5683 2.5
    endloop
  endfacet
  facet normal 0 0 1
    outer loop
      vertex 196.023 24.4317 2.5
      vertex 195.9 85.5 2.5
      vertex 195.9 23.5 2.5
    endloop
  endfacet
  facet normal -0 0 1
    outer loop
      vertex 231.618 83.7 2.5
      vertex 245.5 10.5 2.5
      vertex 231.977 84.5683 2.5
    endloop
  endfacet
  facet normal 0 0 1
    outer loop
      vertex 245.5 10.5 2.5
      vertex 231.977 24.4317 2.5
      vertex 232.1 23.5 2.5
    endloop
  endfacet
  facet normal -0 0 1
    outer loop
      vertex 231.618 25.3 2.5
      vertex 245.5 10.5 2.5
      vertex 231.618 83.7 2.5
    endloop
  endfacet
  facet normal 0 0 1
    outer loop
      vertex 245.5 10.5 2.5
      vertex 231.618 25.3 2.5
      vertex 231.977 24.4317 2.5
    endloop
  endfacet
  facet normal -0 0 1
    outer loop
      vertex 231.046 82.9544 2.5
      vertex 231.618 25.3 2.5
      vertex 231.618 83.7 2.5
    endloop
  endfacet
  facet normal 0 0 1
    outer loop
      vertex 231.046 82.9544 2.5
      vertex 231.046 26.0456 2.5
      vertex 231.618 25.3 2.5
    endloop
  endfacet
  facet normal -0 0 1
    outer loop
      vertex 230.3 82.3823 2.5
      vertex 231.046 26.0456 2.5
      vertex 231.046 82.9544 2.5
    endloop
  endfacet
  facet normal 0 0 1
    outer loop
      vertex 230.3 82.3823 2.5
      vertex 230.3 26.6177 2.5
      vertex 231.046 26.0456 2.5
    endloop
  endfacet
  facet normal -0 0 1
    outer loop
      vertex 229.432 82.0227 2.5
      vertex 230.3 26.6177 2.5
      vertex 230.3 82.3823 2.5
    endloop
  endfacet
  facet normal 0 0 1
    outer loop
      vertex 229.432 82.0227 2.5
      vertex 229.432 26.9773 2.5
      vertex 230.3 26.6177 2.5
    endloop
  endfacet
  facet normal -0 0 1
    outer loop
      vertex 228.5 81.9 2.5
      vertex 229.432 26.9773 2.5
      vertex 229.432 82.0227 2.5
    endloop
  endfacet
  facet normal 0 0 1
    outer loop
      vertex 228.5 81.9 2.5
      vertex 228.5 27.1 2.5
      vertex 229.432 26.9773 2.5
    endloop
  endfacet
  facet normal 0 0 1
    outer loop
      vertex 227.568 82.0227 2.5
      vertex 228.5 27.1 2.5
      vertex 228.5 81.9 2.5
    endloop
  endfacet
  facet normal 0 0 1
    outer loop
      vertex 227.568 82.0227 2.5
      vertex 227.568 26.9773 2.5
      vertex 228.5 27.1 2.5
    endloop
  endfacet
  facet normal 0 0 1
    outer loop
      vertex 226.7 82.3823 2.5
      vertex 227.568 26.9773 2.5
      vertex 227.568 82.0227 2.5
    endloop
  endfacet
  facet normal 0 0 1
    outer loop
      vertex 226.7 82.3823 2.5
      vertex 226.7 26.6177 2.5
      vertex 227.568 26.9773 2.5
    endloop
  endfacet
  facet normal 0 0 1
    outer loop
      vertex 202.618 83.7 2.5
      vertex 225.382 83.7 2.5
      vertex 202.977 84.5683 2.5
    endloop
  endfacet
  facet normal 0 0 1
    outer loop
      vertex 225.382 83.7 2.5
      vertex 202.618 83.7 2.5
      vertex 225.954 82.9544 2.5
    endloop
  endfacet
  facet normal 0 0 1
    outer loop
      vertex 225.023 84.5683 2.5
      vertex 202.977 84.5683 2.5
      vertex 225.382 83.7 2.5
    endloop
  endfacet
  facet normal 0 0 1
    outer loop
      vertex 202.046 82.9544 2.5
      vertex 225.954 82.9544 2.5
      vertex 202.618 83.7 2.5
    endloop
  endfacet
  facet normal 0 0 1
    outer loop
      vertex 202.977 84.5683 2.5
      vertex 225.023 84.5683 2.5
      vertex 203.1 85.5 2.5
    endloop
  endfacet
  facet normal 0 0 1
    outer loop
      vertex 226.7 26.6177 2.5
      vertex 203.1 23.5 2.5
      vertex 225.954 26.0456 2.5
    endloop
  endfacet
  facet normal -0 0 1
    outer loop
      vertex 203.1 85.5 2.5
      vertex 225.023 84.5683 2.5
      vertex 224.9 85.5 2.5
    endloop
  endfacet
  facet normal 0 0 1
    outer loop
      vertex 225.954 26.0456 2.5
      vertex 203.1 23.5 2.5
      vertex 225.382 25.3 2.5
    endloop
  endfacet
  facet normal 0 0 1
    outer loop
      vertex 232 111.5 2.5
      vertex 232.118 112.7 2.5
      vertex 232 112.547 2.5
    endloop
  endfacet
  facet normal 0 0 1
    outer loop
      vertex 232.118 112.7 2.5
      vertex 232 111.5 2.5
      vertex 232.1 85.5 2.5
    endloop
  endfacet
  facet normal 0 0 1
    outer loop
      vertex 232 111.5 2.5
      vertex 231.977 86.4317 2.5
      vertex 232.1 85.5 2.5
    endloop
  endfacet
  facet normal 0 0 1
    outer loop
      vertex 232 111.5 2.5
      vertex 231.618 87.3 2.5
      vertex 231.977 86.4317 2.5
    endloop
  endfacet
  facet normal 0 0 1
    outer loop
      vertex 232 111.5 2.5
      vertex 231.046 88.0456 2.5
      vertex 231.618 87.3 2.5
    endloop
  endfacet
  facet normal 0 0 1
    outer loop
      vertex 230.8 111.382 2.5
      vertex 232 111.5 2.5
      vertex 230.953 111.5 2.5
    endloop
  endfacet
  facet normal 0 0 1
    outer loop
      vertex 229.932 111.023 2.5
      vertex 232 111.5 2.5
      vertex 230.8 111.382 2.5
    endloop
  endfacet
  facet normal 0 0 1
    outer loop
      vertex 232 111.5 2.5
      vertex 230.3 88.6177 2.5
      vertex 231.046 88.0456 2.5
    endloop
  endfacet
  facet normal 0 0 1
    outer loop
      vertex 229.432 88.9773 2.5
      vertex 232 111.5 2.5
      vertex 229.932 111.023 2.5
    endloop
  endfacet
  facet normal 0 0 1
    outer loop
      vertex 232 111.5 2.5
      vertex 229.432 88.9773 2.5
      vertex 230.3 88.6177 2.5
    endloop
  endfacet
  facet normal -0 0 1
    outer loop
      vertex 229 110.9 2.5
      vertex 229.432 88.9773 2.5
      vertex 229.932 111.023 2.5
    endloop
  endfacet
  facet normal 0 0 1
    outer loop
      vertex 229 110.9 2.5
      vertex 228.5 89.1 2.5
      vertex 229.432 88.9773 2.5
    endloop
  endfacet
  facet normal 0 0 1
    outer loop
      vertex 228.068 111.023 2.5
      vertex 228.5 89.1 2.5
      vertex 229 110.9 2.5
    endloop
  endfacet
  facet normal 0 0 1
    outer loop
      vertex 228.068 111.023 2.5
      vertex 227.568 88.9773 2.5
      vertex 228.5 89.1 2.5
    endloop
  endfacet
  facet normal 0 0 1
    outer loop
      vertex 227.2 111.382 2.5
      vertex 227.568 88.9773 2.5
      vertex 228.068 111.023 2.5
    endloop
  endfacet
  facet normal 0 0 1
    outer loop
      vertex 226.7 88.6177 2.5
      vertex 227.2 111.382 2.5
      vertex 227.047 111.5 2.5
    endloop
  endfacet
  facet normal 0 0 1
    outer loop
      vertex 227.2 111.382 2.5
      vertex 226.7 88.6177 2.5
      vertex 227.568 88.9773 2.5
    endloop
  endfacet
  facet normal 0 0 1
    outer loop
      vertex 227.047 111.5 2.5
      vertex 225.954 88.0456 2.5
      vertex 226.7 88.6177 2.5
    endloop
  endfacet
  facet normal 0 0 1
    outer loop
      vertex 202.046 88.0456 2.5
      vertex 225.954 88.0456 2.5
      vertex 227.047 111.5 2.5
    endloop
  endfacet
  facet normal 0 0 1
    outer loop
      vertex 225.954 88.0456 2.5
      vertex 202.046 88.0456 2.5
      vertex 225.382 87.3 2.5
    endloop
  endfacet
  facet normal 0 -0 1
    outer loop
      vertex 202.618 87.3 2.5
      vertex 225.382 87.3 2.5
      vertex 202.046 88.0456 2.5
    endloop
  endfacet
  facet normal 0 0 1
    outer loop
      vertex 225.382 25.3 2.5
      vertex 203.1 23.5 2.5
      vertex 225.023 24.4317 2.5
    endloop
  endfacet
  facet normal 0 0 1
    outer loop
      vertex 225.382 87.3 2.5
      vertex 202.618 87.3 2.5
      vertex 225.023 86.4317 2.5
    endloop
  endfacet
  facet normal 0 0 1
    outer loop
      vertex 224.9 85.5 2.5
      vertex 202.977 86.4317 2.5
      vertex 203.1 85.5 2.5
    endloop
  endfacet
  facet normal 0 0 1
    outer loop
      vertex 225.023 86.4317 2.5
      vertex 202.977 86.4317 2.5
      vertex 224.9 85.5 2.5
    endloop
  endfacet
  facet normal 0 -0 1
    outer loop
      vertex 202.977 86.4317 2.5
      vertex 225.023 86.4317 2.5
      vertex 202.618 87.3 2.5
    endloop
  endfacet
  facet normal -0 0 1
    outer loop
      vertex 200.953 111.5 2.5
      vertex 202.046 88.0456 2.5
      vertex 227.047 111.5 2.5
    endloop
  endfacet
  facet normal 0 0 1
    outer loop
      vertex 202.046 88.0456 2.5
      vertex 200.953 111.5 2.5
      vertex 201.3 88.6177 2.5
    endloop
  endfacet
  facet normal -0 0 1
    outer loop
      vertex 200.8 111.382 2.5
      vertex 201.3 88.6177 2.5
      vertex 200.953 111.5 2.5
    endloop
  endfacet
  facet normal 0 0 1
    outer loop
      vertex 200.8 111.382 2.5
      vertex 200.432 88.9773 2.5
      vertex 201.3 88.6177 2.5
    endloop
  endfacet
  facet normal -0 0 1
    outer loop
      vertex 199.932 111.023 2.5
      vertex 200.432 88.9773 2.5
      vertex 200.8 111.382 2.5
    endloop
  endfacet
  facet normal 0 0 1
    outer loop
      vertex 199.932 111.023 2.5
      vertex 199.5 89.1 2.5
      vertex 200.432 88.9773 2.5
    endloop
  endfacet
  facet normal -0 0 1
    outer loop
      vertex 199 110.9 2.5
      vertex 199.5 89.1 2.5
      vertex 199.932 111.023 2.5
    endloop
  endfacet
  facet normal 0 0 1
    outer loop
      vertex 199 110.9 2.5
      vertex 198.568 88.9773 2.5
      vertex 199.5 89.1 2.5
    endloop
  endfacet
  facet normal 0 0 1
    outer loop
      vertex 198.068 111.023 2.5
      vertex 198.568 88.9773 2.5
      vertex 199 110.9 2.5
    endloop
  endfacet
  facet normal 0 0 1
    outer loop
      vertex 196 111.5 2.5
      vertex 198.568 88.9773 2.5
      vertex 198.068 111.023 2.5
    endloop
  endfacet
  facet normal 0 0 1
    outer loop
      vertex 196 111.5 2.5
      vertex 198.068 111.023 2.5
      vertex 197.2 111.382 2.5
    endloop
  endfacet
  facet normal -0 0 1
    outer loop
      vertex 196 111.5 2.5
      vertex 197.2 111.382 2.5
      vertex 197.047 111.5 2.5
    endloop
  endfacet
  facet normal 0 0 1
    outer loop
      vertex 198.568 88.9773 2.5
      vertex 196 111.5 2.5
      vertex 197.7 88.6177 2.5
    endloop
  endfacet
  facet normal 0 0 1
    outer loop
      vertex 197.7 88.6177 2.5
      vertex 196 111.5 2.5
      vertex 196.954 88.0456 2.5
    endloop
  endfacet
  facet normal 0 0 1
    outer loop
      vertex 196.954 88.0456 2.5
      vertex 196 111.5 2.5
      vertex 196.382 87.3 2.5
    endloop
  endfacet
  facet normal -0 0 1
    outer loop
      vertex 174.046 117.954 2.5
      vertex 195.523 113.568 2.5
      vertex 174.618 118.7 2.5
    endloop
  endfacet
  facet normal 0 0 1
    outer loop
      vertex 195.523 113.568 2.5
      vertex 174.046 117.954 2.5
      vertex 196 111.5 2.5
    endloop
  endfacet
  facet normal 0 0 1
    outer loop
      vertex 235.5 142.964 2.5
      vertex 237.5 147.456 2.5
      vertex 237.5 147.5 2.5
    endloop
  endfacet
  facet normal 0 0 1
    outer loop
      vertex 237.5 147.456 2.5
      vertex 236.465 143.364 2.5
      vertex 237.5 143.5 2.5
    endloop
  endfacet
  facet normal 0 0 1
    outer loop
      vertex 237.5 147.456 2.5
      vertex 235.5 142.964 2.5
      vertex 236.465 143.364 2.5
    endloop
  endfacet
  facet normal 0 0 1
    outer loop
      vertex 237.5 147.5 2.5
      vertex 234.672 142.328 2.5
      vertex 235.5 142.964 2.5
    endloop
  endfacet
  facet normal 0 0 1
    outer loop
      vertex 232 139.5 2.5
      vertex 234.672 142.328 2.5
      vertex 237.5 147.5 2.5
    endloop
  endfacet
  facet normal -0 0 1
    outer loop
      vertex 231.046 20.9544 2.5
      vertex 236.465 14.3637 2.5
      vertex 231.618 21.7 2.5
    endloop
  endfacet
  facet normal 0 0 1
    outer loop
      vertex 233.636 138.465 2.5
      vertex 232.477 115.432 2.5
      vertex 232.6 114.5 2.5
    endloop
  endfacet
  facet normal 0 0 1
    outer loop
      vertex 233.636 138.465 2.5
      vertex 232.118 116.3 2.5
      vertex 232.477 115.432 2.5
    endloop
  endfacet
  facet normal 0 0 1
    outer loop
      vertex 233.636 138.465 2.5
      vertex 232 139.5 2.5
      vertex 232 116.453 2.5
    endloop
  endfacet
  facet normal 0 0 1
    outer loop
      vertex 233.636 140.535 2.5
      vertex 232 139.5 2.5
      vertex 233.5 139.5 2.5
    endloop
  endfacet
  facet normal 0 0 1
    outer loop
      vertex 234.036 141.5 2.5
      vertex 232 139.5 2.5
      vertex 233.636 140.535 2.5
    endloop
  endfacet
  facet normal 0 0 1
    outer loop
      vertex 234.672 142.328 2.5
      vertex 232 139.5 2.5
      vertex 234.036 141.5 2.5
    endloop
  endfacet
  facet normal 0 0 1
    outer loop
      vertex 237.5 147.5 2.5
      vertex 196 139.5 2.5
      vertex 232 139.5 2.5
    endloop
  endfacet
  facet normal -0 0 1
    outer loop
      vertex 174.618 122.3 2.5
      vertex 196 116.453 2.5
      vertex 196 139.5 2.5
    endloop
  endfacet
  facet normal -0 -0 1
    outer loop
      vertex 174.977 121.432 2.5
      vertex 196 116.453 2.5
      vertex 174.618 122.3 2.5
    endloop
  endfacet
  facet normal 0 0 1
    outer loop
      vertex 196 116.453 2.5
      vertex 174.977 121.432 2.5
      vertex 195.882 116.3 2.5
    endloop
  endfacet
  facet normal 0 0 1
    outer loop
      vertex 195.882 116.3 2.5
      vertex 175.1 120.5 2.5
      vertex 195.523 115.432 2.5
    endloop
  endfacet
  facet normal -0 0 1
    outer loop
      vertex 174.977 119.568 2.5
      vertex 195.523 115.432 2.5
      vertex 175.1 120.5 2.5
    endloop
  endfacet
  facet normal -0 -0 1
    outer loop
      vertex 175.1 120.5 2.5
      vertex 195.882 116.3 2.5
      vertex 174.977 121.432 2.5
    endloop
  endfacet
  facet normal 0 0 1
    outer loop
      vertex 196 139.5 2.5
      vertex 174.046 123.046 2.5
      vertex 174.618 122.3 2.5
    endloop
  endfacet
  facet normal 0 0 1
    outer loop
      vertex 196 139.5 2.5
      vertex 173.3 123.618 2.5
      vertex 174.046 123.046 2.5
    endloop
  endfacet
  facet normal 0 0 1
    outer loop
      vertex 196 139.5 2.5
      vertex 172.432 123.977 2.5
      vertex 173.3 123.618 2.5
    endloop
  endfacet
  facet normal 0 0 1
    outer loop
      vertex 196 139.5 2.5
      vertex 171.5 124.1 2.5
      vertex 172.432 123.977 2.5
    endloop
  endfacet
  facet normal 0 0 1
    outer loop
      vertex 196 139.5 2.5
      vertex 170.568 123.977 2.5
      vertex 171.5 124.1 2.5
    endloop
  endfacet
  facet normal 0 0 1
    outer loop
      vertex 196 139.5 2.5
      vertex 169.7 123.618 2.5
      vertex 170.568 123.977 2.5
    endloop
  endfacet
  facet normal 0 0 1
    outer loop
      vertex 168.382 35.3 2.5
      vertex 14.5 10.5 2.5
      vertex 168.023 34.4317 2.5
    endloop
  endfacet
  facet normal 0 0 1
    outer loop
      vertex 168.023 121.432 2.5
      vertex 14.5 139.5 2.5
      vertex 167.9 120.5 2.5
    endloop
  endfacet
  facet normal 0 0 1
    outer loop
      vertex 14.3637 140.535 2.5
      vertex 168.023 121.432 2.5
      vertex 168.382 122.3 2.5
    endloop
  endfacet
  facet normal 0 0 1
    outer loop
      vertex 13.9641 141.5 2.5
      vertex 168.382 122.3 2.5
      vertex 168.954 123.046 2.5
    endloop
  endfacet
  facet normal 0 0 1
    outer loop
      vertex 10.5 147.5 2.5
      vertex 168.954 123.046 2.5
      vertex 169.7 123.618 2.5
    endloop
  endfacet
  facet normal 0 0 1
    outer loop
      vertex 10.5 147.5 2.5
      vertex 169.7 123.618 2.5
      vertex 196 139.5 2.5
    endloop
  endfacet
  facet normal -0 0 1
    outer loop
      vertex 10.5 147.5 2.5
      vertex 196 139.5 2.5
      vertex 237.5 147.5 2.5
    endloop
  endfacet
  facet normal 0 0 1
    outer loop
      vertex 168.023 121.432 2.5
      vertex 14.3637 140.535 2.5
      vertex 14.5 139.5 2.5
    endloop
  endfacet
  facet normal 0 0 1
    outer loop
      vertex 168.382 122.3 2.5
      vertex 13.9641 141.5 2.5
      vertex 14.3637 140.535 2.5
    endloop
  endfacet
  facet normal 0 0 1
    outer loop
      vertex 168.954 123.046 2.5
      vertex 10.5 147.5 2.5
      vertex 13.9641 141.5 2.5
    endloop
  endfacet
  facet normal 0 0 1
    outer loop
      vertex 13.9641 141.5 2.5
      vertex 10.5 147.5 2.5
      vertex 13.3284 142.328 2.5
    endloop
  endfacet
  facet normal 0 0 1
    outer loop
      vertex 13.3284 142.328 2.5
      vertex 10.5 147.5 2.5
      vertex 12.5 142.964 2.5
    endloop
  endfacet
  facet normal -0 0 1
    outer loop
      vertex 10.5 147.456 2.5
      vertex 12.5 142.964 2.5
      vertex 10.5 147.5 2.5
    endloop
  endfacet
  facet normal 0 0 1
    outer loop
      vertex 12.5 142.964 2.5
      vertex 10.5 147.456 2.5
      vertex 11.5353 143.364 2.5
    endloop
  endfacet
  facet normal 0 0 1
    outer loop
      vertex 10.5 147.456 2.5
      vertex 10.5 143.5 2.5
      vertex 11.5353 143.364 2.5
    endloop
  endfacet
  facet normal -0 0 1
    outer loop
      vertex 9.66377 147.456 2.5
      vertex 10.5 143.5 2.5
      vertex 10.5 147.456 2.5
    endloop
  endfacet
  facet normal 0 0 1
    outer loop
      vertex 9.66377 147.456 2.5
      vertex 9.46472 143.364 2.5
      vertex 10.5 143.5 2.5
    endloop
  endfacet
  facet normal -0 0 1
    outer loop
      vertex 8.02786 147.108 2.5
      vertex 9.46472 143.364 2.5
      vertex 9.66377 147.456 2.5
    endloop
  endfacet
  facet normal 0 0 1
    outer loop
      vertex 9.46472 143.364 2.5
      vertex 8.02786 147.108 2.5
      vertex 8.5 142.964 2.5
    endloop
  endfacet
  facet normal -0 0 1
    outer loop
      vertex 6.5 146.428 2.5
      vertex 8.5 142.964 2.5
      vertex 8.02786 147.108 2.5
    endloop
  endfacet
  facet normal -0 0 1
    outer loop
      vertex 5.14695 145.445 2.5
      vertex 8.5 142.964 2.5
      vertex 6.5 146.428 2.5
    endloop
  endfacet
  facet normal 0 0 1
    outer loop
      vertex 8.5 142.964 2.5
      vertex 5.14695 145.445 2.5
      vertex 7.67157 142.328 2.5
    endloop
  endfacet
  facet normal 0 0 1
    outer loop
      vertex 7.67157 142.328 2.5
      vertex 5.14695 145.445 2.5
      vertex 7.0359 141.5 2.5
    endloop
  endfacet
  facet normal 0 0 1
    outer loop
      vertex 2.5 139.5 2.5
      vertex 7.0359 141.5 2.5
      vertex 5.14695 145.445 2.5
    endloop
  endfacet
  facet normal 0 0 1
    outer loop
      vertex 7.0359 141.5 2.5
      vertex 2.5 139.5 2.5
      vertex 6.6363 140.535 2.5
    endloop
  endfacet
  facet normal 0 0 1
    outer loop
      vertex 6.6363 140.535 2.5
      vertex 2.5 139.5 2.5
      vertex 6.5 139.5 2.5
    endloop
  endfacet
  facet normal 0 0 1
    outer loop
      vertex 6.95442 123.046 2.5
      vertex 2.5 139.5 2.5
      vertex 6.38231 122.3 2.5
    endloop
  endfacet
  facet normal 0 0 1
    outer loop
      vertex 6.02267 121.432 2.5
      vertex 2.5 139.5 2.5
      vertex 5.9 120.5 2.5
    endloop
  endfacet
  facet normal 0 0 1
    outer loop
      vertex 6.38231 122.3 2.5
      vertex 2.5 139.5 2.5
      vertex 6.02267 121.432 2.5
    endloop
  endfacet
  facet normal 0 0 1
    outer loop
      vertex 240.328 136.672 2.5
      vertex 245.5 139.5 2.5
      vertex 240.964 137.5 2.5
    endloop
  endfacet
  facet normal 0 0 1
    outer loop
      vertex 245.5 10.5 2.5
      vertex 241.364 11.5353 2.5
      vertex 241.5 10.5 2.5
    endloop
  endfacet
  facet normal 0 0 1
    outer loop
      vertex 232.6 114.5 2.5
      vertex 240.328 136.672 2.5
      vertex 239.5 136.036 2.5
    endloop
  endfacet
  facet normal 0 0 1
    outer loop
      vertex 245.5 10.5 2.5
      vertex 240.964 12.5 2.5
      vertex 241.364 11.5353 2.5
    endloop
  endfacet
  facet normal -0 0 1
    outer loop
      vertex 240.328 136.672 2.5
      vertex 232.6 114.5 2.5
      vertex 245.5 139.5 2.5
    endloop
  endfacet
  facet normal 0 0 1
    outer loop
      vertex 245.5 10.5 2.5
      vertex 240.328 13.3284 2.5
      vertex 240.964 12.5 2.5
    endloop
  endfacet
  facet normal 0 0 1
    outer loop
      vertex 232.1 85.5 2.5
      vertex 245.5 139.5 2.5
      vertex 232.6 114.5 2.5
    endloop
  endfacet
  facet normal 0 0 1
    outer loop
      vertex 245.5 10.5 2.5
      vertex 239.5 13.9641 2.5
      vertex 240.328 13.3284 2.5
    endloop
  endfacet
  facet normal 0 0 1
    outer loop
      vertex 232.6 114.5 2.5
      vertex 239.5 136.036 2.5
      vertex 238.535 135.636 2.5
    endloop
  endfacet
  facet normal 0 0 1
    outer loop
      vertex 245.5 139.5 2.5
      vertex 232.1 85.5 2.5
      vertex 245.5 10.5 2.5
    endloop
  endfacet
  facet normal 0 0 1
    outer loop
      vertex 232.6 114.5 2.5
      vertex 238.535 135.636 2.5
      vertex 237.5 135.5 2.5
    endloop
  endfacet
  facet normal -0 0 1
    outer loop
      vertex 231.977 84.5683 2.5
      vertex 245.5 10.5 2.5
      vertex 232.1 85.5 2.5
    endloop
  endfacet
  facet normal 0 0 1
    outer loop
      vertex 232.6 114.5 2.5
      vertex 237.5 135.5 2.5
      vertex 236.465 135.636 2.5
    endloop
  endfacet
  facet normal 0 0 1
    outer loop
      vertex 245.5 10.5 2.5
      vertex 232.1 23.5 2.5
      vertex 239.5 13.9641 2.5
    endloop
  endfacet
  facet normal 0 0 1
    outer loop
      vertex 232.6 114.5 2.5
      vertex 236.465 135.636 2.5
      vertex 235.5 136.036 2.5
    endloop
  endfacet
  facet normal 0 0 1
    outer loop
      vertex 239.5 13.9641 2.5
      vertex 232.1 23.5 2.5
      vertex 238.535 14.3637 2.5
    endloop
  endfacet
  facet normal 0 0 1
    outer loop
      vertex 232.6 114.5 2.5
      vertex 235.5 136.036 2.5
      vertex 234.672 136.672 2.5
    endloop
  endfacet
  facet normal -0 0 1
    outer loop
      vertex 231.977 22.5683 2.5
      vertex 238.535 14.3637 2.5
      vertex 232.1 23.5 2.5
    endloop
  endfacet
  facet normal 0 0 1
    outer loop
      vertex 232.6 114.5 2.5
      vertex 234.672 136.672 2.5
      vertex 234.036 137.5 2.5
    endloop
  endfacet
  facet normal 0 0 1
    outer loop
      vertex 238.535 14.3637 2.5
      vertex 231.977 22.5683 2.5
      vertex 237.5 14.5 2.5
    endloop
  endfacet
  facet normal 0 0 1
    outer loop
      vertex 232.6 114.5 2.5
      vertex 234.036 137.5 2.5
      vertex 233.636 138.465 2.5
    endloop
  endfacet
  facet normal -0 0 1
    outer loop
      vertex 231.618 21.7 2.5
      vertex 237.5 14.5 2.5
      vertex 231.977 22.5683 2.5
    endloop
  endfacet
  facet normal -0 0 1
    outer loop
      vertex 232 139.5 2.5
      vertex 233.636 138.465 2.5
      vertex 233.5 139.5 2.5
    endloop
  endfacet
  facet normal 0 0 1
    outer loop
      vertex 237.5 14.5 2.5
      vertex 231.618 21.7 2.5
      vertex 236.465 14.3637 2.5
    endloop
  endfacet
  facet normal 0 0 1
    outer loop
      vertex 245.325 141.163 2.5
      vertex 241.364 140.535 2.5
      vertex 241.5 139.5 2.5
    endloop
  endfacet
  facet normal 0 0 1
    outer loop
      vertex 242.853 145.445 2.5
      vertex 240.964 141.5 2.5
      vertex 241.364 140.535 2.5
    endloop
  endfacet
  facet normal 0 0 1
    outer loop
      vertex 242.853 145.445 2.5
      vertex 240.328 142.328 2.5
      vertex 240.964 141.5 2.5
    endloop
  endfacet
  facet normal 0 0 1
    outer loop
      vertex 239.5 142.964 2.5
      vertex 241.5 146.428 2.5
      vertex 239.972 147.108 2.5
    endloop
  endfacet
  facet normal 0 0 1
    outer loop
      vertex 242.853 145.445 2.5
      vertex 239.5 142.964 2.5
      vertex 240.328 142.328 2.5
    endloop
  endfacet
  facet normal 0 0 1
    outer loop
      vertex 239.972 147.108 2.5
      vertex 238.535 143.364 2.5
      vertex 239.5 142.964 2.5
    endloop
  endfacet
  facet normal 0 0 1
    outer loop
      vertex 238.336 147.456 2.5
      vertex 238.535 143.364 2.5
      vertex 239.972 147.108 2.5
    endloop
  endfacet
  facet normal 0 0 1
    outer loop
      vertex 237.5 143.5 2.5
      vertex 238.336 147.456 2.5
      vertex 237.5 147.456 2.5
    endloop
  endfacet
  facet normal 0 0 1
    outer loop
      vertex 238.336 147.456 2.5
      vertex 237.5 143.5 2.5
      vertex 238.535 143.364 2.5
    endloop
  endfacet
  facet normal 0 0 1
    outer loop
      vertex 241.5 139.5 2.5
      vertex 245.5 139.5 2.5
      vertex 245.325 141.163 2.5
    endloop
  endfacet
  facet normal 0 0 1
    outer loop
      vertex 241.364 138.465 2.5
      vertex 245.5 139.5 2.5
      vertex 241.5 139.5 2.5
    endloop
  endfacet
  facet normal 0 0 1
    outer loop
      vertex 241.364 140.535 2.5
      vertex 245.325 141.163 2.5
      vertex 244.808 142.754 2.5
    endloop
  endfacet
  facet normal 0 0 1
    outer loop
      vertex 240.964 137.5 2.5
      vertex 245.5 139.5 2.5
      vertex 241.364 138.465 2.5
    endloop
  endfacet
  facet normal 0 0 1
    outer loop
      vertex 241.364 140.535 2.5
      vertex 244.808 142.754 2.5
      vertex 243.972 144.202 2.5
    endloop
  endfacet
  facet normal 0 0 1
    outer loop
      vertex 245.5 10.5 2.5
      vertex 241.5 10.5 2.5
      vertex 245.325 8.83671 2.5
    endloop
  endfacet
  facet normal 0 0 1
    outer loop
      vertex 241.364 140.535 2.5
      vertex 243.972 144.202 2.5
      vertex 242.853 145.445 2.5
    endloop
  endfacet
  facet normal -0 0 1
    outer loop
      vertex 241.364 9.46472 2.5
      vertex 245.325 8.83671 2.5
      vertex 241.5 10.5 2.5
    endloop
  endfacet
  facet normal 0 0 1
    outer loop
      vertex 239.5 142.964 2.5
      vertex 242.853 145.445 2.5
      vertex 241.5 146.428 2.5
    endloop
  endfacet
  facet normal 0 0 1
    outer loop
      vertex 245.325 8.83671 2.5
      vertex 241.364 9.46472 2.5
      vertex 244.808 7.24611 2.5
    endloop
  endfacet
  facet normal -0 0 1
    outer loop
      vertex 240.964 8.5 2.5
      vertex 244.808 7.24611 2.5
      vertex 241.364 9.46472 2.5
    endloop
  endfacet
  facet normal 0 0 1
    outer loop
      vertex 244.808 7.24611 2.5
      vertex 240.964 8.5 2.5
      vertex 243.972 5.79772 2.5
    endloop
  endfacet
  facet normal -0 0 1
    outer loop
      vertex 240.328 7.67157 2.5
      vertex 243.972 5.79772 2.5
      vertex 240.964 8.5 2.5
    endloop
  endfacet
  facet normal 0 0 1
    outer loop
      vertex 243.972 5.79772 2.5
      vertex 240.328 7.67157 2.5
      vertex 242.853 4.55484 2.5
    endloop
  endfacet
  facet normal -0 0 1
    outer loop
      vertex 239.5 7.0359 2.5
      vertex 242.853 4.55484 2.5
      vertex 240.328 7.67157 2.5
    endloop
  endfacet
  facet normal 0 0 1
    outer loop
      vertex 242.853 4.55484 2.5
      vertex 239.5 7.0359 2.5
      vertex 241.5 3.5718 2.5
    endloop
  endfacet
  facet normal 0 0 1
    outer loop
      vertex 241.5 3.5718 2.5
      vertex 239.5 7.0359 2.5
      vertex 239.972 2.89155 2.5
    endloop
  endfacet
  facet normal -0 0 1
    outer loop
      vertex 238.535 6.6363 2.5
      vertex 239.972 2.89155 2.5
      vertex 239.5 7.0359 2.5
    endloop
  endfacet
  facet normal 0 0 1
    outer loop
      vertex 238.535 6.6363 2.5
      vertex 238.336 2.54382 2.5
      vertex 239.972 2.89155 2.5
    endloop
  endfacet
  facet normal -0 0 1
    outer loop
      vertex 237.5 6.5 2.5
      vertex 238.336 2.54382 2.5
      vertex 238.535 6.6363 2.5
    endloop
  endfacet
  facet normal 0 0 1
    outer loop
      vertex 237.5 6.5 2.5
      vertex 237.5 2.54382 2.5
      vertex 238.336 2.54382 2.5
    endloop
  endfacet
  facet normal 0 0 1
    outer loop
      vertex 236.465 6.6363 2.5
      vertex 237.5 2.54382 2.5
      vertex 237.5 6.5 2.5
    endloop
  endfacet
  facet normal 0 0 1
    outer loop
      vertex 235.5 7.0359 2.5
      vertex 237.5 2.54382 2.5
      vertex 236.465 6.6363 2.5
    endloop
  endfacet
  facet normal 0 0 1
    outer loop
      vertex 237.5 2.54382 2.5
      vertex 235.5 7.0359 2.5
      vertex 237.5 2.5 2.5
    endloop
  endfacet
  facet normal 0 0 1
    outer loop
      vertex 234.672 7.67157 2.5
      vertex 237.5 2.5 2.5
      vertex 235.5 7.0359 2.5
    endloop
  endfacet
  facet normal 0 0 1
    outer loop
      vertex 234.036 8.5 2.5
      vertex 237.5 2.5 2.5
      vertex 234.672 7.67157 2.5
    endloop
  endfacet
  facet normal 0 0 1
    outer loop
      vertex 232.1 85.5 2.5
      vertex 232.6 114.5 2.5
      vertex 232.477 113.568 2.5
    endloop
  endfacet
  facet normal 0 0 1
    outer loop
      vertex 232.1 85.5 2.5
      vertex 232.477 113.568 2.5
      vertex 232.118 112.7 2.5
    endloop
  endfacet
  facet normal 0 0 1
    outer loop
      vertex 236.465 14.3637 2.5
      vertex 231.046 20.9544 2.5
      vertex 235.5 13.9641 2.5
    endloop
  endfacet
  facet normal -0 0 1
    outer loop
      vertex 230.3 20.3823 2.5
      vertex 235.5 13.9641 2.5
      vertex 231.046 20.9544 2.5
    endloop
  endfacet
  facet normal 0 0 1
    outer loop
      vertex 235.5 13.9641 2.5
      vertex 230.3 20.3823 2.5
      vertex 234.672 13.3284 2.5
    endloop
  endfacet
  facet normal -0 0 1
    outer loop
      vertex 229.432 20.0227 2.5
      vertex 234.672 13.3284 2.5
      vertex 230.3 20.3823 2.5
    endloop
  endfacet
  facet normal 0 0 1
    outer loop
      vertex 234.672 13.3284 2.5
      vertex 229.432 20.0227 2.5
      vertex 234.036 12.5 2.5
    endloop
  endfacet
  facet normal -0 0 1
    outer loop
      vertex 228.5 19.9 2.5
      vertex 234.036 12.5 2.5
      vertex 229.432 20.0227 2.5
    endloop
  endfacet
  facet normal 0 0 1
    outer loop
      vertex 234.036 12.5 2.5
      vertex 228.5 19.9 2.5
      vertex 233.636 11.5353 2.5
    endloop
  endfacet
  facet normal 0 0 1
    outer loop
      vertex 227.568 20.0227 2.5
      vertex 233.636 11.5353 2.5
      vertex 228.5 19.9 2.5
    endloop
  endfacet
  facet normal 0 0 1
    outer loop
      vertex 233.636 11.5353 2.5
      vertex 227.568 20.0227 2.5
      vertex 233.5 10.5 2.5
    endloop
  endfacet
  facet normal 0 0 1
    outer loop
      vertex 226.7 20.3823 2.5
      vertex 233.5 10.5 2.5
      vertex 227.568 20.0227 2.5
    endloop
  endfacet
  facet normal 0 0 1
    outer loop
      vertex 233.5 10.5 2.5
      vertex 226.7 20.3823 2.5
      vertex 233.636 9.46472 2.5
    endloop
  endfacet
  facet normal -0 0 1
    outer loop
      vertex 201.3 20.3823 2.5
      vertex 233.636 9.46472 2.5
      vertex 226.7 20.3823 2.5
    endloop
  endfacet
  facet normal 0 0 1
    outer loop
      vertex 233.636 9.46472 2.5
      vertex 201.3 20.3823 2.5
      vertex 234.036 8.5 2.5
    endloop
  endfacet
  facet normal 0 0 1
    outer loop
      vertex 201.3 20.3823 2.5
      vertex 226.7 20.3823 2.5
      vertex 225.954 20.9544 2.5
    endloop
  endfacet
  facet normal 0 0 1
    outer loop
      vertex 202.046 20.9544 2.5
      vertex 225.954 20.9544 2.5
      vertex 225.382 21.7 2.5
    endloop
  endfacet
  facet normal 0 0 1
    outer loop
      vertex 225.023 24.4317 2.5
      vertex 203.1 23.5 2.5
      vertex 224.9 23.5 2.5
    endloop
  endfacet
  facet normal 0 0 1
    outer loop
      vertex 224.9 23.5 2.5
      vertex 203.1 23.5 2.5
      vertex 225.023 22.5683 2.5
    endloop
  endfacet
  facet normal 0 0 1
    outer loop
      vertex 202.977 22.5683 2.5
      vertex 225.023 22.5683 2.5
      vertex 203.1 23.5 2.5
    endloop
  endfacet
  facet normal 0 0 1
    outer loop
      vertex 225.023 22.5683 2.5
      vertex 202.977 22.5683 2.5
      vertex 225.382 21.7 2.5
    endloop
  endfacet
  facet normal 0 0 1
    outer loop
      vertex 202.618 21.7 2.5
      vertex 225.382 21.7 2.5
      vertex 202.977 22.5683 2.5
    endloop
  endfacet
  facet normal 0 0 1
    outer loop
      vertex 202.046 20.9544 2.5
      vertex 225.382 21.7 2.5
      vertex 202.618 21.7 2.5
    endloop
  endfacet
  facet normal 0 0 1
    outer loop
      vertex 225.954 20.9544 2.5
      vertex 202.046 20.9544 2.5
      vertex 201.3 20.3823 2.5
    endloop
  endfacet
  facet normal -0 0 1
    outer loop
      vertex 200.432 20.0227 2.5
      vertex 234.036 8.5 2.5
      vertex 201.3 20.3823 2.5
    endloop
  endfacet
  facet normal 0 0 1
    outer loop
      vertex 234.036 8.5 2.5
      vertex 200.432 20.0227 2.5
      vertex 237.5 2.5 2.5
    endloop
  endfacet
  facet normal -0 0 1
    outer loop
      vertex 199.5 19.9 2.5
      vertex 237.5 2.5 2.5
      vertex 200.432 20.0227 2.5
    endloop
  endfacet
  facet normal 0 0 1
    outer loop
      vertex 198.568 20.0227 2.5
      vertex 237.5 2.5 2.5
      vertex 199.5 19.9 2.5
    endloop
  endfacet
  facet normal 0 0 1
    outer loop
      vertex 10.5 2.5 2.5
      vertex 198.568 20.0227 2.5
      vertex 197.7 20.3823 2.5
    endloop
  endfacet
  facet normal -0 0 1
    outer loop
      vertex 174.618 118.7 2.5
      vertex 195.4 114.5 2.5
      vertex 174.977 119.568 2.5
    endloop
  endfacet
  facet normal 0 0 1
    outer loop
      vertex 195.523 115.432 2.5
      vertex 174.977 119.568 2.5
      vertex 195.4 114.5 2.5
    endloop
  endfacet
  facet normal -0 0 1
    outer loop
      vertex 173.3 117.382 2.5
      vertex 196 111.5 2.5
      vertex 174.046 117.954 2.5
    endloop
  endfacet
  facet normal 0 0 1
    outer loop
      vertex 195.9 85.5 2.5
      vertex 175.1 33.5 2.5
      vertex 195.9 23.5 2.5
    endloop
  endfacet
  facet normal -0 0 1
    outer loop
      vertex 174.977 32.5683 2.5
      vertex 195.9 23.5 2.5
      vertex 175.1 33.5 2.5
    endloop
  endfacet
  facet normal -0 0 1
    outer loop
      vertex 174.618 31.7 2.5
      vertex 195.9 23.5 2.5
      vertex 174.977 32.5683 2.5
    endloop
  endfacet
  facet normal -0 0 1
    outer loop
      vertex 174.046 30.9544 2.5
      vertex 195.9 23.5 2.5
      vertex 174.618 31.7 2.5
    endloop
  endfacet
  facet normal 0 0 1
    outer loop
      vertex 195.9 23.5 2.5
      vertex 174.046 30.9544 2.5
      vertex 196.023 22.5683 2.5
    endloop
  endfacet
  facet normal -0 0 1
    outer loop
      vertex 173.3 30.3823 2.5
      vertex 196.023 22.5683 2.5
      vertex 174.046 30.9544 2.5
    endloop
  endfacet
  facet normal 0 0 1
    outer loop
      vertex 196.023 22.5683 2.5
      vertex 173.3 30.3823 2.5
      vertex 196.382 21.7 2.5
    endloop
  endfacet
  facet normal -0 0 1
    outer loop
      vertex 172.432 30.0227 2.5
      vertex 196.382 21.7 2.5
      vertex 173.3 30.3823 2.5
    endloop
  endfacet
  facet normal 0 0 1
    outer loop
      vertex 196.382 21.7 2.5
      vertex 172.432 30.0227 2.5
      vertex 196.954 20.9544 2.5
    endloop
  endfacet
  facet normal -0 0 1
    outer loop
      vertex 171.5 29.9 2.5
      vertex 196.954 20.9544 2.5
      vertex 172.432 30.0227 2.5
    endloop
  endfacet
  facet normal 0 0 1
    outer loop
      vertex 196.954 20.9544 2.5
      vertex 171.5 29.9 2.5
      vertex 197.7 20.3823 2.5
    endloop
  endfacet
  facet normal 0 0 1
    outer loop
      vertex 170.568 30.0227 2.5
      vertex 197.7 20.3823 2.5
      vertex 171.5 29.9 2.5
    endloop
  endfacet
  facet normal 0 0 1
    outer loop
      vertex 10.5 2.5 2.5
      vertex 197.7 20.3823 2.5
      vertex 170.568 30.0227 2.5
    endloop
  endfacet
  facet normal 0 0 1
    outer loop
      vertex 168.023 34.4317 2.5
      vertex 14.5 10.5 2.5
      vertex 167.9 33.5 2.5
    endloop
  endfacet
  facet normal 0 0 1
    outer loop
      vertex 167.9 33.5 2.5
      vertex 14.5 10.5 2.5
      vertex 168.023 32.5683 2.5
    endloop
  endfacet
  facet normal 0 0 1
    outer loop
      vertex 168.023 32.5683 2.5
      vertex 14.5 10.5 2.5
      vertex 168.382 31.7 2.5
    endloop
  endfacet
  facet normal 0 0 1
    outer loop
      vertex 14.3637 9.46472 2.5
      vertex 168.382 31.7 2.5
      vertex 14.5 10.5 2.5
    endloop
  endfacet
  facet normal 0 0 1
    outer loop
      vertex 168.382 31.7 2.5
      vertex 14.3637 9.46472 2.5
      vertex 168.954 30.9544 2.5
    endloop
  endfacet
  facet normal 0 0 1
    outer loop
      vertex 13.9641 8.5 2.5
      vertex 168.954 30.9544 2.5
      vertex 14.3637 9.46472 2.5
    endloop
  endfacet
  facet normal 0 0 1
    outer loop
      vertex 10.5 2.5 2.5
      vertex 168.954 30.9544 2.5
      vertex 13.9641 8.5 2.5
    endloop
  endfacet
  facet normal 0 0 1
    outer loop
      vertex 168.954 30.9544 2.5
      vertex 10.5 2.5 2.5
      vertex 169.7 30.3823 2.5
    endloop
  endfacet
  facet normal 0 0 1
    outer loop
      vertex 169.7 30.3823 2.5
      vertex 10.5 2.5 2.5
      vertex 170.568 30.0227 2.5
    endloop
  endfacet
  facet normal 0 0 1
    outer loop
      vertex 10.5 2.5 2.5
      vertex 13.9641 8.5 2.5
      vertex 13.3284 7.67157 2.5
    endloop
  endfacet
  facet normal 0 0 1
    outer loop
      vertex 10.5 2.5 2.5
      vertex 13.3284 7.67157 2.5
      vertex 12.5 7.0359 2.5
    endloop
  endfacet
  facet normal 0 0 1
    outer loop
      vertex 10.5 2.54382 2.5
      vertex 12.5 7.0359 2.5
      vertex 11.5353 6.6363 2.5
    endloop
  endfacet
  facet normal 0 0 1
    outer loop
      vertex 10.5 2.54382 2.5
      vertex 11.5353 6.6363 2.5
      vertex 10.5 6.5 2.5
    endloop
  endfacet
  facet normal 0 0 1
    outer loop
      vertex 12.5 7.0359 2.5
      vertex 10.5 2.54382 2.5
      vertex 10.5 2.5 2.5
    endloop
  endfacet
  facet normal 0 0 1
    outer loop
      vertex 198.568 20.0227 2.5
      vertex 10.5 2.5 2.5
      vertex 237.5 2.5 2.5
    endloop
  endfacet
  facet normal 0 0 1
    outer loop
      vertex 233.636 138.465 2.5
      vertex 232 116.453 2.5
      vertex 232.118 116.3 2.5
    endloop
  endfacet
  facet normal 0 0 1
    outer loop
      vertex 228 135.5 2.5
      vertex 227.2 117.618 2.5
      vertex 228 117.949 2.5
    endloop
  endfacet
  facet normal 0 0 1
    outer loop
      vertex 228 135.5 2.5
      vertex 226.454 117.046 2.5
      vertex 227.2 117.618 2.5
    endloop
  endfacet
  facet normal 0 0 1
    outer loop
      vertex 201.546 117.046 2.5
      vertex 226.454 117.046 2.5
      vertex 228 135.5 2.5
    endloop
  endfacet
  facet normal 0 0 1
    outer loop
      vertex 226.454 117.046 2.5
      vertex 201.546 117.046 2.5
      vertex 225.882 116.3 2.5
    endloop
  endfacet
  facet normal 0 -0 1
    outer loop
      vertex 202.118 116.3 2.5
      vertex 225.882 116.3 2.5
      vertex 201.546 117.046 2.5
    endloop
  endfacet
  facet normal 0 0 1
    outer loop
      vertex 225.551 115.5 2.5
      vertex 202.118 116.3 2.5
      vertex 202.449 115.5 2.5
    endloop
  endfacet
  facet normal 0 0 1
    outer loop
      vertex 225.882 116.3 2.5
      vertex 202.118 116.3 2.5
      vertex 225.551 115.5 2.5
    endloop
  endfacet
  facet normal -0 0 1
    outer loop
      vertex 200 135.5 2.5
      vertex 201.546 117.046 2.5
      vertex 228 135.5 2.5
    endloop
  endfacet
  facet normal 0 0 1
    outer loop
      vertex 201.546 117.046 2.5
      vertex 200 135.5 2.5
      vertex 200.8 117.618 2.5
    endloop
  endfacet
  facet normal 0 0 1
    outer loop
      vertex 200.8 117.618 2.5
      vertex 200 135.5 2.5
      vertex 200 117.949 2.5
    endloop
  endfacet
  facet normal 0 0 1
    outer loop
      vertex 200.235 115.5 2.5
      vertex 200 115.735 2.5
      vertex 200 115.5 2.5
    endloop
  endfacet
  facet normal 0 -0 1
    outer loop
      vertex 228 115.5 2.5
      vertex 228 115.735 2.5
      vertex 227.765 115.5 2.5
    endloop
  endfacet
  facet normal -0.939778 -0.341786 0
    outer loop
      vertex 245.5 144.75 12.5
      vertex 244.857 146.518 36.5
      vertex 244.857 146.518 12.5
    endloop
  endfacet
  facet normal -0.939778 -0.341786 0
    outer loop
      vertex 244.857 146.518 36.5
      vertex 245.5 144.75 12.5
      vertex 245.5 144.75 36.5
    endloop
  endfacet
  facet normal 0.991445 0.130526 0
    outer loop
      vertex 13.1 120.5 8.5
      vertex 12.9773 121.432 2.5
      vertex 12.9773 121.432 8.5
    endloop
  endfacet
  facet normal 0.991445 0.130526 0
    outer loop
      vertex 12.9773 121.432 2.5
      vertex 13.1 120.5 8.5
      vertex 13.1 120.5 2.5
    endloop
  endfacet
  facet normal -0.991449 0.130495 0
    outer loop
      vertex 5.9 120.5 2.5
      vertex 6.02267 121.432 8.5
      vertex 6.02267 121.432 2.5
    endloop
  endfacet
  facet normal -0.991449 0.130495 0
    outer loop
      vertex 6.02267 121.432 8.5
      vertex 5.9 120.5 2.5
      vertex 5.9 120.5 8.5
    endloop
  endfacet
  facet normal 0.130881 0.991398 -0
    outer loop
      vertex 10.4317 123.977 2.5
      vertex 9.5 124.1 8.5
      vertex 10.4317 123.977 8.5
    endloop
  endfacet
  facet normal 0.130881 0.991398 0
    outer loop
      vertex 9.5 124.1 8.5
      vertex 10.4317 123.977 2.5
      vertex 9.5 124.1 2.5
    endloop
  endfacet
  facet normal 0.608682 0.793414 -0
    outer loop
      vertex 12.0456 123.046 2.5
      vertex 11.3 123.618 8.5
      vertex 12.0456 123.046 8.5
    endloop
  endfacet
  facet normal 0.608682 0.793414 0
    outer loop
      vertex 11.3 123.618 8.5
      vertex 12.0456 123.046 2.5
      vertex 11.3 123.618 2.5
    endloop
  endfacet
  facet normal 0.923856 0.38274 0
    outer loop
      vertex 12.9773 121.432 8.5
      vertex 12.6177 122.3 2.5
      vertex 12.6177 122.3 8.5
    endloop
  endfacet
  facet normal 0.923856 0.38274 0
    outer loop
      vertex 12.6177 122.3 2.5
      vertex 12.9773 121.432 8.5
      vertex 12.9773 121.432 2.5
    endloop
  endfacet
  facet normal 0.382082 0.924128 -0
    outer loop
      vertex 11.3 123.618 2.5
      vertex 10.4317 123.977 8.5
      vertex 11.3 123.618 8.5
    endloop
  endfacet
  facet normal 0.382082 0.924128 0
    outer loop
      vertex 10.4317 123.977 8.5
      vertex 11.3 123.618 2.5
      vertex 10.4317 123.977 2.5
    endloop
  endfacet
  facet normal -0.608692 0.793407 0
    outer loop
      vertex 7.7 123.618 2.5
      vertex 6.95442 123.046 8.5
      vertex 7.7 123.618 8.5
    endloop
  endfacet
  facet normal -0.608692 0.793407 0
    outer loop
      vertex 6.95442 123.046 8.5
      vertex 7.7 123.618 2.5
      vertex 6.95442 123.046 2.5
    endloop
  endfacet
  facet normal -0.793516 0.60855 0
    outer loop
      vertex 6.38231 122.3 2.5
      vertex 6.95442 123.046 8.5
      vertex 6.95442 123.046 2.5
    endloop
  endfacet
  facet normal -0.793516 0.60855 0
    outer loop
      vertex 6.95442 123.046 8.5
      vertex 6.38231 122.3 2.5
      vertex 6.38231 122.3 8.5
    endloop
  endfacet
  facet normal -0.382101 0.924121 0
    outer loop
      vertex 8.56825 123.977 2.5
      vertex 7.7 123.618 8.5
      vertex 8.56825 123.977 8.5
    endloop
  endfacet
  facet normal -0.382101 0.924121 0
    outer loop
      vertex 7.7 123.618 8.5
      vertex 8.56825 123.977 2.5
      vertex 7.7 123.618 2.5
    endloop
  endfacet
  facet normal 0.923856 -0.38274 0
    outer loop
      vertex 12.6177 118.7 8.5
      vertex 12.9773 119.568 2.5
      vertex 12.9773 119.568 8.5
    endloop
  endfacet
  facet normal 0.923856 -0.38274 0
    outer loop
      vertex 12.9773 119.568 2.5
      vertex 12.6177 118.7 8.5
      vertex 12.6177 118.7 2.5
    endloop
  endfacet
  facet normal -0.608692 -0.793407 0
    outer loop
      vertex 6.95442 117.954 2.5
      vertex 7.7 117.382 8.5
      vertex 6.95442 117.954 8.5
    endloop
  endfacet
  facet normal -0.608692 -0.793407 -0
    outer loop
      vertex 7.7 117.382 8.5
      vertex 6.95442 117.954 2.5
      vertex 7.7 117.382 2.5
    endloop
  endfacet
  facet normal 0.793521 0.608543 0
    outer loop
      vertex 12.6177 122.3 8.5
      vertex 12.0456 123.046 2.5
      vertex 12.0456 123.046 8.5
    endloop
  endfacet
  facet normal 0.793521 0.608543 0
    outer loop
      vertex 12.0456 123.046 2.5
      vertex 12.6177 122.3 8.5
      vertex 12.6177 122.3 2.5
    endloop
  endfacet
  facet normal -0.923841 0.382777 0
    outer loop
      vertex 6.02267 121.432 2.5
      vertex 6.38231 122.3 8.5
      vertex 6.38231 122.3 2.5
    endloop
  endfacet
  facet normal -0.923841 0.382777 0
    outer loop
      vertex 6.38231 122.3 8.5
      vertex 6.02267 121.432 2.5
      vertex 6.02267 121.432 8.5
    endloop
  endfacet
  facet normal -0.130874 0.991399 0
    outer loop
      vertex 9.5 124.1 2.5
      vertex 8.56825 123.977 8.5
      vertex 9.5 124.1 8.5
    endloop
  endfacet
  facet normal -0.130874 0.991399 0
    outer loop
      vertex 8.56825 123.977 8.5
      vertex 9.5 124.1 2.5
      vertex 8.56825 123.977 2.5
    endloop
  endfacet
  facet normal 0.991445 -0.130526 0
    outer loop
      vertex 12.9773 119.568 8.5
      vertex 13.1 120.5 2.5
      vertex 13.1 120.5 8.5
    endloop
  endfacet
  facet normal 0.991445 -0.130526 0
    outer loop
      vertex 13.1 120.5 2.5
      vertex 12.9773 119.568 8.5
      vertex 12.9773 119.568 2.5
    endloop
  endfacet
  facet normal 0.130881 -0.991398 0
    outer loop
      vertex 9.5 116.9 2.5
      vertex 10.4317 117.023 8.5
      vertex 9.5 116.9 8.5
    endloop
  endfacet
  facet normal 0.130881 -0.991398 0
    outer loop
      vertex 10.4317 117.023 8.5
      vertex 9.5 116.9 2.5
      vertex 10.4317 117.023 2.5
    endloop
  endfacet
  facet normal 0.608682 -0.793414 0
    outer loop
      vertex 11.3 117.382 2.5
      vertex 12.0456 117.954 8.5
      vertex 11.3 117.382 8.5
    endloop
  endfacet
  facet normal 0.608682 -0.793414 0
    outer loop
      vertex 12.0456 117.954 8.5
      vertex 11.3 117.382 2.5
      vertex 12.0456 117.954 2.5
    endloop
  endfacet
  facet normal -0.382101 -0.924121 0
    outer loop
      vertex 7.7 117.382 2.5
      vertex 8.56825 117.023 8.5
      vertex 7.7 117.382 8.5
    endloop
  endfacet
  facet normal -0.382101 -0.924121 -0
    outer loop
      vertex 8.56825 117.023 8.5
      vertex 7.7 117.382 2.5
      vertex 8.56825 117.023 2.5
    endloop
  endfacet
  facet normal -0.793516 -0.60855 0
    outer loop
      vertex 6.95442 117.954 2.5
      vertex 6.38231 118.7 8.5
      vertex 6.38231 118.7 2.5
    endloop
  endfacet
  facet normal -0.793516 -0.60855 0
    outer loop
      vertex 6.38231 118.7 8.5
      vertex 6.95442 117.954 2.5
      vertex 6.95442 117.954 8.5
    endloop
  endfacet
  facet normal -0.991449 -0.130495 0
    outer loop
      vertex 6.02267 119.568 2.5
      vertex 5.9 120.5 8.5
      vertex 5.9 120.5 2.5
    endloop
  endfacet
  facet normal -0.991449 -0.130495 0
    outer loop
      vertex 5.9 120.5 8.5
      vertex 6.02267 119.568 2.5
      vertex 6.02267 119.568 8.5
    endloop
  endfacet
  facet normal 0.382082 -0.924128 0
    outer loop
      vertex 10.4317 117.023 2.5
      vertex 11.3 117.382 8.5
      vertex 10.4317 117.023 8.5
    endloop
  endfacet
  facet normal 0.382082 -0.924128 0
    outer loop
      vertex 11.3 117.382 8.5
      vertex 10.4317 117.023 2.5
      vertex 11.3 117.382 2.5
    endloop
  endfacet
  facet normal 0.793521 -0.608543 0
    outer loop
      vertex 12.0456 117.954 8.5
      vertex 12.6177 118.7 2.5
      vertex 12.6177 118.7 8.5
    endloop
  endfacet
  facet normal 0.793521 -0.608543 0
    outer loop
      vertex 12.6177 118.7 2.5
      vertex 12.0456 117.954 8.5
      vertex 12.0456 117.954 2.5
    endloop
  endfacet
  facet normal -0.130874 -0.991399 0
    outer loop
      vertex 8.56825 117.023 2.5
      vertex 9.5 116.9 8.5
      vertex 8.56825 117.023 8.5
    endloop
  endfacet
  facet normal -0.130874 -0.991399 -0
    outer loop
      vertex 9.5 116.9 8.5
      vertex 8.56825 117.023 2.5
      vertex 9.5 116.9 2.5
    endloop
  endfacet
  facet normal -0.923841 -0.382777 0
    outer loop
      vertex 6.38231 118.7 2.5
      vertex 6.02267 119.568 8.5
      vertex 6.02267 119.568 2.5
    endloop
  endfacet
  facet normal -0.923841 -0.382777 0
    outer loop
      vertex 6.02267 119.568 8.5
      vertex 6.38231 118.7 2.5
      vertex 6.38231 118.7 8.5
    endloop
  endfacet
  facet normal 0 0 1
    outer loop
      vertex 11.1 120.5 8.5
      vertex 13.1 120.5 8.5
      vertex 12.9773 121.432 8.5
    endloop
  endfacet
  facet normal 0 0 1
    outer loop
      vertex 11.0217 120.994 8.5
      vertex 12.9773 121.432 8.5
      vertex 12.6177 122.3 8.5
    endloop
  endfacet
  facet normal 0 0 1
    outer loop
      vertex 13.1 120.5 8.5
      vertex 11.1 120.5 8.5
      vertex 12.9773 119.568 8.5
    endloop
  endfacet
  facet normal 0 0 1
    outer loop
      vertex 10.7944 121.44 8.5
      vertex 12.6177 122.3 8.5
      vertex 12.0456 123.046 8.5
    endloop
  endfacet
  facet normal -0 0 1
    outer loop
      vertex 11.0217 120.006 8.5
      vertex 12.9773 119.568 8.5
      vertex 11.1 120.5 8.5
    endloop
  endfacet
  facet normal 0 0 1
    outer loop
      vertex 10.4405 121.794 8.5
      vertex 12.0456 123.046 8.5
      vertex 11.3 123.618 8.5
    endloop
  endfacet
  facet normal 0 0 1
    outer loop
      vertex 12.9773 119.568 8.5
      vertex 11.0217 120.006 8.5
      vertex 12.6177 118.7 8.5
    endloop
  endfacet
  facet normal -0 0 1
    outer loop
      vertex 10.7944 119.56 8.5
      vertex 12.6177 118.7 8.5
      vertex 11.0217 120.006 8.5
    endloop
  endfacet
  facet normal 0 0 1
    outer loop
      vertex 12.9773 121.432 8.5
      vertex 11.0217 120.994 8.5
      vertex 11.1 120.5 8.5
    endloop
  endfacet
  facet normal 0 0 1
    outer loop
      vertex 12.6177 122.3 8.5
      vertex 10.7944 121.44 8.5
      vertex 11.0217 120.994 8.5
    endloop
  endfacet
  facet normal 0 0 1
    outer loop
      vertex 12.0456 123.046 8.5
      vertex 10.4405 121.794 8.5
      vertex 10.7944 121.44 8.5
    endloop
  endfacet
  facet normal 0 0 1
    outer loop
      vertex 9.99443 122.022 8.5
      vertex 11.3 123.618 8.5
      vertex 10.4317 123.977 8.5
    endloop
  endfacet
  facet normal 0 0 1
    outer loop
      vertex 11.3 123.618 8.5
      vertex 9.99443 122.022 8.5
      vertex 10.4405 121.794 8.5
    endloop
  endfacet
  facet normal 0 0 1
    outer loop
      vertex 9.5 122.1 8.5
      vertex 10.4317 123.977 8.5
      vertex 9.5 124.1 8.5
    endloop
  endfacet
  facet normal 0 0 1
    outer loop
      vertex 10.4317 123.977 8.5
      vertex 9.5 122.1 8.5
      vertex 9.99443 122.022 8.5
    endloop
  endfacet
  facet normal -0 0 1
    outer loop
      vertex 8.56825 123.977 8.5
      vertex 9.5 122.1 8.5
      vertex 9.5 124.1 8.5
    endloop
  endfacet
  facet normal 0 0 1
    outer loop
      vertex 9.5 122.1 8.5
      vertex 8.56825 123.977 8.5
      vertex 9.00557 122.022 8.5
    endloop
  endfacet
  facet normal -0 0 1
    outer loop
      vertex 7.7 123.618 8.5
      vertex 9.00557 122.022 8.5
      vertex 8.56825 123.977 8.5
    endloop
  endfacet
  facet normal 0 0 1
    outer loop
      vertex 9.00557 122.022 8.5
      vertex 7.7 123.618 8.5
      vertex 8.55954 121.794 8.5
    endloop
  endfacet
  facet normal -0 0 1
    outer loop
      vertex 6.95442 123.046 8.5
      vertex 8.55954 121.794 8.5
      vertex 7.7 123.618 8.5
    endloop
  endfacet
  facet normal -0 0 1
    outer loop
      vertex 6.38231 122.3 8.5
      vertex 8.20557 121.44 8.5
      vertex 6.95442 123.046 8.5
    endloop
  endfacet
  facet normal 0 0 1
    outer loop
      vertex 8.55954 121.794 8.5
      vertex 6.95442 123.046 8.5
      vertex 8.20557 121.44 8.5
    endloop
  endfacet
  facet normal 0 0 1
    outer loop
      vertex 12.6177 118.7 8.5
      vertex 10.7944 119.56 8.5
      vertex 12.0456 117.954 8.5
    endloop
  endfacet
  facet normal -0 0 1
    outer loop
      vertex 10.4405 119.206 8.5
      vertex 12.0456 117.954 8.5
      vertex 10.7944 119.56 8.5
    endloop
  endfacet
  facet normal 0 0 1
    outer loop
      vertex 12.0456 117.954 8.5
      vertex 10.4405 119.206 8.5
      vertex 11.3 117.382 8.5
    endloop
  endfacet
  facet normal -0 0 1
    outer loop
      vertex 9.99443 118.978 8.5
      vertex 11.3 117.382 8.5
      vertex 10.4405 119.206 8.5
    endloop
  endfacet
  facet normal 0 0 1
    outer loop
      vertex 11.3 117.382 8.5
      vertex 9.99443 118.978 8.5
      vertex 10.4317 117.023 8.5
    endloop
  endfacet
  facet normal -0 0 1
    outer loop
      vertex 9.5 118.9 8.5
      vertex 10.4317 117.023 8.5
      vertex 9.99443 118.978 8.5
    endloop
  endfacet
  facet normal 0 0 1
    outer loop
      vertex 9.5 118.9 8.5
      vertex 9.5 116.9 8.5
      vertex 10.4317 117.023 8.5
    endloop
  endfacet
  facet normal 0 0 1
    outer loop
      vertex 8.56825 117.023 8.5
      vertex 9.5 118.9 8.5
      vertex 9.00557 118.978 8.5
    endloop
  endfacet
  facet normal 0 0 1
    outer loop
      vertex 9.5 118.9 8.5
      vertex 8.56825 117.023 8.5
      vertex 9.5 116.9 8.5
    endloop
  endfacet
  facet normal 0 0 1
    outer loop
      vertex 7.7 117.382 8.5
      vertex 9.00557 118.978 8.5
      vertex 8.55954 119.206 8.5
    endloop
  endfacet
  facet normal 0 0 1
    outer loop
      vertex 6.95442 117.954 8.5
      vertex 8.55954 119.206 8.5
      vertex 8.20557 119.56 8.5
    endloop
  endfacet
  facet normal 0 0 1
    outer loop
      vertex 6.38231 118.7 8.5
      vertex 8.20557 119.56 8.5
      vertex 7.97831 120.006 8.5
    endloop
  endfacet
  facet normal 0 0 1
    outer loop
      vertex 9.00557 118.978 8.5
      vertex 7.7 117.382 8.5
      vertex 8.56825 117.023 8.5
    endloop
  endfacet
  facet normal 0 0 1
    outer loop
      vertex 6.02267 119.568 8.5
      vertex 7.97831 120.006 8.5
      vertex 7.9 120.5 8.5
    endloop
  endfacet
  facet normal 0 0 1
    outer loop
      vertex 8.20557 121.44 8.5
      vertex 6.38231 122.3 8.5
      vertex 7.97831 120.994 8.5
    endloop
  endfacet
  facet normal -0 0 1
    outer loop
      vertex 6.02267 121.432 8.5
      vertex 7.97831 120.994 8.5
      vertex 6.38231 122.3 8.5
    endloop
  endfacet
  facet normal 0 0 1
    outer loop
      vertex 8.55954 119.206 8.5
      vertex 6.95442 117.954 8.5
      vertex 7.7 117.382 8.5
    endloop
  endfacet
  facet normal 0 0 1
    outer loop
      vertex 7.97831 120.994 8.5
      vertex 6.02267 121.432 8.5
      vertex 7.9 120.5 8.5
    endloop
  endfacet
  facet normal 0 0 1
    outer loop
      vertex 8.20557 119.56 8.5
      vertex 6.38231 118.7 8.5
      vertex 6.95442 117.954 8.5
    endloop
  endfacet
  facet normal 0 0 1
    outer loop
      vertex 5.9 120.5 8.5
      vertex 7.9 120.5 8.5
      vertex 6.02267 121.432 8.5
    endloop
  endfacet
  facet normal 0 0 1
    outer loop
      vertex 7.97831 120.006 8.5
      vertex 6.02267 119.568 8.5
      vertex 6.38231 118.7 8.5
    endloop
  endfacet
  facet normal 0 0 1
    outer loop
      vertex 7.9 120.5 8.5
      vertex 5.9 120.5 8.5
      vertex 6.02267 119.568 8.5
    endloop
  endfacet
  facet normal -0.98767 -0.156548 0
    outer loop
      vertex 11.1 120.5 2.5
      vertex 11.0217 120.994 8.5
      vertex 11.0217 120.994 2.5
    endloop
  endfacet
  facet normal -0.98767 -0.156548 0
    outer loop
      vertex 11.0217 120.994 8.5
      vertex 11.1 120.5 2.5
      vertex 11.1 120.5 8.5
    endloop
  endfacet
  facet normal 0.987667 -0.156567 0
    outer loop
      vertex 7.9 120.5 8.5
      vertex 7.97831 120.994 2.5
      vertex 7.97831 120.994 8.5
    endloop
  endfacet
  facet normal 0.987667 -0.156567 0
    outer loop
      vertex 7.97831 120.994 2.5
      vertex 7.9 120.5 8.5
      vertex 7.9 120.5 2.5
    endloop
  endfacet
  facet normal 0.15583 -0.987784 0
    outer loop
      vertex 9.00557 122.022 2.5
      vertex 9.5 122.1 8.5
      vertex 9.00557 122.022 8.5
    endloop
  endfacet
  facet normal 0.15583 -0.987784 0
    outer loop
      vertex 9.5 122.1 8.5
      vertex 9.00557 122.022 2.5
      vertex 9.5 122.1 2.5
    endloop
  endfacet
  facet normal -0.15583 0.987784 0
    outer loop
      vertex 9.99443 118.978 2.5
      vertex 9.5 118.9 8.5
      vertex 9.99443 118.978 8.5
    endloop
  endfacet
  facet normal -0.15583 0.987784 0
    outer loop
      vertex 9.5 118.9 8.5
      vertex 9.99443 118.978 2.5
      vertex 9.5 118.9 2.5
    endloop
  endfacet
  facet normal -0.455125 0.890428 0
    outer loop
      vertex 10.4405 119.206 2.5
      vertex 9.99443 118.978 8.5
      vertex 10.4405 119.206 8.5
    endloop
  endfacet
  facet normal -0.455125 0.890428 0
    outer loop
      vertex 9.99443 118.978 8.5
      vertex 10.4405 119.206 2.5
      vertex 9.99443 118.978 2.5
    endloop
  endfacet
  facet normal -0.707207 -0.707007 0
    outer loop
      vertex 10.4405 121.794 2.5
      vertex 10.7944 121.44 8.5
      vertex 10.4405 121.794 8.5
    endloop
  endfacet
  facet normal -0.707207 -0.707007 -0
    outer loop
      vertex 10.7944 121.44 8.5
      vertex 10.4405 121.794 2.5
      vertex 10.7944 121.44 2.5
    endloop
  endfacet
  facet normal -0.890965 -0.454072 0
    outer loop
      vertex 11.0217 120.994 2.5
      vertex 10.7944 121.44 8.5
      vertex 10.7944 121.44 2.5
    endloop
  endfacet
  facet normal -0.890965 -0.454072 0
    outer loop
      vertex 10.7944 121.44 8.5
      vertex 11.0217 120.994 2.5
      vertex 11.0217 120.994 8.5
    endloop
  endfacet
  facet normal -0.455125 -0.890428 0
    outer loop
      vertex 9.99443 122.022 2.5
      vertex 10.4405 121.794 8.5
      vertex 9.99443 122.022 8.5
    endloop
  endfacet
  facet normal -0.455125 -0.890428 -0
    outer loop
      vertex 10.4405 121.794 8.5
      vertex 9.99443 122.022 2.5
      vertex 10.4405 121.794 2.5
    endloop
  endfacet
  facet normal 0.707137 -0.707077 0
    outer loop
      vertex 8.20557 121.44 2.5
      vertex 8.55954 121.794 8.5
      vertex 8.20557 121.44 8.5
    endloop
  endfacet
  facet normal 0.707137 -0.707077 0
    outer loop
      vertex 8.55954 121.794 8.5
      vertex 8.20557 121.44 2.5
      vertex 8.55954 121.794 2.5
    endloop
  endfacet
  facet normal 0.890997 -0.454009 0
    outer loop
      vertex 7.97831 120.994 8.5
      vertex 8.20557 121.44 2.5
      vertex 8.20557 121.44 8.5
    endloop
  endfacet
  facet normal 0.890997 -0.454009 0
    outer loop
      vertex 8.20557 121.44 2.5
      vertex 7.97831 120.994 8.5
      vertex 7.97831 120.994 2.5
    endloop
  endfacet
  facet normal 0.455157 -0.890411 0
    outer loop
      vertex 8.55954 121.794 2.5
      vertex 9.00557 122.022 8.5
      vertex 8.55954 121.794 8.5
    endloop
  endfacet
  facet normal 0.455157 -0.890411 0
    outer loop
      vertex 9.00557 122.022 8.5
      vertex 8.55954 121.794 2.5
      vertex 9.00557 122.022 2.5
    endloop
  endfacet
  facet normal -0.15583 -0.987784 0
    outer loop
      vertex 9.5 122.1 2.5
      vertex 9.99443 122.022 8.5
      vertex 9.5 122.1 8.5
    endloop
  endfacet
  facet normal -0.15583 -0.987784 -0
    outer loop
      vertex 9.99443 122.022 8.5
      vertex 9.5 122.1 2.5
      vertex 9.99443 122.022 2.5
    endloop
  endfacet
  facet normal -0.98767 0.156548 0
    outer loop
      vertex 11.0217 120.006 2.5
      vertex 11.1 120.5 8.5
      vertex 11.1 120.5 2.5
    endloop
  endfacet
  facet normal -0.98767 0.156548 0
    outer loop
      vertex 11.1 120.5 8.5
      vertex 11.0217 120.006 2.5
      vertex 11.0217 120.006 8.5
    endloop
  endfacet
  facet normal -0.707207 0.707007 0
    outer loop
      vertex 10.7944 119.56 2.5
      vertex 10.4405 119.206 8.5
      vertex 10.7944 119.56 8.5
    endloop
  endfacet
  facet normal -0.707207 0.707007 0
    outer loop
      vertex 10.4405 119.206 8.5
      vertex 10.7944 119.56 2.5
      vertex 10.4405 119.206 2.5
    endloop
  endfacet
  facet normal -0.890965 0.454072 0
    outer loop
      vertex 10.7944 119.56 2.5
      vertex 11.0217 120.006 8.5
      vertex 11.0217 120.006 2.5
    endloop
  endfacet
  facet normal -0.890965 0.454072 0
    outer loop
      vertex 11.0217 120.006 8.5
      vertex 10.7944 119.56 2.5
      vertex 10.7944 119.56 8.5
    endloop
  endfacet
  facet normal 0.890997 0.454009 0
    outer loop
      vertex 8.20557 119.56 8.5
      vertex 7.97831 120.006 2.5
      vertex 7.97831 120.006 8.5
    endloop
  endfacet
  facet normal 0.890997 0.454009 0
    outer loop
      vertex 7.97831 120.006 2.5
      vertex 8.20557 119.56 8.5
      vertex 8.20557 119.56 2.5
    endloop
  endfacet
  facet normal 0.987667 0.156567 0
    outer loop
      vertex 7.97831 120.006 8.5
      vertex 7.9 120.5 2.5
      vertex 7.9 120.5 8.5
    endloop
  endfacet
  facet normal 0.987667 0.156567 0
    outer loop
      vertex 7.9 120.5 2.5
      vertex 7.97831 120.006 8.5
      vertex 7.97831 120.006 2.5
    endloop
  endfacet
  facet normal 0.15583 0.987784 -0
    outer loop
      vertex 9.5 118.9 2.5
      vertex 9.00557 118.978 8.5
      vertex 9.5 118.9 8.5
    endloop
  endfacet
  facet normal 0.15583 0.987784 0
    outer loop
      vertex 9.00557 118.978 8.5
      vertex 9.5 118.9 2.5
      vertex 9.00557 118.978 2.5
    endloop
  endfacet
  facet normal 0.707137 0.707077 -0
    outer loop
      vertex 8.55954 119.206 2.5
      vertex 8.20557 119.56 8.5
      vertex 8.55954 119.206 8.5
    endloop
  endfacet
  facet normal 0.707137 0.707077 0
    outer loop
      vertex 8.20557 119.56 8.5
      vertex 8.55954 119.206 2.5
      vertex 8.20557 119.56 2.5
    endloop
  endfacet
  facet normal 0.455157 0.890411 -0
    outer loop
      vertex 9.00557 118.978 2.5
      vertex 8.55954 119.206 8.5
      vertex 9.00557 118.978 8.5
    endloop
  endfacet
  facet normal 0.455157 0.890411 0
    outer loop
      vertex 8.55954 119.206 8.5
      vertex 9.00557 118.978 2.5
      vertex 8.55954 119.206 2.5
    endloop
  endfacet
  facet normal 0.991439 0.130567 0
    outer loop
      vertex 13.1 77 8.5
      vertex 12.9773 77.9317 2.5
      vertex 12.9773 77.9317 8.5
    endloop
  endfacet
  facet normal 0.991439 0.130567 0
    outer loop
      vertex 12.9773 77.9317 2.5
      vertex 13.1 77 8.5
      vertex 13.1 77 2.5
    endloop
  endfacet
  facet normal -0.991444 0.130536 0
    outer loop
      vertex 5.9 77 2.5
      vertex 6.02267 77.9317 8.5
      vertex 6.02267 77.9317 2.5
    endloop
  endfacet
  facet normal -0.991444 0.130536 0
    outer loop
      vertex 6.02267 77.9317 8.5
      vertex 5.9 77 2.5
      vertex 5.9 77 8.5
    endloop
  endfacet
  facet normal 0.130567 0.991439 -0
    outer loop
      vertex 10.4317 80.4773 2.5
      vertex 9.5 80.6 8.5
      vertex 10.4317 80.4773 8.5
    endloop
  endfacet
  facet normal 0.130567 0.991439 0
    outer loop
      vertex 9.5 80.6 8.5
      vertex 10.4317 80.4773 2.5
      vertex 9.5 80.6 2.5
    endloop
  endfacet
  facet normal 0.608749 0.793363 -0
    outer loop
      vertex 12.0456 79.5456 2.5
      vertex 11.3 80.1177 8.5
      vertex 12.0456 79.5456 8.5
    endloop
  endfacet
  facet normal 0.608749 0.793363 0
    outer loop
      vertex 11.3 80.1177 8.5
      vertex 12.0456 79.5456 2.5
      vertex 11.3 80.1177 2.5
    endloop
  endfacet
  facet normal 0.923903 0.382627 0
    outer loop
      vertex 12.9773 77.9317 8.5
      vertex 12.6177 78.8 2.5
      vertex 12.6177 78.8 8.5
    endloop
  endfacet
  facet normal 0.923903 0.382627 0
    outer loop
      vertex 12.6177 78.8 2.5
      vertex 12.9773 77.9317 8.5
      vertex 12.9773 77.9317 2.5
    endloop
  endfacet
  facet normal 0.382627 0.923903 -0
    outer loop
      vertex 11.3 80.1177 2.5
      vertex 10.4317 80.4773 8.5
      vertex 11.3 80.1177 8.5
    endloop
  endfacet
  facet normal 0.382627 0.923903 0
    outer loop
      vertex 10.4317 80.4773 8.5
      vertex 11.3 80.1177 2.5
      vertex 10.4317 80.4773 2.5
    endloop
  endfacet
  facet normal -0.608759 0.793355 0
    outer loop
      vertex 7.7 80.1177 2.5
      vertex 6.95442 79.5456 8.5
      vertex 7.7 80.1177 8.5
    endloop
  endfacet
  facet normal -0.608759 0.793355 0
    outer loop
      vertex 6.95442 79.5456 8.5
      vertex 7.7 80.1177 2.5
      vertex 6.95442 79.5456 2.5
    endloop
  endfacet
  facet normal -0.793358 0.608755 0
    outer loop
      vertex 6.38231 78.8 2.5
      vertex 6.95442 79.5456 8.5
      vertex 6.95442 79.5456 2.5
    endloop
  endfacet
  facet normal -0.793358 0.608755 0
    outer loop
      vertex 6.95442 79.5456 8.5
      vertex 6.38231 78.8 2.5
      vertex 6.38231 78.8 8.5
    endloop
  endfacet
  facet normal -0.382646 0.923895 0
    outer loop
      vertex 8.56825 80.4773 2.5
      vertex 7.7 80.1177 8.5
      vertex 8.56825 80.4773 8.5
    endloop
  endfacet
  facet normal -0.382646 0.923895 0
    outer loop
      vertex 7.7 80.1177 8.5
      vertex 8.56825 80.4773 2.5
      vertex 7.7 80.1177 2.5
    endloop
  endfacet
  facet normal 0.923903 -0.382627 0
    outer loop
      vertex 12.6177 75.2 8.5
      vertex 12.9773 76.0683 2.5
      vertex 12.9773 76.0683 8.5
    endloop
  endfacet
  facet normal 0.923903 -0.382627 0
    outer loop
      vertex 12.9773 76.0683 2.5
      vertex 12.6177 75.2 8.5
      vertex 12.6177 75.2 2.5
    endloop
  endfacet
  facet normal -0.608759 -0.793355 0
    outer loop
      vertex 6.95442 74.4544 2.5
      vertex 7.7 73.8823 8.5
      vertex 6.95442 74.4544 8.5
    endloop
  endfacet
  facet normal -0.608759 -0.793355 -0
    outer loop
      vertex 7.7 73.8823 8.5
      vertex 6.95442 74.4544 2.5
      vertex 7.7 73.8823 2.5
    endloop
  endfacet
  facet normal 0.793363 0.608749 0
    outer loop
      vertex 12.6177 78.8 8.5
      vertex 12.0456 79.5456 2.5
      vertex 12.0456 79.5456 8.5
    endloop
  endfacet
  facet normal 0.793363 0.608749 0
    outer loop
      vertex 12.0456 79.5456 2.5
      vertex 12.6177 78.8 8.5
      vertex 12.6177 78.8 2.5
    endloop
  endfacet
  facet normal -0.923888 0.382664 0
    outer loop
      vertex 6.02267 77.9317 2.5
      vertex 6.38231 78.8 8.5
      vertex 6.38231 78.8 2.5
    endloop
  endfacet
  facet normal -0.923888 0.382664 0
    outer loop
      vertex 6.38231 78.8 8.5
      vertex 6.02267 77.9317 2.5
      vertex 6.02267 77.9317 8.5
    endloop
  endfacet
  facet normal -0.13056 0.99144 0
    outer loop
      vertex 9.5 80.6 2.5
      vertex 8.56825 80.4773 8.5
      vertex 9.5 80.6 8.5
    endloop
  endfacet
  facet normal -0.13056 0.99144 0
    outer loop
      vertex 8.56825 80.4773 8.5
      vertex 9.5 80.6 2.5
      vertex 8.56825 80.4773 2.5
    endloop
  endfacet
  facet normal 0.991439 -0.130567 0
    outer loop
      vertex 12.9773 76.0683 8.5
      vertex 13.1 77 2.5
      vertex 13.1 77 8.5
    endloop
  endfacet
  facet normal 0.991439 -0.130567 0
    outer loop
      vertex 13.1 77 2.5
      vertex 12.9773 76.0683 8.5
      vertex 12.9773 76.0683 2.5
    endloop
  endfacet
  facet normal 0.130567 -0.991439 0
    outer loop
      vertex 9.5 73.4 2.5
      vertex 10.4317 73.5227 8.5
      vertex 9.5 73.4 8.5
    endloop
  endfacet
  facet normal 0.130567 -0.991439 0
    outer loop
      vertex 10.4317 73.5227 8.5
      vertex 9.5 73.4 2.5
      vertex 10.4317 73.5227 2.5
    endloop
  endfacet
  facet normal 0.608749 -0.793363 0
    outer loop
      vertex 11.3 73.8823 2.5
      vertex 12.0456 74.4544 8.5
      vertex 11.3 73.8823 8.5
    endloop
  endfacet
  facet normal 0.608749 -0.793363 0
    outer loop
      vertex 12.0456 74.4544 8.5
      vertex 11.3 73.8823 2.5
      vertex 12.0456 74.4544 2.5
    endloop
  endfacet
  facet normal -0.382646 -0.923895 0
    outer loop
      vertex 7.7 73.8823 2.5
      vertex 8.56825 73.5227 8.5
      vertex 7.7 73.8823 8.5
    endloop
  endfacet
  facet normal -0.382646 -0.923895 -0
    outer loop
      vertex 8.56825 73.5227 8.5
      vertex 7.7 73.8823 2.5
      vertex 8.56825 73.5227 2.5
    endloop
  endfacet
  facet normal -0.793358 -0.608755 0
    outer loop
      vertex 6.95442 74.4544 2.5
      vertex 6.38231 75.2 8.5
      vertex 6.38231 75.2 2.5
    endloop
  endfacet
  facet normal -0.793358 -0.608755 0
    outer loop
      vertex 6.38231 75.2 8.5
      vertex 6.95442 74.4544 2.5
      vertex 6.95442 74.4544 8.5
    endloop
  endfacet
  facet normal -0.991444 -0.130536 0
    outer loop
      vertex 6.02267 76.0683 2.5
      vertex 5.9 77 8.5
      vertex 5.9 77 2.5
    endloop
  endfacet
  facet normal -0.991444 -0.130536 0
    outer loop
      vertex 5.9 77 8.5
      vertex 6.02267 76.0683 2.5
      vertex 6.02267 76.0683 8.5
    endloop
  endfacet
  facet normal 0.382627 -0.923903 0
    outer loop
      vertex 10.4317 73.5227 2.5
      vertex 11.3 73.8823 8.5
      vertex 10.4317 73.5227 8.5
    endloop
  endfacet
  facet normal 0.382627 -0.923903 0
    outer loop
      vertex 11.3 73.8823 8.5
      vertex 10.4317 73.5227 2.5
      vertex 11.3 73.8823 2.5
    endloop
  endfacet
  facet normal 0.793363 -0.608749 0
    outer loop
      vertex 12.0456 74.4544 8.5
      vertex 12.6177 75.2 2.5
      vertex 12.6177 75.2 8.5
    endloop
  endfacet
  facet normal 0.793363 -0.608749 0
    outer loop
      vertex 12.6177 75.2 2.5
      vertex 12.0456 74.4544 8.5
      vertex 12.0456 74.4544 2.5
    endloop
  endfacet
  facet normal -0.13056 -0.99144 0
    outer loop
      vertex 8.56825 73.5227 2.5
      vertex 9.5 73.4 8.5
      vertex 8.56825 73.5227 8.5
    endloop
  endfacet
  facet normal -0.13056 -0.99144 -0
    outer loop
      vertex 9.5 73.4 8.5
      vertex 8.56825 73.5227 2.5
      vertex 9.5 73.4 2.5
    endloop
  endfacet
  facet normal -0.923888 -0.382664 0
    outer loop
      vertex 6.38231 75.2 2.5
      vertex 6.02267 76.0683 8.5
      vertex 6.02267 76.0683 2.5
    endloop
  endfacet
  facet normal -0.923888 -0.382664 0
    outer loop
      vertex 6.02267 76.0683 8.5
      vertex 6.38231 75.2 2.5
      vertex 6.38231 75.2 8.5
    endloop
  endfacet
  facet normal 0 0 1
    outer loop
      vertex 11.1 77 8.5
      vertex 13.1 77 8.5
      vertex 12.9773 77.9317 8.5
    endloop
  endfacet
  facet normal 0 0 1
    outer loop
      vertex 11.0217 77.4944 8.5
      vertex 12.9773 77.9317 8.5
      vertex 12.6177 78.8 8.5
    endloop
  endfacet
  facet normal 0 0 1
    outer loop
      vertex 13.1 77 8.5
      vertex 11.1 77 8.5
      vertex 12.9773 76.0683 8.5
    endloop
  endfacet
  facet normal 0 0 1
    outer loop
      vertex 10.7944 77.9405 8.5
      vertex 12.6177 78.8 8.5
      vertex 12.0456 79.5456 8.5
    endloop
  endfacet
  facet normal -0 0 1
    outer loop
      vertex 11.0217 76.5056 8.5
      vertex 12.9773 76.0683 8.5
      vertex 11.1 77 8.5
    endloop
  endfacet
  facet normal 0 0 1
    outer loop
      vertex 10.4405 78.2944 8.5
      vertex 12.0456 79.5456 8.5
      vertex 11.3 80.1177 8.5
    endloop
  endfacet
  facet normal 0 0 1
    outer loop
      vertex 12.9773 76.0683 8.5
      vertex 11.0217 76.5056 8.5
      vertex 12.6177 75.2 8.5
    endloop
  endfacet
  facet normal -0 0 1
    outer loop
      vertex 10.7944 76.0595 8.5
      vertex 12.6177 75.2 8.5
      vertex 11.0217 76.5056 8.5
    endloop
  endfacet
  facet normal 0 0 1
    outer loop
      vertex 12.9773 77.9317 8.5
      vertex 11.0217 77.4944 8.5
      vertex 11.1 77 8.5
    endloop
  endfacet
  facet normal 0 0 1
    outer loop
      vertex 12.6177 78.8 8.5
      vertex 10.7944 77.9405 8.5
      vertex 11.0217 77.4944 8.5
    endloop
  endfacet
  facet normal 0 0 1
    outer loop
      vertex 12.0456 79.5456 8.5
      vertex 10.4405 78.2944 8.5
      vertex 10.7944 77.9405 8.5
    endloop
  endfacet
  facet normal 0 0 1
    outer loop
      vertex 9.99443 78.5217 8.5
      vertex 11.3 80.1177 8.5
      vertex 10.4317 80.4773 8.5
    endloop
  endfacet
  facet normal 0 0 1
    outer loop
      vertex 11.3 80.1177 8.5
      vertex 9.99443 78.5217 8.5
      vertex 10.4405 78.2944 8.5
    endloop
  endfacet
  facet normal 0 0 1
    outer loop
      vertex 9.5 78.6 8.5
      vertex 10.4317 80.4773 8.5
      vertex 9.5 80.6 8.5
    endloop
  endfacet
  facet normal 0 0 1
    outer loop
      vertex 10.4317 80.4773 8.5
      vertex 9.5 78.6 8.5
      vertex 9.99443 78.5217 8.5
    endloop
  endfacet
  facet normal -0 0 1
    outer loop
      vertex 8.56825 80.4773 8.5
      vertex 9.5 78.6 8.5
      vertex 9.5 80.6 8.5
    endloop
  endfacet
  facet normal 0 0 1
    outer loop
      vertex 9.5 78.6 8.5
      vertex 8.56825 80.4773 8.5
      vertex 9.00557 78.5217 8.5
    endloop
  endfacet
  facet normal -0 0 1
    outer loop
      vertex 7.7 80.1177 8.5
      vertex 9.00557 78.5217 8.5
      vertex 8.56825 80.4773 8.5
    endloop
  endfacet
  facet normal 0 0 1
    outer loop
      vertex 9.00557 78.5217 8.5
      vertex 7.7 80.1177 8.5
      vertex 8.55954 78.2944 8.5
    endloop
  endfacet
  facet normal -0 0 1
    outer loop
      vertex 6.95442 79.5456 8.5
      vertex 8.55954 78.2944 8.5
      vertex 7.7 80.1177 8.5
    endloop
  endfacet
  facet normal -0 0 1
    outer loop
      vertex 6.38231 78.8 8.5
      vertex 8.20557 77.9405 8.5
      vertex 6.95442 79.5456 8.5
    endloop
  endfacet
  facet normal 0 0 1
    outer loop
      vertex 8.55954 78.2944 8.5
      vertex 6.95442 79.5456 8.5
      vertex 8.20557 77.9405 8.5
    endloop
  endfacet
  facet normal 0 0 1
    outer loop
      vertex 12.6177 75.2 8.5
      vertex 10.7944 76.0595 8.5
      vertex 12.0456 74.4544 8.5
    endloop
  endfacet
  facet normal -0 0 1
    outer loop
      vertex 10.4405 75.7056 8.5
      vertex 12.0456 74.4544 8.5
      vertex 10.7944 76.0595 8.5
    endloop
  endfacet
  facet normal 0 0 1
    outer loop
      vertex 12.0456 74.4544 8.5
      vertex 10.4405 75.7056 8.5
      vertex 11.3 73.8823 8.5
    endloop
  endfacet
  facet normal -0 0 1
    outer loop
      vertex 9.99443 75.4783 8.5
      vertex 11.3 73.8823 8.5
      vertex 10.4405 75.7056 8.5
    endloop
  endfacet
  facet normal 0 0 1
    outer loop
      vertex 11.3 73.8823 8.5
      vertex 9.99443 75.4783 8.5
      vertex 10.4317 73.5227 8.5
    endloop
  endfacet
  facet normal -0 0 1
    outer loop
      vertex 9.5 75.4 8.5
      vertex 10.4317 73.5227 8.5
      vertex 9.99443 75.4783 8.5
    endloop
  endfacet
  facet normal 0 0 1
    outer loop
      vertex 9.5 75.4 8.5
      vertex 9.5 73.4 8.5
      vertex 10.4317 73.5227 8.5
    endloop
  endfacet
  facet normal 0 0 1
    outer loop
      vertex 8.56825 73.5227 8.5
      vertex 9.5 75.4 8.5
      vertex 9.00557 75.4783 8.5
    endloop
  endfacet
  facet normal 0 0 1
    outer loop
      vertex 9.5 75.4 8.5
      vertex 8.56825 73.5227 8.5
      vertex 9.5 73.4 8.5
    endloop
  endfacet
  facet normal 0 0 1
    outer loop
      vertex 7.7 73.8823 8.5
      vertex 9.00557 75.4783 8.5
      vertex 8.55954 75.7056 8.5
    endloop
  endfacet
  facet normal 0 0 1
    outer loop
      vertex 6.95442 74.4544 8.5
      vertex 8.55954 75.7056 8.5
      vertex 8.20557 76.0595 8.5
    endloop
  endfacet
  facet normal 0 0 1
    outer loop
      vertex 6.38231 75.2 8.5
      vertex 8.20557 76.0595 8.5
      vertex 7.97831 76.5056 8.5
    endloop
  endfacet
  facet normal 0 0 1
    outer loop
      vertex 9.00557 75.4783 8.5
      vertex 7.7 73.8823 8.5
      vertex 8.56825 73.5227 8.5
    endloop
  endfacet
  facet normal 0 0 1
    outer loop
      vertex 6.02267 76.0683 8.5
      vertex 7.97831 76.5056 8.5
      vertex 7.9 77 8.5
    endloop
  endfacet
  facet normal 0 0 1
    outer loop
      vertex 8.20557 77.9405 8.5
      vertex 6.38231 78.8 8.5
      vertex 7.97831 77.4944 8.5
    endloop
  endfacet
  facet normal -0 0 1
    outer loop
      vertex 6.02267 77.9317 8.5
      vertex 7.97831 77.4944 8.5
      vertex 6.38231 78.8 8.5
    endloop
  endfacet
  facet normal 0 0 1
    outer loop
      vertex 8.55954 75.7056 8.5
      vertex 6.95442 74.4544 8.5
      vertex 7.7 73.8823 8.5
    endloop
  endfacet
  facet normal 0 0 1
    outer loop
      vertex 7.97831 77.4944 8.5
      vertex 6.02267 77.9317 8.5
      vertex 7.9 77 8.5
    endloop
  endfacet
  facet normal 0 0 1
    outer loop
      vertex 8.20557 76.0595 8.5
      vertex 6.38231 75.2 8.5
      vertex 6.95442 74.4544 8.5
    endloop
  endfacet
  facet normal 0 0 1
    outer loop
      vertex 5.9 77 8.5
      vertex 7.9 77 8.5
      vertex 6.02267 77.9317 8.5
    endloop
  endfacet
  facet normal 0 0 1
    outer loop
      vertex 7.97831 76.5056 8.5
      vertex 6.02267 76.0683 8.5
      vertex 6.38231 75.2 8.5
    endloop
  endfacet
  facet normal 0 0 1
    outer loop
      vertex 7.9 77 8.5
      vertex 5.9 77 8.5
      vertex 6.02267 76.0683 8.5
    endloop
  endfacet
  facet normal -0.98769 -0.156424 0
    outer loop
      vertex 11.1 77 2.5
      vertex 11.0217 77.4944 8.5
      vertex 11.0217 77.4944 2.5
    endloop
  endfacet
  facet normal -0.98769 -0.156424 0
    outer loop
      vertex 11.0217 77.4944 8.5
      vertex 11.1 77 2.5
      vertex 11.1 77 8.5
    endloop
  endfacet
  facet normal 0.987687 -0.156444 0
    outer loop
      vertex 7.9 77 8.5
      vertex 7.97831 77.4944 2.5
      vertex 7.97831 77.4944 8.5
    endloop
  endfacet
  facet normal 0.987687 -0.156444 0
    outer loop
      vertex 7.97831 77.4944 2.5
      vertex 7.9 77 8.5
      vertex 7.9 77 2.5
    endloop
  endfacet
  facet normal 0.156415 -0.987691 0
    outer loop
      vertex 9.00557 78.5217 2.5
      vertex 9.5 78.6 8.5
      vertex 9.00557 78.5217 8.5
    endloop
  endfacet
  facet normal 0.156415 -0.987691 0
    outer loop
      vertex 9.5 78.6 8.5
      vertex 9.00557 78.5217 2.5
      vertex 9.5 78.6 2.5
    endloop
  endfacet
  facet normal -0.156415 0.987691 0
    outer loop
      vertex 9.99443 75.4783 2.5
      vertex 9.5 75.4 8.5
      vertex 9.99443 75.4783 8.5
    endloop
  endfacet
  facet normal -0.156415 0.987691 0
    outer loop
      vertex 9.5 75.4 8.5
      vertex 9.99443 75.4783 2.5
      vertex 9.5 75.4 2.5
    endloop
  endfacet
  facet normal -0.454016 0.890994 0
    outer loop
      vertex 10.4405 75.7056 2.5
      vertex 9.99443 75.4783 8.5
      vertex 10.4405 75.7056 8.5
    endloop
  endfacet
  facet normal -0.454016 0.890994 0
    outer loop
      vertex 9.99443 75.4783 8.5
      vertex 10.4405 75.7056 2.5
      vertex 9.99443 75.4783 2.5
    endloop
  endfacet
  facet normal -0.707107 -0.707107 0
    outer loop
      vertex 10.4405 78.2944 2.5
      vertex 10.7944 77.9405 8.5
      vertex 10.4405 78.2944 8.5
    endloop
  endfacet
  facet normal -0.707107 -0.707107 -0
    outer loop
      vertex 10.7944 77.9405 8.5
      vertex 10.4405 78.2944 2.5
      vertex 10.7944 77.9405 2.5
    endloop
  endfacet
  facet normal -0.891006 -0.453992 0
    outer loop
      vertex 11.0217 77.4944 2.5
      vertex 10.7944 77.9405 8.5
      vertex 10.7944 77.9405 2.5
    endloop
  endfacet
  facet normal -0.891006 -0.453992 0
    outer loop
      vertex 10.7944 77.9405 8.5
      vertex 11.0217 77.4944 2.5
      vertex 11.0217 77.4944 8.5
    endloop
  endfacet
  facet normal -0.454016 -0.890994 0
    outer loop
      vertex 9.99443 78.5217 2.5
      vertex 10.4405 78.2944 8.5
      vertex 9.99443 78.5217 8.5
    endloop
  endfacet
  facet normal -0.454016 -0.890994 -0
    outer loop
      vertex 10.4405 78.2944 8.5
      vertex 9.99443 78.5217 2.5
      vertex 10.4405 78.2944 2.5
    endloop
  endfacet
  facet normal 0.707037 -0.707177 0
    outer loop
      vertex 8.20557 77.9405 2.5
      vertex 8.55954 78.2944 8.5
      vertex 8.20557 77.9405 8.5
    endloop
  endfacet
  facet normal 0.707037 -0.707177 0
    outer loop
      vertex 8.55954 78.2944 8.5
      vertex 8.20557 77.9405 2.5
      vertex 8.55954 78.2944 2.5
    endloop
  endfacet
  facet normal 0.891038 -0.453928 0
    outer loop
      vertex 7.97831 77.4944 8.5
      vertex 8.20557 77.9405 2.5
      vertex 8.20557 77.9405 8.5
    endloop
  endfacet
  facet normal 0.891038 -0.453928 0
    outer loop
      vertex 8.20557 77.9405 2.5
      vertex 7.97831 77.4944 8.5
      vertex 7.97831 77.4944 2.5
    endloop
  endfacet
  facet normal 0.454048 -0.890977 0
    outer loop
      vertex 8.55954 78.2944 2.5
      vertex 9.00557 78.5217 8.5
      vertex 8.55954 78.2944 8.5
    endloop
  endfacet
  facet normal 0.454048 -0.890977 0
    outer loop
      vertex 9.00557 78.5217 8.5
      vertex 8.55954 78.2944 2.5
      vertex 9.00557 78.5217 2.5
    endloop
  endfacet
  facet normal -0.156415 -0.987691 0
    outer loop
      vertex 9.5 78.6 2.5
      vertex 9.99443 78.5217 8.5
      vertex 9.5 78.6 8.5
    endloop
  endfacet
  facet normal -0.156415 -0.987691 -0
    outer loop
      vertex 9.99443 78.5217 8.5
      vertex 9.5 78.6 2.5
      vertex 9.99443 78.5217 2.5
    endloop
  endfacet
  facet normal -0.98769 0.156424 0
    outer loop
      vertex 11.0217 76.5056 2.5
      vertex 11.1 77 8.5
      vertex 11.1 77 2.5
    endloop
  endfacet
  facet normal -0.98769 0.156424 0
    outer loop
      vertex 11.1 77 8.5
      vertex 11.0217 76.5056 2.5
      vertex 11.0217 76.5056 8.5
    endloop
  endfacet
  facet normal -0.707107 0.707107 0
    outer loop
      vertex 10.7944 76.0595 2.5
      vertex 10.4405 75.7056 8.5
      vertex 10.7944 76.0595 8.5
    endloop
  endfacet
  facet normal -0.707107 0.707107 0
    outer loop
      vertex 10.4405 75.7056 8.5
      vertex 10.7944 76.0595 2.5
      vertex 10.4405 75.7056 2.5
    endloop
  endfacet
  facet normal -0.891006 0.453992 0
    outer loop
      vertex 10.7944 76.0595 2.5
      vertex 11.0217 76.5056 8.5
      vertex 11.0217 76.5056 2.5
    endloop
  endfacet
  facet normal -0.891006 0.453992 0
    outer loop
      vertex 11.0217 76.5056 8.5
      vertex 10.7944 76.0595 2.5
      vertex 10.7944 76.0595 8.5
    endloop
  endfacet
  facet normal 0.891038 0.453928 0
    outer loop
      vertex 8.20557 76.0595 8.5
      vertex 7.97831 76.5056 2.5
      vertex 7.97831 76.5056 8.5
    endloop
  endfacet
  facet normal 0.891038 0.453928 0
    outer loop
      vertex 7.97831 76.5056 2.5
      vertex 8.20557 76.0595 8.5
      vertex 8.20557 76.0595 2.5
    endloop
  endfacet
  facet normal 0.987687 0.156444 0
    outer loop
      vertex 7.97831 76.5056 8.5
      vertex 7.9 77 2.5
      vertex 7.9 77 8.5
    endloop
  endfacet
  facet normal 0.987687 0.156444 0
    outer loop
      vertex 7.9 77 2.5
      vertex 7.97831 76.5056 8.5
      vertex 7.97831 76.5056 2.5
    endloop
  endfacet
  facet normal 0.156415 0.987691 -0
    outer loop
      vertex 9.5 75.4 2.5
      vertex 9.00557 75.4783 8.5
      vertex 9.5 75.4 8.5
    endloop
  endfacet
  facet normal 0.156415 0.987691 0
    outer loop
      vertex 9.00557 75.4783 8.5
      vertex 9.5 75.4 2.5
      vertex 9.00557 75.4783 2.5
    endloop
  endfacet
  facet normal 0.707037 0.707177 -0
    outer loop
      vertex 8.55954 75.7056 2.5
      vertex 8.20557 76.0595 8.5
      vertex 8.55954 75.7056 8.5
    endloop
  endfacet
  facet normal 0.707037 0.707177 0
    outer loop
      vertex 8.20557 76.0595 8.5
      vertex 8.55954 75.7056 2.5
      vertex 8.20557 76.0595 2.5
    endloop
  endfacet
  facet normal 0.454048 0.890977 -0
    outer loop
      vertex 9.00557 75.4783 2.5
      vertex 8.55954 75.7056 8.5
      vertex 9.00557 75.4783 8.5
    endloop
  endfacet
  facet normal 0.454048 0.890977 0
    outer loop
      vertex 8.55954 75.7056 8.5
      vertex 9.00557 75.4783 2.5
      vertex 8.55954 75.7056 2.5
    endloop
  endfacet
  facet normal 0.991404 0.13084 0
    outer loop
      vertex 175.1 120.5 8.5
      vertex 174.977 121.432 2.5
      vertex 174.977 121.432 8.5
    endloop
  endfacet
  facet normal 0.991404 0.13084 0
    outer loop
      vertex 174.977 121.432 2.5
      vertex 175.1 120.5 8.5
      vertex 175.1 120.5 2.5
    endloop
  endfacet
  facet normal -0.991404 0.13084 0
    outer loop
      vertex 167.9 120.5 2.5
      vertex 168.023 121.432 8.5
      vertex 168.023 121.432 2.5
    endloop
  endfacet
  facet normal -0.991404 0.13084 0
    outer loop
      vertex 168.023 121.432 8.5
      vertex 167.9 120.5 2.5
      vertex 167.9 120.5 8.5
    endloop
  endfacet
  facet normal 0.13084 0.991404 -0
    outer loop
      vertex 172.432 123.977 2.5
      vertex 171.5 124.1 8.5
      vertex 172.432 123.977 8.5
    endloop
  endfacet
  facet normal 0.13084 0.991404 0
    outer loop
      vertex 171.5 124.1 8.5
      vertex 172.432 123.977 2.5
      vertex 171.5 124.1 2.5
    endloop
  endfacet
  facet normal 0.608476 0.793572 -0
    outer loop
      vertex 174.046 123.046 2.5
      vertex 173.3 123.618 8.5
      vertex 174.046 123.046 8.5
    endloop
  endfacet
  facet normal 0.608476 0.793572 0
    outer loop
      vertex 173.3 123.618 8.5
      vertex 174.046 123.046 2.5
      vertex 173.3 123.618 2.5
    endloop
  endfacet
  facet normal 0.924082 0.382195 0
    outer loop
      vertex 174.977 121.432 8.5
      vertex 174.618 122.3 2.5
      vertex 174.618 122.3 8.5
    endloop
  endfacet
  facet normal 0.924082 0.382195 0
    outer loop
      vertex 174.618 122.3 2.5
      vertex 174.977 121.432 8.5
      vertex 174.977 121.432 2.5
    endloop
  endfacet
  facet normal 0.382195 0.924082 -0
    outer loop
      vertex 173.3 123.618 2.5
      vertex 172.432 123.977 8.5
      vertex 173.3 123.618 8.5
    endloop
  endfacet
  facet normal 0.382195 0.924082 0
    outer loop
      vertex 172.432 123.977 8.5
      vertex 173.3 123.618 2.5
      vertex 172.432 123.977 2.5
    endloop
  endfacet
  facet normal -0.608476 0.793572 0
    outer loop
      vertex 169.7 123.618 2.5
      vertex 168.954 123.046 8.5
      vertex 169.7 123.618 8.5
    endloop
  endfacet
  facet normal -0.608476 0.793572 0
    outer loop
      vertex 168.954 123.046 8.5
      vertex 169.7 123.618 2.5
      vertex 168.954 123.046 2.5
    endloop
  endfacet
  facet normal -0.793572 0.608476 0
    outer loop
      vertex 168.382 122.3 2.5
      vertex 168.954 123.046 8.5
      vertex 168.954 123.046 2.5
    endloop
  endfacet
  facet normal -0.793572 0.608476 0
    outer loop
      vertex 168.954 123.046 8.5
      vertex 168.382 122.3 2.5
      vertex 168.382 122.3 8.5
    endloop
  endfacet
  facet normal -0.382195 0.924082 0
    outer loop
      vertex 170.568 123.977 2.5
      vertex 169.7 123.618 8.5
      vertex 170.568 123.977 8.5
    endloop
  endfacet
  facet normal -0.382195 0.924082 0
    outer loop
      vertex 169.7 123.618 8.5
      vertex 170.568 123.977 2.5
      vertex 169.7 123.618 2.5
    endloop
  endfacet
  facet normal 0.924082 -0.382195 0
    outer loop
      vertex 174.618 118.7 8.5
      vertex 174.977 119.568 2.5
      vertex 174.977 119.568 8.5
    endloop
  endfacet
  facet normal 0.924082 -0.382195 0
    outer loop
      vertex 174.977 119.568 2.5
      vertex 174.618 118.7 8.5
      vertex 174.618 118.7 2.5
    endloop
  endfacet
  facet normal -0.608476 -0.793572 0
    outer loop
      vertex 168.954 117.954 2.5
      vertex 169.7 117.382 8.5
      vertex 168.954 117.954 8.5
    endloop
  endfacet
  facet normal -0.608476 -0.793572 -0
    outer loop
      vertex 169.7 117.382 8.5
      vertex 168.954 117.954 2.5
      vertex 169.7 117.382 2.5
    endloop
  endfacet
  facet normal 0.793572 0.608476 0
    outer loop
      vertex 174.618 122.3 8.5
      vertex 174.046 123.046 2.5
      vertex 174.046 123.046 8.5
    endloop
  endfacet
  facet normal 0.793572 0.608476 0
    outer loop
      vertex 174.046 123.046 2.5
      vertex 174.618 122.3 8.5
      vertex 174.618 122.3 2.5
    endloop
  endfacet
  facet normal -0.924082 0.382195 0
    outer loop
      vertex 168.023 121.432 2.5
      vertex 168.382 122.3 8.5
      vertex 168.382 122.3 2.5
    endloop
  endfacet
  facet normal -0.924082 0.382195 0
    outer loop
      vertex 168.382 122.3 8.5
      vertex 168.023 121.432 2.5
      vertex 168.023 121.432 8.5
    endloop
  endfacet
  facet normal -0.13084 0.991404 0
    outer loop
      vertex 171.5 124.1 2.5
      vertex 170.568 123.977 8.5
      vertex 171.5 124.1 8.5
    endloop
  endfacet
  facet normal -0.13084 0.991404 0
    outer loop
      vertex 170.568 123.977 8.5
      vertex 171.5 124.1 2.5
      vertex 170.568 123.977 2.5
    endloop
  endfacet
  facet normal 0.991404 -0.13084 0
    outer loop
      vertex 174.977 119.568 8.5
      vertex 175.1 120.5 2.5
      vertex 175.1 120.5 8.5
    endloop
  endfacet
  facet normal 0.991404 -0.13084 0
    outer loop
      vertex 175.1 120.5 2.5
      vertex 174.977 119.568 8.5
      vertex 174.977 119.568 2.5
    endloop
  endfacet
  facet normal 0.13084 -0.991404 0
    outer loop
      vertex 171.5 116.9 2.5
      vertex 172.432 117.023 8.5
      vertex 171.5 116.9 8.5
    endloop
  endfacet
  facet normal 0.13084 -0.991404 0
    outer loop
      vertex 172.432 117.023 8.5
      vertex 171.5 116.9 2.5
      vertex 172.432 117.023 2.5
    endloop
  endfacet
  facet normal 0.608476 -0.793572 0
    outer loop
      vertex 173.3 117.382 2.5
      vertex 174.046 117.954 8.5
      vertex 173.3 117.382 8.5
    endloop
  endfacet
  facet normal 0.608476 -0.793572 0
    outer loop
      vertex 174.046 117.954 8.5
      vertex 173.3 117.382 2.5
      vertex 174.046 117.954 2.5
    endloop
  endfacet
  facet normal -0.382195 -0.924082 0
    outer loop
      vertex 169.7 117.382 2.5
      vertex 170.568 117.023 8.5
      vertex 169.7 117.382 8.5
    endloop
  endfacet
  facet normal -0.382195 -0.924082 -0
    outer loop
      vertex 170.568 117.023 8.5
      vertex 169.7 117.382 2.5
      vertex 170.568 117.023 2.5
    endloop
  endfacet
  facet normal -0.793572 -0.608476 0
    outer loop
      vertex 168.954 117.954 2.5
      vertex 168.382 118.7 8.5
      vertex 168.382 118.7 2.5
    endloop
  endfacet
  facet normal -0.793572 -0.608476 0
    outer loop
      vertex 168.382 118.7 8.5
      vertex 168.954 117.954 2.5
      vertex 168.954 117.954 8.5
    endloop
  endfacet
  facet normal -0.991404 -0.13084 0
    outer loop
      vertex 168.023 119.568 2.5
      vertex 167.9 120.5 8.5
      vertex 167.9 120.5 2.5
    endloop
  endfacet
  facet normal -0.991404 -0.13084 0
    outer loop
      vertex 167.9 120.5 8.5
      vertex 168.023 119.568 2.5
      vertex 168.023 119.568 8.5
    endloop
  endfacet
  facet normal 0.382195 -0.924082 0
    outer loop
      vertex 172.432 117.023 2.5
      vertex 173.3 117.382 8.5
      vertex 172.432 117.023 8.5
    endloop
  endfacet
  facet normal 0.382195 -0.924082 0
    outer loop
      vertex 173.3 117.382 8.5
      vertex 172.432 117.023 2.5
      vertex 173.3 117.382 2.5
    endloop
  endfacet
  facet normal 0.793572 -0.608476 0
    outer loop
      vertex 174.046 117.954 8.5
      vertex 174.618 118.7 2.5
      vertex 174.618 118.7 8.5
    endloop
  endfacet
  facet normal 0.793572 -0.608476 0
    outer loop
      vertex 174.618 118.7 2.5
      vertex 174.046 117.954 8.5
      vertex 174.046 117.954 2.5
    endloop
  endfacet
  facet normal -0.13084 -0.991404 0
    outer loop
      vertex 170.568 117.023 2.5
      vertex 171.5 116.9 8.5
      vertex 170.568 117.023 8.5
    endloop
  endfacet
  facet normal -0.13084 -0.991404 -0
    outer loop
      vertex 171.5 116.9 8.5
      vertex 170.568 117.023 2.5
      vertex 171.5 116.9 2.5
    endloop
  endfacet
  facet normal -0.924082 -0.382195 0
    outer loop
      vertex 168.382 118.7 2.5
      vertex 168.023 119.568 8.5
      vertex 168.023 119.568 2.5
    endloop
  endfacet
  facet normal -0.924082 -0.382195 0
    outer loop
      vertex 168.023 119.568 8.5
      vertex 168.382 118.7 2.5
      vertex 168.382 118.7 8.5
    endloop
  endfacet
  facet normal 0 0 1
    outer loop
      vertex 173.1 120.5 8.5
      vertex 175.1 120.5 8.5
      vertex 174.977 121.432 8.5
    endloop
  endfacet
  facet normal 0 0 1
    outer loop
      vertex 173.022 120.994 8.5
      vertex 174.977 121.432 8.5
      vertex 174.618 122.3 8.5
    endloop
  endfacet
  facet normal 0 0 1
    outer loop
      vertex 175.1 120.5 8.5
      vertex 173.1 120.5 8.5
      vertex 174.977 119.568 8.5
    endloop
  endfacet
  facet normal 0 0 1
    outer loop
      vertex 172.794 121.44 8.5
      vertex 174.618 122.3 8.5
      vertex 174.046 123.046 8.5
    endloop
  endfacet
  facet normal -0 0 1
    outer loop
      vertex 173.022 120.006 8.5
      vertex 174.977 119.568 8.5
      vertex 173.1 120.5 8.5
    endloop
  endfacet
  facet normal 0 0 1
    outer loop
      vertex 172.44 121.794 8.5
      vertex 174.046 123.046 8.5
      vertex 173.3 123.618 8.5
    endloop
  endfacet
  facet normal 0 0 1
    outer loop
      vertex 174.977 119.568 8.5
      vertex 173.022 120.006 8.5
      vertex 174.618 118.7 8.5
    endloop
  endfacet
  facet normal -0 0 1
    outer loop
      vertex 172.794 119.56 8.5
      vertex 174.618 118.7 8.5
      vertex 173.022 120.006 8.5
    endloop
  endfacet
  facet normal 0 0 1
    outer loop
      vertex 174.977 121.432 8.5
      vertex 173.022 120.994 8.5
      vertex 173.1 120.5 8.5
    endloop
  endfacet
  facet normal 0 0 1
    outer loop
      vertex 174.618 122.3 8.5
      vertex 172.794 121.44 8.5
      vertex 173.022 120.994 8.5
    endloop
  endfacet
  facet normal 0 0 1
    outer loop
      vertex 174.046 123.046 8.5
      vertex 172.44 121.794 8.5
      vertex 172.794 121.44 8.5
    endloop
  endfacet
  facet normal 0 0 1
    outer loop
      vertex 171.994 122.022 8.5
      vertex 173.3 123.618 8.5
      vertex 172.432 123.977 8.5
    endloop
  endfacet
  facet normal 0 0 1
    outer loop
      vertex 173.3 123.618 8.5
      vertex 171.994 122.022 8.5
      vertex 172.44 121.794 8.5
    endloop
  endfacet
  facet normal 0 0 1
    outer loop
      vertex 171.5 122.1 8.5
      vertex 172.432 123.977 8.5
      vertex 171.5 124.1 8.5
    endloop
  endfacet
  facet normal 0 0 1
    outer loop
      vertex 172.432 123.977 8.5
      vertex 171.5 122.1 8.5
      vertex 171.994 122.022 8.5
    endloop
  endfacet
  facet normal -0 0 1
    outer loop
      vertex 170.568 123.977 8.5
      vertex 171.5 122.1 8.5
      vertex 171.5 124.1 8.5
    endloop
  endfacet
  facet normal 0 0 1
    outer loop
      vertex 171.5 122.1 8.5
      vertex 170.568 123.977 8.5
      vertex 171.006 122.022 8.5
    endloop
  endfacet
  facet normal -0 0 1
    outer loop
      vertex 169.7 123.618 8.5
      vertex 171.006 122.022 8.5
      vertex 170.568 123.977 8.5
    endloop
  endfacet
  facet normal 0 0 1
    outer loop
      vertex 171.006 122.022 8.5
      vertex 169.7 123.618 8.5
      vertex 170.56 121.794 8.5
    endloop
  endfacet
  facet normal -0 0 1
    outer loop
      vertex 168.954 123.046 8.5
      vertex 170.56 121.794 8.5
      vertex 169.7 123.618 8.5
    endloop
  endfacet
  facet normal -0 0 1
    outer loop
      vertex 168.382 122.3 8.5
      vertex 170.206 121.44 8.5
      vertex 168.954 123.046 8.5
    endloop
  endfacet
  facet normal 0 0 1
    outer loop
      vertex 170.56 121.794 8.5
      vertex 168.954 123.046 8.5
      vertex 170.206 121.44 8.5
    endloop
  endfacet
  facet normal 0 0 1
    outer loop
      vertex 174.618 118.7 8.5
      vertex 172.794 119.56 8.5
      vertex 174.046 117.954 8.5
    endloop
  endfacet
  facet normal -0 0 1
    outer loop
      vertex 172.44 119.206 8.5
      vertex 174.046 117.954 8.5
      vertex 172.794 119.56 8.5
    endloop
  endfacet
  facet normal 0 0 1
    outer loop
      vertex 174.046 117.954 8.5
      vertex 172.44 119.206 8.5
      vertex 173.3 117.382 8.5
    endloop
  endfacet
  facet normal -0 0 1
    outer loop
      vertex 171.994 118.978 8.5
      vertex 173.3 117.382 8.5
      vertex 172.44 119.206 8.5
    endloop
  endfacet
  facet normal 0 0 1
    outer loop
      vertex 173.3 117.382 8.5
      vertex 171.994 118.978 8.5
      vertex 172.432 117.023 8.5
    endloop
  endfacet
  facet normal -0 0 1
    outer loop
      vertex 171.5 118.9 8.5
      vertex 172.432 117.023 8.5
      vertex 171.994 118.978 8.5
    endloop
  endfacet
  facet normal 0 0 1
    outer loop
      vertex 171.5 118.9 8.5
      vertex 171.5 116.9 8.5
      vertex 172.432 117.023 8.5
    endloop
  endfacet
  facet normal 0 0 1
    outer loop
      vertex 170.568 117.023 8.5
      vertex 171.5 118.9 8.5
      vertex 171.006 118.978 8.5
    endloop
  endfacet
  facet normal 0 0 1
    outer loop
      vertex 171.5 118.9 8.5
      vertex 170.568 117.023 8.5
      vertex 171.5 116.9 8.5
    endloop
  endfacet
  facet normal 0 0 1
    outer loop
      vertex 169.7 117.382 8.5
      vertex 171.006 118.978 8.5
      vertex 170.56 119.206 8.5
    endloop
  endfacet
  facet normal 0 0 1
    outer loop
      vertex 168.954 117.954 8.5
      vertex 170.56 119.206 8.5
      vertex 170.206 119.56 8.5
    endloop
  endfacet
  facet normal 0 0 1
    outer loop
      vertex 168.382 118.7 8.5
      vertex 170.206 119.56 8.5
      vertex 169.978 120.006 8.5
    endloop
  endfacet
  facet normal 0 0 1
    outer loop
      vertex 171.006 118.978 8.5
      vertex 169.7 117.382 8.5
      vertex 170.568 117.023 8.5
    endloop
  endfacet
  facet normal 0 0 1
    outer loop
      vertex 168.023 119.568 8.5
      vertex 169.978 120.006 8.5
      vertex 169.9 120.5 8.5
    endloop
  endfacet
  facet normal 0 0 1
    outer loop
      vertex 170.206 121.44 8.5
      vertex 168.382 122.3 8.5
      vertex 169.978 120.994 8.5
    endloop
  endfacet
  facet normal -0 0 1
    outer loop
      vertex 168.023 121.432 8.5
      vertex 169.978 120.994 8.5
      vertex 168.382 122.3 8.5
    endloop
  endfacet
  facet normal 0 0 1
    outer loop
      vertex 170.56 119.206 8.5
      vertex 168.954 117.954 8.5
      vertex 169.7 117.382 8.5
    endloop
  endfacet
  facet normal 0 0 1
    outer loop
      vertex 169.978 120.994 8.5
      vertex 168.023 121.432 8.5
      vertex 169.9 120.5 8.5
    endloop
  endfacet
  facet normal 0 0 1
    outer loop
      vertex 170.206 119.56 8.5
      vertex 168.382 118.7 8.5
      vertex 168.954 117.954 8.5
    endloop
  endfacet
  facet normal 0 0 1
    outer loop
      vertex 167.9 120.5 8.5
      vertex 169.9 120.5 8.5
      vertex 168.023 121.432 8.5
    endloop
  endfacet
  facet normal 0 0 1
    outer loop
      vertex 169.978 120.006 8.5
      vertex 168.023 119.568 8.5
      vertex 168.382 118.7 8.5
    endloop
  endfacet
  facet normal 0 0 1
    outer loop
      vertex 169.9 120.5 8.5
      vertex 167.9 120.5 8.5
      vertex 168.023 119.568 8.5
    endloop
  endfacet
  facet normal -0.987763 -0.155963 0
    outer loop
      vertex 173.1 120.5 2.5
      vertex 173.022 120.994 8.5
      vertex 173.022 120.994 2.5
    endloop
  endfacet
  facet normal -0.987763 -0.155963 0
    outer loop
      vertex 173.022 120.994 8.5
      vertex 173.1 120.5 2.5
      vertex 173.1 120.5 8.5
    endloop
  endfacet
  facet normal 0.987763 -0.155963 0
    outer loop
      vertex 169.9 120.5 8.5
      vertex 169.978 120.994 2.5
      vertex 169.978 120.994 8.5
    endloop
  endfacet
  facet normal 0.987763 -0.155963 0
    outer loop
      vertex 169.978 120.994 2.5
      vertex 169.9 120.5 8.5
      vertex 169.9 120.5 2.5
    endloop
  endfacet
  facet normal 0.155963 -0.987763 0
    outer loop
      vertex 171.006 122.022 2.5
      vertex 171.5 122.1 8.5
      vertex 171.006 122.022 8.5
    endloop
  endfacet
  facet normal 0.155963 -0.987763 0
    outer loop
      vertex 171.5 122.1 8.5
      vertex 171.006 122.022 2.5
      vertex 171.5 122.1 2.5
    endloop
  endfacet
  facet normal -0.155963 0.987763 0
    outer loop
      vertex 171.994 118.978 2.5
      vertex 171.5 118.9 8.5
      vertex 171.994 118.978 8.5
    endloop
  endfacet
  facet normal -0.155963 0.987763 0
    outer loop
      vertex 171.5 118.9 8.5
      vertex 171.994 118.978 2.5
      vertex 171.5 118.9 2.5
    endloop
  endfacet
  facet normal -0.455181 0.890399 0
    outer loop
      vertex 172.44 119.206 2.5
      vertex 171.994 118.978 8.5
      vertex 172.44 119.206 8.5
    endloop
  endfacet
  facet normal -0.455181 0.890399 0
    outer loop
      vertex 171.994 118.978 8.5
      vertex 172.44 119.206 2.5
      vertex 171.994 118.978 2.5
    endloop
  endfacet
  facet normal -0.707107 -0.707107 0
    outer loop
      vertex 172.44 121.794 2.5
      vertex 172.794 121.44 8.5
      vertex 172.44 121.794 8.5
    endloop
  endfacet
  facet normal -0.707107 -0.707107 -0
    outer loop
      vertex 172.794 121.44 8.5
      vertex 172.44 121.794 2.5
      vertex 172.794 121.44 2.5
    endloop
  endfacet
  facet normal -0.890399 -0.455181 0
    outer loop
      vertex 173.022 120.994 2.5
      vertex 172.794 121.44 8.5
      vertex 172.794 121.44 2.5
    endloop
  endfacet
  facet normal -0.890399 -0.455181 0
    outer loop
      vertex 172.794 121.44 8.5
      vertex 173.022 120.994 2.5
      vertex 173.022 120.994 8.5
    endloop
  endfacet
  facet normal -0.455181 -0.890399 0
    outer loop
      vertex 171.994 122.022 2.5
      vertex 172.44 121.794 8.5
      vertex 171.994 122.022 8.5
    endloop
  endfacet
  facet normal -0.455181 -0.890399 -0
    outer loop
      vertex 172.44 121.794 8.5
      vertex 171.994 122.022 2.5
      vertex 172.44 121.794 2.5
    endloop
  endfacet
  facet normal 0.707107 -0.707107 0
    outer loop
      vertex 170.206 121.44 2.5
      vertex 170.56 121.794 8.5
      vertex 170.206 121.44 8.5
    endloop
  endfacet
  facet normal 0.707107 -0.707107 0
    outer loop
      vertex 170.56 121.794 8.5
      vertex 170.206 121.44 2.5
      vertex 170.56 121.794 2.5
    endloop
  endfacet
  facet normal 0.890399 -0.455181 0
    outer loop
      vertex 169.978 120.994 8.5
      vertex 170.206 121.44 2.5
      vertex 170.206 121.44 8.5
    endloop
  endfacet
  facet normal 0.890399 -0.455181 0
    outer loop
      vertex 170.206 121.44 2.5
      vertex 169.978 120.994 8.5
      vertex 169.978 120.994 2.5
    endloop
  endfacet
  facet normal 0.455181 -0.890399 0
    outer loop
      vertex 170.56 121.794 2.5
      vertex 171.006 122.022 8.5
      vertex 170.56 121.794 8.5
    endloop
  endfacet
  facet normal 0.455181 -0.890399 0
    outer loop
      vertex 171.006 122.022 8.5
      vertex 170.56 121.794 2.5
      vertex 171.006 122.022 2.5
    endloop
  endfacet
  facet normal -0.155963 -0.987763 0
    outer loop
      vertex 171.5 122.1 2.5
      vertex 171.994 122.022 8.5
      vertex 171.5 122.1 8.5
    endloop
  endfacet
  facet normal -0.155963 -0.987763 -0
    outer loop
      vertex 171.994 122.022 8.5
      vertex 171.5 122.1 2.5
      vertex 171.994 122.022 2.5
    endloop
  endfacet
  facet normal -0.987763 0.155963 0
    outer loop
      vertex 173.022 120.006 2.5
      vertex 173.1 120.5 8.5
      vertex 173.1 120.5 2.5
    endloop
  endfacet
  facet normal -0.987763 0.155963 0
    outer loop
      vertex 173.1 120.5 8.5
      vertex 173.022 120.006 2.5
      vertex 173.022 120.006 8.5
    endloop
  endfacet
  facet normal -0.707107 0.707107 0
    outer loop
      vertex 172.794 119.56 2.5
      vertex 172.44 119.206 8.5
      vertex 172.794 119.56 8.5
    endloop
  endfacet
  facet normal -0.707107 0.707107 0
    outer loop
      vertex 172.44 119.206 8.5
      vertex 172.794 119.56 2.5
      vertex 172.44 119.206 2.5
    endloop
  endfacet
  facet normal -0.890399 0.455181 0
    outer loop
      vertex 172.794 119.56 2.5
      vertex 173.022 120.006 8.5
      vertex 173.022 120.006 2.5
    endloop
  endfacet
  facet normal -0.890399 0.455181 0
    outer loop
      vertex 173.022 120.006 8.5
      vertex 172.794 119.56 2.5
      vertex 172.794 119.56 8.5
    endloop
  endfacet
  facet normal 0.890399 0.455181 0
    outer loop
      vertex 170.206 119.56 8.5
      vertex 169.978 120.006 2.5
      vertex 169.978 120.006 8.5
    endloop
  endfacet
  facet normal 0.890399 0.455181 0
    outer loop
      vertex 169.978 120.006 2.5
      vertex 170.206 119.56 8.5
      vertex 170.206 119.56 2.5
    endloop
  endfacet
  facet normal 0.987763 0.155963 0
    outer loop
      vertex 169.978 120.006 8.5
      vertex 169.9 120.5 2.5
      vertex 169.9 120.5 8.5
    endloop
  endfacet
  facet normal 0.987763 0.155963 0
    outer loop
      vertex 169.9 120.5 2.5
      vertex 169.978 120.006 8.5
      vertex 169.978 120.006 2.5
    endloop
  endfacet
  facet normal 0.155963 0.987763 -0
    outer loop
      vertex 171.5 118.9 2.5
      vertex 171.006 118.978 8.5
      vertex 171.5 118.9 8.5
    endloop
  endfacet
  facet normal 0.155963 0.987763 0
    outer loop
      vertex 171.006 118.978 8.5
      vertex 171.5 118.9 2.5
      vertex 171.006 118.978 2.5
    endloop
  endfacet
  facet normal 0.707107 0.707107 -0
    outer loop
      vertex 170.56 119.206 2.5
      vertex 170.206 119.56 8.5
      vertex 170.56 119.206 8.5
    endloop
  endfacet
  facet normal 0.707107 0.707107 0
    outer loop
      vertex 170.206 119.56 8.5
      vertex 170.56 119.206 2.5
      vertex 170.206 119.56 2.5
    endloop
  endfacet
  facet normal 0.455181 0.890399 -0
    outer loop
      vertex 171.006 118.978 2.5
      vertex 170.56 119.206 8.5
      vertex 171.006 118.978 8.5
    endloop
  endfacet
  facet normal 0.455181 0.890399 0
    outer loop
      vertex 170.56 119.206 8.5
      vertex 171.006 118.978 2.5
      vertex 170.56 119.206 2.5
    endloop
  endfacet
  facet normal 0.991398 0.130881 0
    outer loop
      vertex 175.1 33.5 8.5
      vertex 174.977 34.4317 2.5
      vertex 174.977 34.4317 8.5
    endloop
  endfacet
  facet normal 0.991398 0.130881 0
    outer loop
      vertex 174.977 34.4317 2.5
      vertex 175.1 33.5 8.5
      vertex 175.1 33.5 2.5
    endloop
  endfacet
  facet normal -0.991398 0.130881 0
    outer loop
      vertex 167.9 33.5 2.5
      vertex 168.023 34.4317 8.5
      vertex 168.023 34.4317 2.5
    endloop
  endfacet
  facet normal -0.991398 0.130881 0
    outer loop
      vertex 168.023 34.4317 8.5
      vertex 167.9 33.5 2.5
      vertex 167.9 33.5 8.5
    endloop
  endfacet
  facet normal 0.130526 0.991445 -0
    outer loop
      vertex 172.432 36.9773 2.5
      vertex 171.5 37.1 8.5
      vertex 172.432 36.9773 8.5
    endloop
  endfacet
  facet normal 0.130526 0.991445 0
    outer loop
      vertex 171.5 37.1 8.5
      vertex 172.432 36.9773 2.5
      vertex 171.5 37.1 2.5
    endloop
  endfacet
  facet normal 0.608543 0.793521 -0
    outer loop
      vertex 174.046 36.0456 2.5
      vertex 173.3 36.6177 8.5
      vertex 174.046 36.0456 8.5
    endloop
  endfacet
  facet normal 0.608543 0.793521 0
    outer loop
      vertex 173.3 36.6177 8.5
      vertex 174.046 36.0456 2.5
      vertex 173.3 36.6177 2.5
    endloop
  endfacet
  facet normal 0.924128 0.382082 0
    outer loop
      vertex 174.977 34.4317 8.5
      vertex 174.618 35.3 2.5
      vertex 174.618 35.3 8.5
    endloop
  endfacet
  facet normal 0.924128 0.382082 0
    outer loop
      vertex 174.618 35.3 2.5
      vertex 174.977 34.4317 8.5
      vertex 174.977 34.4317 2.5
    endloop
  endfacet
  facet normal 0.38274 0.923856 -0
    outer loop
      vertex 173.3 36.6177 2.5
      vertex 172.432 36.9773 8.5
      vertex 173.3 36.6177 8.5
    endloop
  endfacet
  facet normal 0.38274 0.923856 0
    outer loop
      vertex 172.432 36.9773 8.5
      vertex 173.3 36.6177 2.5
      vertex 172.432 36.9773 2.5
    endloop
  endfacet
  facet normal -0.608543 0.793521 0
    outer loop
      vertex 169.7 36.6177 2.5
      vertex 168.954 36.0456 8.5
      vertex 169.7 36.6177 8.5
    endloop
  endfacet
  facet normal -0.608543 0.793521 0
    outer loop
      vertex 168.954 36.0456 8.5
      vertex 169.7 36.6177 2.5
      vertex 168.954 36.0456 2.5
    endloop
  endfacet
  facet normal -0.793414 0.608682 0
    outer loop
      vertex 168.382 35.3 2.5
      vertex 168.954 36.0456 8.5
      vertex 168.954 36.0456 2.5
    endloop
  endfacet
  facet normal -0.793414 0.608682 0
    outer loop
      vertex 168.954 36.0456 8.5
      vertex 168.382 35.3 2.5
      vertex 168.382 35.3 8.5
    endloop
  endfacet
  facet normal -0.38274 0.923856 0
    outer loop
      vertex 170.568 36.9773 2.5
      vertex 169.7 36.6177 8.5
      vertex 170.568 36.9773 8.5
    endloop
  endfacet
  facet normal -0.38274 0.923856 0
    outer loop
      vertex 169.7 36.6177 8.5
      vertex 170.568 36.9773 2.5
      vertex 169.7 36.6177 2.5
    endloop
  endfacet
  facet normal 0.924128 -0.382082 0
    outer loop
      vertex 174.618 31.7 8.5
      vertex 174.977 32.5683 2.5
      vertex 174.977 32.5683 8.5
    endloop
  endfacet
  facet normal 0.924128 -0.382082 0
    outer loop
      vertex 174.977 32.5683 2.5
      vertex 174.618 31.7 8.5
      vertex 174.618 31.7 2.5
    endloop
  endfacet
  facet normal -0.608543 -0.793521 0
    outer loop
      vertex 168.954 30.9544 2.5
      vertex 169.7 30.3823 8.5
      vertex 168.954 30.9544 8.5
    endloop
  endfacet
  facet normal -0.608543 -0.793521 -0
    outer loop
      vertex 169.7 30.3823 8.5
      vertex 168.954 30.9544 2.5
      vertex 169.7 30.3823 2.5
    endloop
  endfacet
  facet normal 0.793414 0.608682 0
    outer loop
      vertex 174.618 35.3 8.5
      vertex 174.046 36.0456 2.5
      vertex 174.046 36.0456 8.5
    endloop
  endfacet
  facet normal 0.793414 0.608682 0
    outer loop
      vertex 174.046 36.0456 2.5
      vertex 174.618 35.3 8.5
      vertex 174.618 35.3 2.5
    endloop
  endfacet
  facet normal -0.924128 0.382082 0
    outer loop
      vertex 168.023 34.4317 2.5
      vertex 168.382 35.3 8.5
      vertex 168.382 35.3 2.5
    endloop
  endfacet
  facet normal -0.924128 0.382082 0
    outer loop
      vertex 168.382 35.3 8.5
      vertex 168.023 34.4317 2.5
      vertex 168.023 34.4317 8.5
    endloop
  endfacet
  facet normal -0.130526 0.991445 0
    outer loop
      vertex 171.5 37.1 2.5
      vertex 170.568 36.9773 8.5
      vertex 171.5 37.1 8.5
    endloop
  endfacet
  facet normal -0.130526 0.991445 0
    outer loop
      vertex 170.568 36.9773 8.5
      vertex 171.5 37.1 2.5
      vertex 170.568 36.9773 2.5
    endloop
  endfacet
  facet normal 0.991398 -0.130881 0
    outer loop
      vertex 174.977 32.5683 8.5
      vertex 175.1 33.5 2.5
      vertex 175.1 33.5 8.5
    endloop
  endfacet
  facet normal 0.991398 -0.130881 0
    outer loop
      vertex 175.1 33.5 2.5
      vertex 174.977 32.5683 8.5
      vertex 174.977 32.5683 2.5
    endloop
  endfacet
  facet normal 0.130526 -0.991445 0
    outer loop
      vertex 171.5 29.9 2.5
      vertex 172.432 30.0227 8.5
      vertex 171.5 29.9 8.5
    endloop
  endfacet
  facet normal 0.130526 -0.991445 0
    outer loop
      vertex 172.432 30.0227 8.5
      vertex 171.5 29.9 2.5
      vertex 172.432 30.0227 2.5
    endloop
  endfacet
  facet normal 0.608543 -0.793521 0
    outer loop
      vertex 173.3 30.3823 2.5
      vertex 174.046 30.9544 8.5
      vertex 173.3 30.3823 8.5
    endloop
  endfacet
  facet normal 0.608543 -0.793521 0
    outer loop
      vertex 174.046 30.9544 8.5
      vertex 173.3 30.3823 2.5
      vertex 174.046 30.9544 2.5
    endloop
  endfacet
  facet normal -0.38274 -0.923856 0
    outer loop
      vertex 169.7 30.3823 2.5
      vertex 170.568 30.0227 8.5
      vertex 169.7 30.3823 8.5
    endloop
  endfacet
  facet normal -0.38274 -0.923856 -0
    outer loop
      vertex 170.568 30.0227 8.5
      vertex 169.7 30.3823 2.5
      vertex 170.568 30.0227 2.5
    endloop
  endfacet
  facet normal -0.793414 -0.608682 0
    outer loop
      vertex 168.954 30.9544 2.5
      vertex 168.382 31.7 8.5
      vertex 168.382 31.7 2.5
    endloop
  endfacet
  facet normal -0.793414 -0.608682 0
    outer loop
      vertex 168.382 31.7 8.5
      vertex 168.954 30.9544 2.5
      vertex 168.954 30.9544 8.5
    endloop
  endfacet
  facet normal -0.991398 -0.130881 0
    outer loop
      vertex 168.023 32.5683 2.5
      vertex 167.9 33.5 8.5
      vertex 167.9 33.5 2.5
    endloop
  endfacet
  facet normal -0.991398 -0.130881 0
    outer loop
      vertex 167.9 33.5 8.5
      vertex 168.023 32.5683 2.5
      vertex 168.023 32.5683 8.5
    endloop
  endfacet
  facet normal 0.38274 -0.923856 0
    outer loop
      vertex 172.432 30.0227 2.5
      vertex 173.3 30.3823 8.5
      vertex 172.432 30.0227 8.5
    endloop
  endfacet
  facet normal 0.38274 -0.923856 0
    outer loop
      vertex 173.3 30.3823 8.5
      vertex 172.432 30.0227 2.5
      vertex 173.3 30.3823 2.5
    endloop
  endfacet
  facet normal 0.793414 -0.608682 0
    outer loop
      vertex 174.046 30.9544 8.5
      vertex 174.618 31.7 2.5
      vertex 174.618 31.7 8.5
    endloop
  endfacet
  facet normal 0.793414 -0.608682 0
    outer loop
      vertex 174.618 31.7 2.5
      vertex 174.046 30.9544 8.5
      vertex 174.046 30.9544 2.5
    endloop
  endfacet
  facet normal -0.130526 -0.991445 0
    outer loop
      vertex 170.568 30.0227 2.5
      vertex 171.5 29.9 8.5
      vertex 170.568 30.0227 8.5
    endloop
  endfacet
  facet normal -0.130526 -0.991445 -0
    outer loop
      vertex 171.5 29.9 8.5
      vertex 170.568 30.0227 2.5
      vertex 171.5 29.9 2.5
    endloop
  endfacet
  facet normal -0.924128 -0.382082 0
    outer loop
      vertex 168.382 31.7 2.5
      vertex 168.023 32.5683 8.5
      vertex 168.023 32.5683 2.5
    endloop
  endfacet
  facet normal -0.924128 -0.382082 0
    outer loop
      vertex 168.023 32.5683 8.5
      vertex 168.382 31.7 2.5
      vertex 168.382 31.7 8.5
    endloop
  endfacet
  facet normal 0 0 1
    outer loop
      vertex 173.1 33.5 8.5
      vertex 175.1 33.5 8.5
      vertex 174.977 34.4317 8.5
    endloop
  endfacet
  facet normal 0 0 1
    outer loop
      vertex 173.022 33.9944 8.5
      vertex 174.977 34.4317 8.5
      vertex 174.618 35.3 8.5
    endloop
  endfacet
  facet normal 0 0 1
    outer loop
      vertex 175.1 33.5 8.5
      vertex 173.1 33.5 8.5
      vertex 174.977 32.5683 8.5
    endloop
  endfacet
  facet normal 0 0 1
    outer loop
      vertex 172.794 34.4405 8.5
      vertex 174.618 35.3 8.5
      vertex 174.046 36.0456 8.5
    endloop
  endfacet
  facet normal -0 0 1
    outer loop
      vertex 173.022 33.0056 8.5
      vertex 174.977 32.5683 8.5
      vertex 173.1 33.5 8.5
    endloop
  endfacet
  facet normal 0 0 1
    outer loop
      vertex 172.44 34.7944 8.5
      vertex 174.046 36.0456 8.5
      vertex 173.3 36.6177 8.5
    endloop
  endfacet
  facet normal 0 0 1
    outer loop
      vertex 174.977 32.5683 8.5
      vertex 173.022 33.0056 8.5
      vertex 174.618 31.7 8.5
    endloop
  endfacet
  facet normal -0 0 1
    outer loop
      vertex 172.794 32.5595 8.5
      vertex 174.618 31.7 8.5
      vertex 173.022 33.0056 8.5
    endloop
  endfacet
  facet normal 0 0 1
    outer loop
      vertex 174.977 34.4317 8.5
      vertex 173.022 33.9944 8.5
      vertex 173.1 33.5 8.5
    endloop
  endfacet
  facet normal 0 0 1
    outer loop
      vertex 174.618 35.3 8.5
      vertex 172.794 34.4405 8.5
      vertex 173.022 33.9944 8.5
    endloop
  endfacet
  facet normal 0 0 1
    outer loop
      vertex 174.046 36.0456 8.5
      vertex 172.44 34.7944 8.5
      vertex 172.794 34.4405 8.5
    endloop
  endfacet
  facet normal 0 0 1
    outer loop
      vertex 171.994 35.0217 8.5
      vertex 173.3 36.6177 8.5
      vertex 172.432 36.9773 8.5
    endloop
  endfacet
  facet normal 0 0 1
    outer loop
      vertex 173.3 36.6177 8.5
      vertex 171.994 35.0217 8.5
      vertex 172.44 34.7944 8.5
    endloop
  endfacet
  facet normal 0 0 1
    outer loop
      vertex 171.5 35.1 8.5
      vertex 172.432 36.9773 8.5
      vertex 171.5 37.1 8.5
    endloop
  endfacet
  facet normal 0 0 1
    outer loop
      vertex 172.432 36.9773 8.5
      vertex 171.5 35.1 8.5
      vertex 171.994 35.0217 8.5
    endloop
  endfacet
  facet normal -0 0 1
    outer loop
      vertex 170.568 36.9773 8.5
      vertex 171.5 35.1 8.5
      vertex 171.5 37.1 8.5
    endloop
  endfacet
  facet normal 0 0 1
    outer loop
      vertex 171.5 35.1 8.5
      vertex 170.568 36.9773 8.5
      vertex 171.006 35.0217 8.5
    endloop
  endfacet
  facet normal -0 0 1
    outer loop
      vertex 169.7 36.6177 8.5
      vertex 171.006 35.0217 8.5
      vertex 170.568 36.9773 8.5
    endloop
  endfacet
  facet normal 0 0 1
    outer loop
      vertex 171.006 35.0217 8.5
      vertex 169.7 36.6177 8.5
      vertex 170.56 34.7944 8.5
    endloop
  endfacet
  facet normal -0 0 1
    outer loop
      vertex 168.954 36.0456 8.5
      vertex 170.56 34.7944 8.5
      vertex 169.7 36.6177 8.5
    endloop
  endfacet
  facet normal -0 0 1
    outer loop
      vertex 168.382 35.3 8.5
      vertex 170.206 34.4405 8.5
      vertex 168.954 36.0456 8.5
    endloop
  endfacet
  facet normal 0 0 1
    outer loop
      vertex 170.56 34.7944 8.5
      vertex 168.954 36.0456 8.5
      vertex 170.206 34.4405 8.5
    endloop
  endfacet
  facet normal 0 0 1
    outer loop
      vertex 174.618 31.7 8.5
      vertex 172.794 32.5595 8.5
      vertex 174.046 30.9544 8.5
    endloop
  endfacet
  facet normal -0 0 1
    outer loop
      vertex 172.44 32.2056 8.5
      vertex 174.046 30.9544 8.5
      vertex 172.794 32.5595 8.5
    endloop
  endfacet
  facet normal 0 0 1
    outer loop
      vertex 174.046 30.9544 8.5
      vertex 172.44 32.2056 8.5
      vertex 173.3 30.3823 8.5
    endloop
  endfacet
  facet normal -0 0 1
    outer loop
      vertex 171.994 31.9783 8.5
      vertex 173.3 30.3823 8.5
      vertex 172.44 32.2056 8.5
    endloop
  endfacet
  facet normal 0 0 1
    outer loop
      vertex 173.3 30.3823 8.5
      vertex 171.994 31.9783 8.5
      vertex 172.432 30.0227 8.5
    endloop
  endfacet
  facet normal -0 0 1
    outer loop
      vertex 171.5 31.9 8.5
      vertex 172.432 30.0227 8.5
      vertex 171.994 31.9783 8.5
    endloop
  endfacet
  facet normal 0 0 1
    outer loop
      vertex 171.5 31.9 8.5
      vertex 171.5 29.9 8.5
      vertex 172.432 30.0227 8.5
    endloop
  endfacet
  facet normal 0 0 1
    outer loop
      vertex 170.568 30.0227 8.5
      vertex 171.5 31.9 8.5
      vertex 171.006 31.9783 8.5
    endloop
  endfacet
  facet normal 0 0 1
    outer loop
      vertex 171.5 31.9 8.5
      vertex 170.568 30.0227 8.5
      vertex 171.5 29.9 8.5
    endloop
  endfacet
  facet normal 0 0 1
    outer loop
      vertex 169.7 30.3823 8.5
      vertex 171.006 31.9783 8.5
      vertex 170.56 32.2056 8.5
    endloop
  endfacet
  facet normal 0 0 1
    outer loop
      vertex 168.954 30.9544 8.5
      vertex 170.56 32.2056 8.5
      vertex 170.206 32.5595 8.5
    endloop
  endfacet
  facet normal 0 0 1
    outer loop
      vertex 168.382 31.7 8.5
      vertex 170.206 32.5595 8.5
      vertex 169.978 33.0056 8.5
    endloop
  endfacet
  facet normal 0 0 1
    outer loop
      vertex 171.006 31.9783 8.5
      vertex 169.7 30.3823 8.5
      vertex 170.568 30.0227 8.5
    endloop
  endfacet
  facet normal 0 0 1
    outer loop
      vertex 168.023 32.5683 8.5
      vertex 169.978 33.0056 8.5
      vertex 169.9 33.5 8.5
    endloop
  endfacet
  facet normal 0 0 1
    outer loop
      vertex 170.206 34.4405 8.5
      vertex 168.382 35.3 8.5
      vertex 169.978 33.9944 8.5
    endloop
  endfacet
  facet normal -0 0 1
    outer loop
      vertex 168.023 34.4317 8.5
      vertex 169.978 33.9944 8.5
      vertex 168.382 35.3 8.5
    endloop
  endfacet
  facet normal 0 0 1
    outer loop
      vertex 170.56 32.2056 8.5
      vertex 168.954 30.9544 8.5
      vertex 169.7 30.3823 8.5
    endloop
  endfacet
  facet normal 0 0 1
    outer loop
      vertex 169.978 33.9944 8.5
      vertex 168.023 34.4317 8.5
      vertex 169.9 33.5 8.5
    endloop
  endfacet
  facet normal 0 0 1
    outer loop
      vertex 170.206 32.5595 8.5
      vertex 168.382 31.7 8.5
      vertex 168.954 30.9544 8.5
    endloop
  endfacet
  facet normal 0 0 1
    outer loop
      vertex 167.9 33.5 8.5
      vertex 169.9 33.5 8.5
      vertex 168.023 34.4317 8.5
    endloop
  endfacet
  facet normal 0 0 1
    outer loop
      vertex 169.978 33.0056 8.5
      vertex 168.023 32.5683 8.5
      vertex 168.382 31.7 8.5
    endloop
  endfacet
  facet normal 0 0 1
    outer loop
      vertex 169.9 33.5 8.5
      vertex 167.9 33.5 8.5
      vertex 168.023 32.5683 8.5
    endloop
  endfacet
  facet normal -0.987782 -0.155839 0
    outer loop
      vertex 173.1 33.5 2.5
      vertex 173.022 33.9944 8.5
      vertex 173.022 33.9944 2.5
    endloop
  endfacet
  facet normal -0.987782 -0.155839 0
    outer loop
      vertex 173.022 33.9944 8.5
      vertex 173.1 33.5 2.5
      vertex 173.1 33.5 8.5
    endloop
  endfacet
  facet normal 0.987782 -0.155839 0
    outer loop
      vertex 169.9 33.5 8.5
      vertex 169.978 33.9944 2.5
      vertex 169.978 33.9944 8.5
    endloop
  endfacet
  facet normal 0.987782 -0.155839 0
    outer loop
      vertex 169.978 33.9944 2.5
      vertex 169.9 33.5 8.5
      vertex 169.9 33.5 2.5
    endloop
  endfacet
  facet normal 0.156548 -0.98767 0
    outer loop
      vertex 171.006 35.0217 2.5
      vertex 171.5 35.1 8.5
      vertex 171.006 35.0217 8.5
    endloop
  endfacet
  facet normal 0.156548 -0.98767 0
    outer loop
      vertex 171.5 35.1 8.5
      vertex 171.006 35.0217 2.5
      vertex 171.5 35.1 2.5
    endloop
  endfacet
  facet normal -0.156548 0.98767 0
    outer loop
      vertex 171.994 31.9783 2.5
      vertex 171.5 31.9 8.5
      vertex 171.994 31.9783 8.5
    endloop
  endfacet
  facet normal -0.156548 0.98767 0
    outer loop
      vertex 171.5 31.9 8.5
      vertex 171.994 31.9783 2.5
      vertex 171.5 31.9 2.5
    endloop
  endfacet
  facet normal -0.454072 0.890965 0
    outer loop
      vertex 172.44 32.2056 2.5
      vertex 171.994 31.9783 8.5
      vertex 172.44 32.2056 8.5
    endloop
  endfacet
  facet normal -0.454072 0.890965 0
    outer loop
      vertex 171.994 31.9783 8.5
      vertex 172.44 32.2056 2.5
      vertex 171.994 31.9783 2.5
    endloop
  endfacet
  facet normal -0.707007 -0.707207 0
    outer loop
      vertex 172.44 34.7944 2.5
      vertex 172.794 34.4405 8.5
      vertex 172.44 34.7944 8.5
    endloop
  endfacet
  facet normal -0.707007 -0.707207 -0
    outer loop
      vertex 172.794 34.4405 8.5
      vertex 172.44 34.7944 2.5
      vertex 172.794 34.4405 2.5
    endloop
  endfacet
  facet normal -0.89044 -0.455101 0
    outer loop
      vertex 173.022 33.9944 2.5
      vertex 172.794 34.4405 8.5
      vertex 172.794 34.4405 2.5
    endloop
  endfacet
  facet normal -0.89044 -0.455101 0
    outer loop
      vertex 172.794 34.4405 8.5
      vertex 173.022 33.9944 2.5
      vertex 173.022 33.9944 8.5
    endloop
  endfacet
  facet normal -0.454072 -0.890965 0
    outer loop
      vertex 171.994 35.0217 2.5
      vertex 172.44 34.7944 8.5
      vertex 171.994 35.0217 8.5
    endloop
  endfacet
  facet normal -0.454072 -0.890965 -0
    outer loop
      vertex 172.44 34.7944 8.5
      vertex 171.994 35.0217 2.5
      vertex 172.44 34.7944 2.5
    endloop
  endfacet
  facet normal 0.707007 -0.707207 0
    outer loop
      vertex 170.206 34.4405 2.5
      vertex 170.56 34.7944 8.5
      vertex 170.206 34.4405 8.5
    endloop
  endfacet
  facet normal 0.707007 -0.707207 0
    outer loop
      vertex 170.56 34.7944 8.5
      vertex 170.206 34.4405 2.5
      vertex 170.56 34.7944 2.5
    endloop
  endfacet
  facet normal 0.89044 -0.455101 0
    outer loop
      vertex 169.978 33.9944 8.5
      vertex 170.206 34.4405 2.5
      vertex 170.206 34.4405 8.5
    endloop
  endfacet
  facet normal 0.89044 -0.455101 0
    outer loop
      vertex 170.206 34.4405 2.5
      vertex 169.978 33.9944 8.5
      vertex 169.978 33.9944 2.5
    endloop
  endfacet
  facet normal 0.454072 -0.890965 0
    outer loop
      vertex 170.56 34.7944 2.5
      vertex 171.006 35.0217 8.5
      vertex 170.56 34.7944 8.5
    endloop
  endfacet
  facet normal 0.454072 -0.890965 0
    outer loop
      vertex 171.006 35.0217 8.5
      vertex 170.56 34.7944 2.5
      vertex 171.006 35.0217 2.5
    endloop
  endfacet
  facet normal -0.156548 -0.98767 0
    outer loop
      vertex 171.5 35.1 2.5
      vertex 171.994 35.0217 8.5
      vertex 171.5 35.1 8.5
    endloop
  endfacet
  facet normal -0.156548 -0.98767 -0
    outer loop
      vertex 171.994 35.0217 8.5
      vertex 171.5 35.1 2.5
      vertex 171.994 35.0217 2.5
    endloop
  endfacet
  facet normal -0.987782 0.155839 0
    outer loop
      vertex 173.022 33.0056 2.5
      vertex 173.1 33.5 8.5
      vertex 173.1 33.5 2.5
    endloop
  endfacet
  facet normal -0.987782 0.155839 0
    outer loop
      vertex 173.1 33.5 8.5
      vertex 173.022 33.0056 2.5
      vertex 173.022 33.0056 8.5
    endloop
  endfacet
  facet normal -0.707007 0.707207 0
    outer loop
      vertex 172.794 32.5595 2.5
      vertex 172.44 32.2056 8.5
      vertex 172.794 32.5595 8.5
    endloop
  endfacet
  facet normal -0.707007 0.707207 0
    outer loop
      vertex 172.44 32.2056 8.5
      vertex 172.794 32.5595 2.5
      vertex 172.44 32.2056 2.5
    endloop
  endfacet
  facet normal -0.89044 0.455101 0
    outer loop
      vertex 172.794 32.5595 2.5
      vertex 173.022 33.0056 8.5
      vertex 173.022 33.0056 2.5
    endloop
  endfacet
  facet normal -0.89044 0.455101 0
    outer loop
      vertex 173.022 33.0056 8.5
      vertex 172.794 32.5595 2.5
      vertex 172.794 32.5595 8.5
    endloop
  endfacet
  facet normal 0.89044 0.455101 0
    outer loop
      vertex 170.206 32.5595 8.5
      vertex 169.978 33.0056 2.5
      vertex 169.978 33.0056 8.5
    endloop
  endfacet
  facet normal 0.89044 0.455101 0
    outer loop
      vertex 169.978 33.0056 2.5
      vertex 170.206 32.5595 8.5
      vertex 170.206 32.5595 2.5
    endloop
  endfacet
  facet normal 0.987782 0.155839 0
    outer loop
      vertex 169.978 33.0056 8.5
      vertex 169.9 33.5 2.5
      vertex 169.9 33.5 8.5
    endloop
  endfacet
  facet normal 0.987782 0.155839 0
    outer loop
      vertex 169.9 33.5 2.5
      vertex 169.978 33.0056 8.5
      vertex 169.978 33.0056 2.5
    endloop
  endfacet
  facet normal 0.156548 0.98767 -0
    outer loop
      vertex 171.5 31.9 2.5
      vertex 171.006 31.9783 8.5
      vertex 171.5 31.9 8.5
    endloop
  endfacet
  facet normal 0.156548 0.98767 0
    outer loop
      vertex 171.006 31.9783 8.5
      vertex 171.5 31.9 2.5
      vertex 171.006 31.9783 2.5
    endloop
  endfacet
  facet normal 0.707007 0.707207 -0
    outer loop
      vertex 170.56 32.2056 2.5
      vertex 170.206 32.5595 8.5
      vertex 170.56 32.2056 8.5
    endloop
  endfacet
  facet normal 0.707007 0.707207 0
    outer loop
      vertex 170.206 32.5595 8.5
      vertex 170.56 32.2056 2.5
      vertex 170.206 32.5595 2.5
    endloop
  endfacet
  facet normal 0.454072 0.890965 -0
    outer loop
      vertex 171.006 31.9783 2.5
      vertex 170.56 32.2056 8.5
      vertex 171.006 31.9783 8.5
    endloop
  endfacet
  facet normal 0.454072 0.890965 0
    outer loop
      vertex 170.56 32.2056 8.5
      vertex 171.006 31.9783 2.5
      vertex 170.56 32.2056 2.5
    endloop
  endfacet
  facet normal 0.991398 0.130881 0
    outer loop
      vertex 203.1 23.5 6.5
      vertex 202.977 24.4317 2.5
      vertex 202.977 24.4317 6.5
    endloop
  endfacet
  facet normal 0.991398 0.130881 0
    outer loop
      vertex 202.977 24.4317 2.5
      vertex 203.1 23.5 6.5
      vertex 203.1 23.5 2.5
    endloop
  endfacet
  facet normal 0.38274 0.923856 -0
    outer loop
      vertex 201.3 26.6177 2.5
      vertex 200.432 26.9773 6.5
      vertex 201.3 26.6177 6.5
    endloop
  endfacet
  facet normal 0.38274 0.923856 0
    outer loop
      vertex 200.432 26.9773 6.5
      vertex 201.3 26.6177 2.5
      vertex 200.432 26.9773 2.5
    endloop
  endfacet
  facet normal -0.38274 -0.923856 0
    outer loop
      vertex 197.7 20.3823 2.5
      vertex 198.568 20.0227 6.5
      vertex 197.7 20.3823 6.5
    endloop
  endfacet
  facet normal -0.38274 -0.923856 -0
    outer loop
      vertex 198.568 20.0227 6.5
      vertex 197.7 20.3823 2.5
      vertex 198.568 20.0227 2.5
    endloop
  endfacet
  facet normal 0.924128 0.382082 0
    outer loop
      vertex 202.977 24.4317 6.5
      vertex 202.618 25.3 2.5
      vertex 202.618 25.3 6.5
    endloop
  endfacet
  facet normal 0.924128 0.382082 0
    outer loop
      vertex 202.618 25.3 2.5
      vertex 202.977 24.4317 6.5
      vertex 202.977 24.4317 2.5
    endloop
  endfacet
  facet normal 0.130526 0.991445 -0
    outer loop
      vertex 200.432 26.9773 2.5
      vertex 199.5 27.1 6.5
      vertex 200.432 26.9773 6.5
    endloop
  endfacet
  facet normal 0.130526 0.991445 0
    outer loop
      vertex 199.5 27.1 6.5
      vertex 200.432 26.9773 2.5
      vertex 199.5 27.1 2.5
    endloop
  endfacet
  facet normal -0.38274 0.923856 0
    outer loop
      vertex 198.568 26.9773 2.5
      vertex 197.7 26.6177 6.5
      vertex 198.568 26.9773 6.5
    endloop
  endfacet
  facet normal -0.38274 0.923856 0
    outer loop
      vertex 197.7 26.6177 6.5
      vertex 198.568 26.9773 2.5
      vertex 197.7 26.6177 2.5
    endloop
  endfacet
  facet normal -0.793414 0.608682 0
    outer loop
      vertex 196.382 25.3 2.5
      vertex 196.954 26.0456 6.5
      vertex 196.954 26.0456 2.5
    endloop
  endfacet
  facet normal -0.793414 0.608682 0
    outer loop
      vertex 196.954 26.0456 6.5
      vertex 196.382 25.3 2.5
      vertex 196.382 25.3 6.5
    endloop
  endfacet
  facet normal -0.608543 0.793521 0
    outer loop
      vertex 197.7 26.6177 2.5
      vertex 196.954 26.0456 6.5
      vertex 197.7 26.6177 6.5
    endloop
  endfacet
  facet normal -0.608543 0.793521 0
    outer loop
      vertex 196.954 26.0456 6.5
      vertex 197.7 26.6177 2.5
      vertex 196.954 26.0456 2.5
    endloop
  endfacet
  facet normal 0.608543 -0.793521 0
    outer loop
      vertex 201.3 20.3823 2.5
      vertex 202.046 20.9544 6.5
      vertex 201.3 20.3823 6.5
    endloop
  endfacet
  facet normal 0.608543 -0.793521 0
    outer loop
      vertex 202.046 20.9544 6.5
      vertex 201.3 20.3823 2.5
      vertex 202.046 20.9544 2.5
    endloop
  endfacet
  facet normal -0.608543 -0.793521 0
    outer loop
      vertex 196.954 20.9544 2.5
      vertex 197.7 20.3823 6.5
      vertex 196.954 20.9544 6.5
    endloop
  endfacet
  facet normal -0.608543 -0.793521 -0
    outer loop
      vertex 197.7 20.3823 6.5
      vertex 196.954 20.9544 2.5
      vertex 197.7 20.3823 2.5
    endloop
  endfacet
  facet normal 0.793414 0.608682 0
    outer loop
      vertex 202.618 25.3 6.5
      vertex 202.046 26.0456 2.5
      vertex 202.046 26.0456 6.5
    endloop
  endfacet
  facet normal 0.793414 0.608682 0
    outer loop
      vertex 202.046 26.0456 2.5
      vertex 202.618 25.3 6.5
      vertex 202.618 25.3 2.5
    endloop
  endfacet
  facet normal 0.608543 0.793521 -0
    outer loop
      vertex 202.046 26.0456 2.5
      vertex 201.3 26.6177 6.5
      vertex 202.046 26.0456 6.5
    endloop
  endfacet
  facet normal 0.608543 0.793521 0
    outer loop
      vertex 201.3 26.6177 6.5
      vertex 202.046 26.0456 2.5
      vertex 201.3 26.6177 2.5
    endloop
  endfacet
  facet normal -0.991398 0.130881 0
    outer loop
      vertex 195.9 23.5 2.5
      vertex 196.023 24.4317 6.5
      vertex 196.023 24.4317 2.5
    endloop
  endfacet
  facet normal -0.991398 0.130881 0
    outer loop
      vertex 196.023 24.4317 6.5
      vertex 195.9 23.5 2.5
      vertex 195.9 23.5 6.5
    endloop
  endfacet
  facet normal -0.130526 0.991445 0
    outer loop
      vertex 199.5 27.1 2.5
      vertex 198.568 26.9773 6.5
      vertex 199.5 27.1 6.5
    endloop
  endfacet
  facet normal -0.130526 0.991445 0
    outer loop
      vertex 198.568 26.9773 6.5
      vertex 199.5 27.1 2.5
      vertex 198.568 26.9773 2.5
    endloop
  endfacet
  facet normal 0.924128 -0.382082 0
    outer loop
      vertex 202.618 21.7 6.5
      vertex 202.977 22.5683 2.5
      vertex 202.977 22.5683 6.5
    endloop
  endfacet
  facet normal 0.924128 -0.382082 0
    outer loop
      vertex 202.977 22.5683 2.5
      vertex 202.618 21.7 6.5
      vertex 202.618 21.7 2.5
    endloop
  endfacet
  facet normal 0.130526 -0.991445 0
    outer loop
      vertex 199.5 19.9 2.5
      vertex 200.432 20.0227 6.5
      vertex 199.5 19.9 6.5
    endloop
  endfacet
  facet normal 0.130526 -0.991445 0
    outer loop
      vertex 200.432 20.0227 6.5
      vertex 199.5 19.9 2.5
      vertex 200.432 20.0227 2.5
    endloop
  endfacet
  facet normal 0.38274 -0.923856 0
    outer loop
      vertex 200.432 20.0227 2.5
      vertex 201.3 20.3823 6.5
      vertex 200.432 20.0227 6.5
    endloop
  endfacet
  facet normal 0.38274 -0.923856 0
    outer loop
      vertex 201.3 20.3823 6.5
      vertex 200.432 20.0227 2.5
      vertex 201.3 20.3823 2.5
    endloop
  endfacet
  facet normal -0.130526 -0.991445 0
    outer loop
      vertex 198.568 20.0227 2.5
      vertex 199.5 19.9 6.5
      vertex 198.568 20.0227 6.5
    endloop
  endfacet
  facet normal -0.130526 -0.991445 -0
    outer loop
      vertex 199.5 19.9 6.5
      vertex 198.568 20.0227 2.5
      vertex 199.5 19.9 2.5
    endloop
  endfacet
  facet normal -0.793414 -0.608682 0
    outer loop
      vertex 196.954 20.9544 2.5
      vertex 196.382 21.7 6.5
      vertex 196.382 21.7 2.5
    endloop
  endfacet
  facet normal -0.793414 -0.608682 0
    outer loop
      vertex 196.382 21.7 6.5
      vertex 196.954 20.9544 2.5
      vertex 196.954 20.9544 6.5
    endloop
  endfacet
  facet normal -0.991398 -0.130881 0
    outer loop
      vertex 196.023 22.5683 2.5
      vertex 195.9 23.5 6.5
      vertex 195.9 23.5 2.5
    endloop
  endfacet
  facet normal -0.991398 -0.130881 0
    outer loop
      vertex 195.9 23.5 6.5
      vertex 196.023 22.5683 2.5
      vertex 196.023 22.5683 6.5
    endloop
  endfacet
  facet normal 0 0 1
    outer loop
      vertex 201.1 23.5 6.5
      vertex 203.1 23.5 6.5
      vertex 202.977 24.4317 6.5
    endloop
  endfacet
  facet normal 0 0 1
    outer loop
      vertex 201.022 23.9944 6.5
      vertex 202.977 24.4317 6.5
      vertex 202.618 25.3 6.5
    endloop
  endfacet
  facet normal 0 0 1
    outer loop
      vertex 203.1 23.5 6.5
      vertex 201.1 23.5 6.5
      vertex 202.977 22.5683 6.5
    endloop
  endfacet
  facet normal 0 0 1
    outer loop
      vertex 200.794 24.4405 6.5
      vertex 202.618 25.3 6.5
      vertex 202.046 26.0456 6.5
    endloop
  endfacet
  facet normal -0 0 1
    outer loop
      vertex 201.022 23.0056 6.5
      vertex 202.977 22.5683 6.5
      vertex 201.1 23.5 6.5
    endloop
  endfacet
  facet normal 0 0 1
    outer loop
      vertex 200.44 24.7944 6.5
      vertex 202.046 26.0456 6.5
      vertex 201.3 26.6177 6.5
    endloop
  endfacet
  facet normal 0 0 1
    outer loop
      vertex 202.977 22.5683 6.5
      vertex 201.022 23.0056 6.5
      vertex 202.618 21.7 6.5
    endloop
  endfacet
  facet normal -0 0 1
    outer loop
      vertex 200.794 22.5595 6.5
      vertex 202.618 21.7 6.5
      vertex 201.022 23.0056 6.5
    endloop
  endfacet
  facet normal 0 0 1
    outer loop
      vertex 202.977 24.4317 6.5
      vertex 201.022 23.9944 6.5
      vertex 201.1 23.5 6.5
    endloop
  endfacet
  facet normal 0 0 1
    outer loop
      vertex 202.618 25.3 6.5
      vertex 200.794 24.4405 6.5
      vertex 201.022 23.9944 6.5
    endloop
  endfacet
  facet normal 0 0 1
    outer loop
      vertex 202.046 26.0456 6.5
      vertex 200.44 24.7944 6.5
      vertex 200.794 24.4405 6.5
    endloop
  endfacet
  facet normal 0 0 1
    outer loop
      vertex 199.994 25.0217 6.5
      vertex 201.3 26.6177 6.5
      vertex 200.432 26.9773 6.5
    endloop
  endfacet
  facet normal 0 0 1
    outer loop
      vertex 201.3 26.6177 6.5
      vertex 199.994 25.0217 6.5
      vertex 200.44 24.7944 6.5
    endloop
  endfacet
  facet normal 0 0 1
    outer loop
      vertex 199.5 25.1 6.5
      vertex 200.432 26.9773 6.5
      vertex 199.5 27.1 6.5
    endloop
  endfacet
  facet normal 0 0 1
    outer loop
      vertex 200.432 26.9773 6.5
      vertex 199.5 25.1 6.5
      vertex 199.994 25.0217 6.5
    endloop
  endfacet
  facet normal -0 0 1
    outer loop
      vertex 198.568 26.9773 6.5
      vertex 199.5 25.1 6.5
      vertex 199.5 27.1 6.5
    endloop
  endfacet
  facet normal 0 0 1
    outer loop
      vertex 199.5 25.1 6.5
      vertex 198.568 26.9773 6.5
      vertex 199.006 25.0217 6.5
    endloop
  endfacet
  facet normal -0 0 1
    outer loop
      vertex 197.7 26.6177 6.5
      vertex 199.006 25.0217 6.5
      vertex 198.568 26.9773 6.5
    endloop
  endfacet
  facet normal 0 0 1
    outer loop
      vertex 199.006 25.0217 6.5
      vertex 197.7 26.6177 6.5
      vertex 198.56 24.7944 6.5
    endloop
  endfacet
  facet normal -0 0 1
    outer loop
      vertex 196.954 26.0456 6.5
      vertex 198.56 24.7944 6.5
      vertex 197.7 26.6177 6.5
    endloop
  endfacet
  facet normal -0 0 1
    outer loop
      vertex 196.382 25.3 6.5
      vertex 198.206 24.4405 6.5
      vertex 196.954 26.0456 6.5
    endloop
  endfacet
  facet normal 0 0 1
    outer loop
      vertex 198.56 24.7944 6.5
      vertex 196.954 26.0456 6.5
      vertex 198.206 24.4405 6.5
    endloop
  endfacet
  facet normal 0 0 1
    outer loop
      vertex 202.618 21.7 6.5
      vertex 200.794 22.5595 6.5
      vertex 202.046 20.9544 6.5
    endloop
  endfacet
  facet normal -0 0 1
    outer loop
      vertex 200.44 22.2056 6.5
      vertex 202.046 20.9544 6.5
      vertex 200.794 22.5595 6.5
    endloop
  endfacet
  facet normal 0 0 1
    outer loop
      vertex 202.046 20.9544 6.5
      vertex 200.44 22.2056 6.5
      vertex 201.3 20.3823 6.5
    endloop
  endfacet
  facet normal -0 0 1
    outer loop
      vertex 199.994 21.9783 6.5
      vertex 201.3 20.3823 6.5
      vertex 200.44 22.2056 6.5
    endloop
  endfacet
  facet normal 0 0 1
    outer loop
      vertex 201.3 20.3823 6.5
      vertex 199.994 21.9783 6.5
      vertex 200.432 20.0227 6.5
    endloop
  endfacet
  facet normal -0 0 1
    outer loop
      vertex 199.5 21.9 6.5
      vertex 200.432 20.0227 6.5
      vertex 199.994 21.9783 6.5
    endloop
  endfacet
  facet normal 0 0 1
    outer loop
      vertex 199.5 21.9 6.5
      vertex 199.5 19.9 6.5
      vertex 200.432 20.0227 6.5
    endloop
  endfacet
  facet normal 0 0 1
    outer loop
      vertex 198.568 20.0227 6.5
      vertex 199.5 21.9 6.5
      vertex 199.006 21.9783 6.5
    endloop
  endfacet
  facet normal 0 0 1
    outer loop
      vertex 199.5 21.9 6.5
      vertex 198.568 20.0227 6.5
      vertex 199.5 19.9 6.5
    endloop
  endfacet
  facet normal 0 0 1
    outer loop
      vertex 197.7 20.3823 6.5
      vertex 199.006 21.9783 6.5
      vertex 198.56 22.2056 6.5
    endloop
  endfacet
  facet normal 0 0 1
    outer loop
      vertex 196.954 20.9544 6.5
      vertex 198.56 22.2056 6.5
      vertex 198.206 22.5595 6.5
    endloop
  endfacet
  facet normal 0 0 1
    outer loop
      vertex 196.382 21.7 6.5
      vertex 198.206 22.5595 6.5
      vertex 197.978 23.0056 6.5
    endloop
  endfacet
  facet normal 0 0 1
    outer loop
      vertex 199.006 21.9783 6.5
      vertex 197.7 20.3823 6.5
      vertex 198.568 20.0227 6.5
    endloop
  endfacet
  facet normal 0 0 1
    outer loop
      vertex 196.023 22.5683 6.5
      vertex 197.978 23.0056 6.5
      vertex 197.9 23.5 6.5
    endloop
  endfacet
  facet normal 0 0 1
    outer loop
      vertex 198.206 24.4405 6.5
      vertex 196.382 25.3 6.5
      vertex 197.978 23.9944 6.5
    endloop
  endfacet
  facet normal -0 0 1
    outer loop
      vertex 196.023 24.4317 6.5
      vertex 197.978 23.9944 6.5
      vertex 196.382 25.3 6.5
    endloop
  endfacet
  facet normal 0 0 1
    outer loop
      vertex 198.56 22.2056 6.5
      vertex 196.954 20.9544 6.5
      vertex 197.7 20.3823 6.5
    endloop
  endfacet
  facet normal 0 0 1
    outer loop
      vertex 197.978 23.9944 6.5
      vertex 196.023 24.4317 6.5
      vertex 197.9 23.5 6.5
    endloop
  endfacet
  facet normal 0 0 1
    outer loop
      vertex 198.206 22.5595 6.5
      vertex 196.382 21.7 6.5
      vertex 196.954 20.9544 6.5
    endloop
  endfacet
  facet normal 0 0 1
    outer loop
      vertex 195.9 23.5 6.5
      vertex 197.9 23.5 6.5
      vertex 196.023 24.4317 6.5
    endloop
  endfacet
  facet normal 0 0 1
    outer loop
      vertex 197.978 23.0056 6.5
      vertex 196.023 22.5683 6.5
      vertex 196.382 21.7 6.5
    endloop
  endfacet
  facet normal 0 0 1
    outer loop
      vertex 197.9 23.5 6.5
      vertex 195.9 23.5 6.5
      vertex 196.023 22.5683 6.5
    endloop
  endfacet
  facet normal -0.924128 0.382082 0
    outer loop
      vertex 196.023 24.4317 2.5
      vertex 196.382 25.3 6.5
      vertex 196.382 25.3 2.5
    endloop
  endfacet
  facet normal -0.924128 0.382082 0
    outer loop
      vertex 196.382 25.3 6.5
      vertex 196.023 24.4317 2.5
      vertex 196.023 24.4317 6.5
    endloop
  endfacet
  facet normal 0.991398 -0.130881 0
    outer loop
      vertex 202.977 22.5683 6.5
      vertex 203.1 23.5 2.5
      vertex 203.1 23.5 6.5
    endloop
  endfacet
  facet normal 0.991398 -0.130881 0
    outer loop
      vertex 203.1 23.5 2.5
      vertex 202.977 22.5683 6.5
      vertex 202.977 22.5683 2.5
    endloop
  endfacet
  facet normal 0.793414 -0.608682 0
    outer loop
      vertex 202.046 20.9544 6.5
      vertex 202.618 21.7 2.5
      vertex 202.618 21.7 6.5
    endloop
  endfacet
  facet normal 0.793414 -0.608682 0
    outer loop
      vertex 202.618 21.7 2.5
      vertex 202.046 20.9544 6.5
      vertex 202.046 20.9544 2.5
    endloop
  endfacet
  facet normal -0.924128 -0.382082 0
    outer loop
      vertex 196.382 21.7 2.5
      vertex 196.023 22.5683 6.5
      vertex 196.023 22.5683 2.5
    endloop
  endfacet
  facet normal -0.924128 -0.382082 0
    outer loop
      vertex 196.023 22.5683 6.5
      vertex 196.382 21.7 2.5
      vertex 196.382 21.7 6.5
    endloop
  endfacet
  facet normal -0.987782 -0.155839 0
    outer loop
      vertex 201.1 23.5 2.5
      vertex 201.022 23.9944 6.5
      vertex 201.022 23.9944 2.5
    endloop
  endfacet
  facet normal -0.987782 -0.155839 0
    outer loop
      vertex 201.022 23.9944 6.5
      vertex 201.1 23.5 2.5
      vertex 201.1 23.5 6.5
    endloop
  endfacet
  facet normal 0.987782 -0.155839 0
    outer loop
      vertex 197.9 23.5 6.5
      vertex 197.978 23.9944 2.5
      vertex 197.978 23.9944 6.5
    endloop
  endfacet
  facet normal 0.987782 -0.155839 0
    outer loop
      vertex 197.978 23.9944 2.5
      vertex 197.9 23.5 6.5
      vertex 197.9 23.5 2.5
    endloop
  endfacet
  facet normal 0.156548 -0.98767 0
    outer loop
      vertex 199.006 25.0217 2.5
      vertex 199.5 25.1 6.5
      vertex 199.006 25.0217 6.5
    endloop
  endfacet
  facet normal 0.156548 -0.98767 0
    outer loop
      vertex 199.5 25.1 6.5
      vertex 199.006 25.0217 2.5
      vertex 199.5 25.1 2.5
    endloop
  endfacet
  facet normal -0.156548 0.98767 0
    outer loop
      vertex 199.994 21.9783 2.5
      vertex 199.5 21.9 6.5
      vertex 199.994 21.9783 6.5
    endloop
  endfacet
  facet normal -0.156548 0.98767 0
    outer loop
      vertex 199.5 21.9 6.5
      vertex 199.994 21.9783 2.5
      vertex 199.5 21.9 2.5
    endloop
  endfacet
  facet normal -0.454072 0.890965 0
    outer loop
      vertex 200.44 22.2056 2.5
      vertex 199.994 21.9783 6.5
      vertex 200.44 22.2056 6.5
    endloop
  endfacet
  facet normal -0.454072 0.890965 0
    outer loop
      vertex 199.994 21.9783 6.5
      vertex 200.44 22.2056 2.5
      vertex 199.994 21.9783 2.5
    endloop
  endfacet
  facet normal -0.707007 -0.707207 0
    outer loop
      vertex 200.44 24.7944 2.5
      vertex 200.794 24.4405 6.5
      vertex 200.44 24.7944 6.5
    endloop
  endfacet
  facet normal -0.707007 -0.707207 -0
    outer loop
      vertex 200.794 24.4405 6.5
      vertex 200.44 24.7944 2.5
      vertex 200.794 24.4405 2.5
    endloop
  endfacet
  facet normal -0.89044 -0.455101 0
    outer loop
      vertex 201.022 23.9944 2.5
      vertex 200.794 24.4405 6.5
      vertex 200.794 24.4405 2.5
    endloop
  endfacet
  facet normal -0.89044 -0.455101 0
    outer loop
      vertex 200.794 24.4405 6.5
      vertex 201.022 23.9944 2.5
      vertex 201.022 23.9944 6.5
    endloop
  endfacet
  facet normal -0.454072 -0.890965 0
    outer loop
      vertex 199.994 25.0217 2.5
      vertex 200.44 24.7944 6.5
      vertex 199.994 25.0217 6.5
    endloop
  endfacet
  facet normal -0.454072 -0.890965 -0
    outer loop
      vertex 200.44 24.7944 6.5
      vertex 199.994 25.0217 2.5
      vertex 200.44 24.7944 2.5
    endloop
  endfacet
  facet normal 0.707007 -0.707207 0
    outer loop
      vertex 198.206 24.4405 2.5
      vertex 198.56 24.7944 6.5
      vertex 198.206 24.4405 6.5
    endloop
  endfacet
  facet normal 0.707007 -0.707207 0
    outer loop
      vertex 198.56 24.7944 6.5
      vertex 198.206 24.4405 2.5
      vertex 198.56 24.7944 2.5
    endloop
  endfacet
  facet normal 0.89044 -0.455101 0
    outer loop
      vertex 197.978 23.9944 6.5
      vertex 198.206 24.4405 2.5
      vertex 198.206 24.4405 6.5
    endloop
  endfacet
  facet normal 0.89044 -0.455101 0
    outer loop
      vertex 198.206 24.4405 2.5
      vertex 197.978 23.9944 6.5
      vertex 197.978 23.9944 2.5
    endloop
  endfacet
  facet normal 0.454072 -0.890965 0
    outer loop
      vertex 198.56 24.7944 2.5
      vertex 199.006 25.0217 6.5
      vertex 198.56 24.7944 6.5
    endloop
  endfacet
  facet normal 0.454072 -0.890965 0
    outer loop
      vertex 199.006 25.0217 6.5
      vertex 198.56 24.7944 2.5
      vertex 199.006 25.0217 2.5
    endloop
  endfacet
  facet normal -0.156548 -0.98767 0
    outer loop
      vertex 199.5 25.1 2.5
      vertex 199.994 25.0217 6.5
      vertex 199.5 25.1 6.5
    endloop
  endfacet
  facet normal -0.156548 -0.98767 -0
    outer loop
      vertex 199.994 25.0217 6.5
      vertex 199.5 25.1 2.5
      vertex 199.994 25.0217 2.5
    endloop
  endfacet
  facet normal -0.987782 0.155839 0
    outer loop
      vertex 201.022 23.0056 2.5
      vertex 201.1 23.5 6.5
      vertex 201.1 23.5 2.5
    endloop
  endfacet
  facet normal -0.987782 0.155839 0
    outer loop
      vertex 201.1 23.5 6.5
      vertex 201.022 23.0056 2.5
      vertex 201.022 23.0056 6.5
    endloop
  endfacet
  facet normal -0.707007 0.707207 0
    outer loop
      vertex 200.794 22.5595 2.5
      vertex 200.44 22.2056 6.5
      vertex 200.794 22.5595 6.5
    endloop
  endfacet
  facet normal -0.707007 0.707207 0
    outer loop
      vertex 200.44 22.2056 6.5
      vertex 200.794 22.5595 2.5
      vertex 200.44 22.2056 2.5
    endloop
  endfacet
  facet normal -0.89044 0.455101 0
    outer loop
      vertex 200.794 22.5595 2.5
      vertex 201.022 23.0056 6.5
      vertex 201.022 23.0056 2.5
    endloop
  endfacet
  facet normal -0.89044 0.455101 0
    outer loop
      vertex 201.022 23.0056 6.5
      vertex 200.794 22.5595 2.5
      vertex 200.794 22.5595 6.5
    endloop
  endfacet
  facet normal 0.89044 0.455101 0
    outer loop
      vertex 198.206 22.5595 6.5
      vertex 197.978 23.0056 2.5
      vertex 197.978 23.0056 6.5
    endloop
  endfacet
  facet normal 0.89044 0.455101 0
    outer loop
      vertex 197.978 23.0056 2.5
      vertex 198.206 22.5595 6.5
      vertex 198.206 22.5595 2.5
    endloop
  endfacet
  facet normal 0.987782 0.155839 0
    outer loop
      vertex 197.978 23.0056 6.5
      vertex 197.9 23.5 2.5
      vertex 197.9 23.5 6.5
    endloop
  endfacet
  facet normal 0.987782 0.155839 0
    outer loop
      vertex 197.9 23.5 2.5
      vertex 197.978 23.0056 6.5
      vertex 197.978 23.0056 2.5
    endloop
  endfacet
  facet normal 0.156548 0.98767 -0
    outer loop
      vertex 199.5 21.9 2.5
      vertex 199.006 21.9783 6.5
      vertex 199.5 21.9 6.5
    endloop
  endfacet
  facet normal 0.156548 0.98767 0
    outer loop
      vertex 199.006 21.9783 6.5
      vertex 199.5 21.9 2.5
      vertex 199.006 21.9783 2.5
    endloop
  endfacet
  facet normal 0.707007 0.707207 -0
    outer loop
      vertex 198.56 22.2056 2.5
      vertex 198.206 22.5595 6.5
      vertex 198.56 22.2056 6.5
    endloop
  endfacet
  facet normal 0.707007 0.707207 0
    outer loop
      vertex 198.206 22.5595 6.5
      vertex 198.56 22.2056 2.5
      vertex 198.206 22.5595 2.5
    endloop
  endfacet
  facet normal 0.454072 0.890965 -0
    outer loop
      vertex 199.006 21.9783 2.5
      vertex 198.56 22.2056 6.5
      vertex 199.006 21.9783 6.5
    endloop
  endfacet
  facet normal 0.454072 0.890965 0
    outer loop
      vertex 198.56 22.2056 6.5
      vertex 199.006 21.9783 2.5
      vertex 198.56 22.2056 2.5
    endloop
  endfacet
  facet normal 0.991398 0.130881 0
    outer loop
      vertex 232.1 85.5 6.5
      vertex 231.977 86.4317 2.5
      vertex 231.977 86.4317 6.5
    endloop
  endfacet
  facet normal 0.991398 0.130881 0
    outer loop
      vertex 231.977 86.4317 2.5
      vertex 232.1 85.5 6.5
      vertex 232.1 85.5 2.5
    endloop
  endfacet
  facet normal 0.38274 0.923856 -0
    outer loop
      vertex 230.3 88.6177 2.5
      vertex 229.432 88.9773 6.5
      vertex 230.3 88.6177 6.5
    endloop
  endfacet
  facet normal 0.38274 0.923856 0
    outer loop
      vertex 229.432 88.9773 6.5
      vertex 230.3 88.6177 2.5
      vertex 229.432 88.9773 2.5
    endloop
  endfacet
  facet normal -0.38274 -0.923856 0
    outer loop
      vertex 226.7 82.3823 2.5
      vertex 227.568 82.0227 6.5
      vertex 226.7 82.3823 6.5
    endloop
  endfacet
  facet normal -0.38274 -0.923856 -0
    outer loop
      vertex 227.568 82.0227 6.5
      vertex 226.7 82.3823 2.5
      vertex 227.568 82.0227 2.5
    endloop
  endfacet
  facet normal 0.924128 0.382082 0
    outer loop
      vertex 231.977 86.4317 6.5
      vertex 231.618 87.3 2.5
      vertex 231.618 87.3 6.5
    endloop
  endfacet
  facet normal 0.924128 0.382082 0
    outer loop
      vertex 231.618 87.3 2.5
      vertex 231.977 86.4317 6.5
      vertex 231.977 86.4317 2.5
    endloop
  endfacet
  facet normal 0.130526 0.991445 -0
    outer loop
      vertex 229.432 88.9773 2.5
      vertex 228.5 89.1 6.5
      vertex 229.432 88.9773 6.5
    endloop
  endfacet
  facet normal 0.130526 0.991445 0
    outer loop
      vertex 228.5 89.1 6.5
      vertex 229.432 88.9773 2.5
      vertex 228.5 89.1 2.5
    endloop
  endfacet
  facet normal -0.38274 0.923856 0
    outer loop
      vertex 227.568 88.9773 2.5
      vertex 226.7 88.6177 6.5
      vertex 227.568 88.9773 6.5
    endloop
  endfacet
  facet normal -0.38274 0.923856 0
    outer loop
      vertex 226.7 88.6177 6.5
      vertex 227.568 88.9773 2.5
      vertex 226.7 88.6177 2.5
    endloop
  endfacet
  facet normal -0.793414 0.608682 0
    outer loop
      vertex 225.382 87.3 2.5
      vertex 225.954 88.0456 6.5
      vertex 225.954 88.0456 2.5
    endloop
  endfacet
  facet normal -0.793414 0.608682 0
    outer loop
      vertex 225.954 88.0456 6.5
      vertex 225.382 87.3 2.5
      vertex 225.382 87.3 6.5
    endloop
  endfacet
  facet normal -0.608543 0.793521 0
    outer loop
      vertex 226.7 88.6177 2.5
      vertex 225.954 88.0456 6.5
      vertex 226.7 88.6177 6.5
    endloop
  endfacet
  facet normal -0.608543 0.793521 0
    outer loop
      vertex 225.954 88.0456 6.5
      vertex 226.7 88.6177 2.5
      vertex 225.954 88.0456 2.5
    endloop
  endfacet
  facet normal 0.608543 -0.793521 0
    outer loop
      vertex 230.3 82.3823 2.5
      vertex 231.046 82.9544 6.5
      vertex 230.3 82.3823 6.5
    endloop
  endfacet
  facet normal 0.608543 -0.793521 0
    outer loop
      vertex 231.046 82.9544 6.5
      vertex 230.3 82.3823 2.5
      vertex 231.046 82.9544 2.5
    endloop
  endfacet
  facet normal -0.608543 -0.793521 0
    outer loop
      vertex 225.954 82.9544 2.5
      vertex 226.7 82.3823 6.5
      vertex 225.954 82.9544 6.5
    endloop
  endfacet
  facet normal -0.608543 -0.793521 -0
    outer loop
      vertex 226.7 82.3823 6.5
      vertex 225.954 82.9544 2.5
      vertex 226.7 82.3823 2.5
    endloop
  endfacet
  facet normal 0.793414 0.608682 0
    outer loop
      vertex 231.618 87.3 6.5
      vertex 231.046 88.0456 2.5
      vertex 231.046 88.0456 6.5
    endloop
  endfacet
  facet normal 0.793414 0.608682 0
    outer loop
      vertex 231.046 88.0456 2.5
      vertex 231.618 87.3 6.5
      vertex 231.618 87.3 2.5
    endloop
  endfacet
  facet normal 0.608543 0.793521 -0
    outer loop
      vertex 231.046 88.0456 2.5
      vertex 230.3 88.6177 6.5
      vertex 231.046 88.0456 6.5
    endloop
  endfacet
  facet normal 0.608543 0.793521 0
    outer loop
      vertex 230.3 88.6177 6.5
      vertex 231.046 88.0456 2.5
      vertex 230.3 88.6177 2.5
    endloop
  endfacet
  facet normal -0.991398 0.130881 0
    outer loop
      vertex 224.9 85.5 2.5
      vertex 225.023 86.4317 6.5
      vertex 225.023 86.4317 2.5
    endloop
  endfacet
  facet normal -0.991398 0.130881 0
    outer loop
      vertex 225.023 86.4317 6.5
      vertex 224.9 85.5 2.5
      vertex 224.9 85.5 6.5
    endloop
  endfacet
  facet normal -0.130526 0.991445 0
    outer loop
      vertex 228.5 89.1 2.5
      vertex 227.568 88.9773 6.5
      vertex 228.5 89.1 6.5
    endloop
  endfacet
  facet normal -0.130526 0.991445 0
    outer loop
      vertex 227.568 88.9773 6.5
      vertex 228.5 89.1 2.5
      vertex 227.568 88.9773 2.5
    endloop
  endfacet
  facet normal 0.924128 -0.382082 0
    outer loop
      vertex 231.618 83.7 6.5
      vertex 231.977 84.5683 2.5
      vertex 231.977 84.5683 6.5
    endloop
  endfacet
  facet normal 0.924128 -0.382082 0
    outer loop
      vertex 231.977 84.5683 2.5
      vertex 231.618 83.7 6.5
      vertex 231.618 83.7 2.5
    endloop
  endfacet
  facet normal 0.130526 -0.991445 0
    outer loop
      vertex 228.5 81.9 2.5
      vertex 229.432 82.0227 6.5
      vertex 228.5 81.9 6.5
    endloop
  endfacet
  facet normal 0.130526 -0.991445 0
    outer loop
      vertex 229.432 82.0227 6.5
      vertex 228.5 81.9 2.5
      vertex 229.432 82.0227 2.5
    endloop
  endfacet
  facet normal 0.38274 -0.923856 0
    outer loop
      vertex 229.432 82.0227 2.5
      vertex 230.3 82.3823 6.5
      vertex 229.432 82.0227 6.5
    endloop
  endfacet
  facet normal 0.38274 -0.923856 0
    outer loop
      vertex 230.3 82.3823 6.5
      vertex 229.432 82.0227 2.5
      vertex 230.3 82.3823 2.5
    endloop
  endfacet
  facet normal -0.130526 -0.991445 0
    outer loop
      vertex 227.568 82.0227 2.5
      vertex 228.5 81.9 6.5
      vertex 227.568 82.0227 6.5
    endloop
  endfacet
  facet normal -0.130526 -0.991445 -0
    outer loop
      vertex 228.5 81.9 6.5
      vertex 227.568 82.0227 2.5
      vertex 228.5 81.9 2.5
    endloop
  endfacet
  facet normal -0.793414 -0.608682 0
    outer loop
      vertex 225.954 82.9544 2.5
      vertex 225.382 83.7 6.5
      vertex 225.382 83.7 2.5
    endloop
  endfacet
  facet normal -0.793414 -0.608682 0
    outer loop
      vertex 225.382 83.7 6.5
      vertex 225.954 82.9544 2.5
      vertex 225.954 82.9544 6.5
    endloop
  endfacet
  facet normal -0.991398 -0.130881 0
    outer loop
      vertex 225.023 84.5683 2.5
      vertex 224.9 85.5 6.5
      vertex 224.9 85.5 2.5
    endloop
  endfacet
  facet normal -0.991398 -0.130881 0
    outer loop
      vertex 224.9 85.5 6.5
      vertex 225.023 84.5683 2.5
      vertex 225.023 84.5683 6.5
    endloop
  endfacet
  facet normal 0 0 1
    outer loop
      vertex 230.1 85.5 6.5
      vertex 232.1 85.5 6.5
      vertex 231.977 86.4317 6.5
    endloop
  endfacet
  facet normal 0 0 1
    outer loop
      vertex 230.022 85.9944 6.5
      vertex 231.977 86.4317 6.5
      vertex 231.618 87.3 6.5
    endloop
  endfacet
  facet normal 0 0 1
    outer loop
      vertex 232.1 85.5 6.5
      vertex 230.1 85.5 6.5
      vertex 231.977 84.5683 6.5
    endloop
  endfacet
  facet normal 0 0 1
    outer loop
      vertex 229.794 86.4405 6.5
      vertex 231.618 87.3 6.5
      vertex 231.046 88.0456 6.5
    endloop
  endfacet
  facet normal -0 0 1
    outer loop
      vertex 230.022 85.0056 6.5
      vertex 231.977 84.5683 6.5
      vertex 230.1 85.5 6.5
    endloop
  endfacet
  facet normal 0 0 1
    outer loop
      vertex 229.44 86.7944 6.5
      vertex 231.046 88.0456 6.5
      vertex 230.3 88.6177 6.5
    endloop
  endfacet
  facet normal 0 0 1
    outer loop
      vertex 231.977 84.5683 6.5
      vertex 230.022 85.0056 6.5
      vertex 231.618 83.7 6.5
    endloop
  endfacet
  facet normal -0 0 1
    outer loop
      vertex 229.794 84.5595 6.5
      vertex 231.618 83.7 6.5
      vertex 230.022 85.0056 6.5
    endloop
  endfacet
  facet normal 0 0 1
    outer loop
      vertex 231.977 86.4317 6.5
      vertex 230.022 85.9944 6.5
      vertex 230.1 85.5 6.5
    endloop
  endfacet
  facet normal 0 0 1
    outer loop
      vertex 231.618 87.3 6.5
      vertex 229.794 86.4405 6.5
      vertex 230.022 85.9944 6.5
    endloop
  endfacet
  facet normal 0 0 1
    outer loop
      vertex 231.046 88.0456 6.5
      vertex 229.44 86.7944 6.5
      vertex 229.794 86.4405 6.5
    endloop
  endfacet
  facet normal 0 0 1
    outer loop
      vertex 228.994 87.0217 6.5
      vertex 230.3 88.6177 6.5
      vertex 229.432 88.9773 6.5
    endloop
  endfacet
  facet normal 0 0 1
    outer loop
      vertex 230.3 88.6177 6.5
      vertex 228.994 87.0217 6.5
      vertex 229.44 86.7944 6.5
    endloop
  endfacet
  facet normal 0 0 1
    outer loop
      vertex 228.5 87.1 6.5
      vertex 229.432 88.9773 6.5
      vertex 228.5 89.1 6.5
    endloop
  endfacet
  facet normal 0 0 1
    outer loop
      vertex 229.432 88.9773 6.5
      vertex 228.5 87.1 6.5
      vertex 228.994 87.0217 6.5
    endloop
  endfacet
  facet normal -0 0 1
    outer loop
      vertex 227.568 88.9773 6.5
      vertex 228.5 87.1 6.5
      vertex 228.5 89.1 6.5
    endloop
  endfacet
  facet normal 0 0 1
    outer loop
      vertex 228.5 87.1 6.5
      vertex 227.568 88.9773 6.5
      vertex 228.006 87.0217 6.5
    endloop
  endfacet
  facet normal -0 0 1
    outer loop
      vertex 226.7 88.6177 6.5
      vertex 228.006 87.0217 6.5
      vertex 227.568 88.9773 6.5
    endloop
  endfacet
  facet normal 0 0 1
    outer loop
      vertex 228.006 87.0217 6.5
      vertex 226.7 88.6177 6.5
      vertex 227.56 86.7944 6.5
    endloop
  endfacet
  facet normal -0 0 1
    outer loop
      vertex 225.954 88.0456 6.5
      vertex 227.56 86.7944 6.5
      vertex 226.7 88.6177 6.5
    endloop
  endfacet
  facet normal -0 0 1
    outer loop
      vertex 225.382 87.3 6.5
      vertex 227.206 86.4405 6.5
      vertex 225.954 88.0456 6.5
    endloop
  endfacet
  facet normal 0 0 1
    outer loop
      vertex 227.56 86.7944 6.5
      vertex 225.954 88.0456 6.5
      vertex 227.206 86.4405 6.5
    endloop
  endfacet
  facet normal 0 0 1
    outer loop
      vertex 231.618 83.7 6.5
      vertex 229.794 84.5595 6.5
      vertex 231.046 82.9544 6.5
    endloop
  endfacet
  facet normal -0 0 1
    outer loop
      vertex 229.44 84.2056 6.5
      vertex 231.046 82.9544 6.5
      vertex 229.794 84.5595 6.5
    endloop
  endfacet
  facet normal 0 0 1
    outer loop
      vertex 231.046 82.9544 6.5
      vertex 229.44 84.2056 6.5
      vertex 230.3 82.3823 6.5
    endloop
  endfacet
  facet normal -0 0 1
    outer loop
      vertex 228.994 83.9783 6.5
      vertex 230.3 82.3823 6.5
      vertex 229.44 84.2056 6.5
    endloop
  endfacet
  facet normal 0 0 1
    outer loop
      vertex 230.3 82.3823 6.5
      vertex 228.994 83.9783 6.5
      vertex 229.432 82.0227 6.5
    endloop
  endfacet
  facet normal -0 0 1
    outer loop
      vertex 228.5 83.9 6.5
      vertex 229.432 82.0227 6.5
      vertex 228.994 83.9783 6.5
    endloop
  endfacet
  facet normal 0 0 1
    outer loop
      vertex 228.5 83.9 6.5
      vertex 228.5 81.9 6.5
      vertex 229.432 82.0227 6.5
    endloop
  endfacet
  facet normal 0 0 1
    outer loop
      vertex 227.568 82.0227 6.5
      vertex 228.5 83.9 6.5
      vertex 228.006 83.9783 6.5
    endloop
  endfacet
  facet normal 0 0 1
    outer loop
      vertex 228.5 83.9 6.5
      vertex 227.568 82.0227 6.5
      vertex 228.5 81.9 6.5
    endloop
  endfacet
  facet normal 0 0 1
    outer loop
      vertex 226.7 82.3823 6.5
      vertex 228.006 83.9783 6.5
      vertex 227.56 84.2056 6.5
    endloop
  endfacet
  facet normal 0 0 1
    outer loop
      vertex 225.954 82.9544 6.5
      vertex 227.56 84.2056 6.5
      vertex 227.206 84.5595 6.5
    endloop
  endfacet
  facet normal 0 0 1
    outer loop
      vertex 225.382 83.7 6.5
      vertex 227.206 84.5595 6.5
      vertex 226.978 85.0056 6.5
    endloop
  endfacet
  facet normal 0 0 1
    outer loop
      vertex 228.006 83.9783 6.5
      vertex 226.7 82.3823 6.5
      vertex 227.568 82.0227 6.5
    endloop
  endfacet
  facet normal 0 0 1
    outer loop
      vertex 225.023 84.5683 6.5
      vertex 226.978 85.0056 6.5
      vertex 226.9 85.5 6.5
    endloop
  endfacet
  facet normal 0 0 1
    outer loop
      vertex 227.206 86.4405 6.5
      vertex 225.382 87.3 6.5
      vertex 226.978 85.9944 6.5
    endloop
  endfacet
  facet normal -0 0 1
    outer loop
      vertex 225.023 86.4317 6.5
      vertex 226.978 85.9944 6.5
      vertex 225.382 87.3 6.5
    endloop
  endfacet
  facet normal 0 0 1
    outer loop
      vertex 227.56 84.2056 6.5
      vertex 225.954 82.9544 6.5
      vertex 226.7 82.3823 6.5
    endloop
  endfacet
  facet normal 0 0 1
    outer loop
      vertex 226.978 85.9944 6.5
      vertex 225.023 86.4317 6.5
      vertex 226.9 85.5 6.5
    endloop
  endfacet
  facet normal 0 0 1
    outer loop
      vertex 227.206 84.5595 6.5
      vertex 225.382 83.7 6.5
      vertex 225.954 82.9544 6.5
    endloop
  endfacet
  facet normal 0 0 1
    outer loop
      vertex 224.9 85.5 6.5
      vertex 226.9 85.5 6.5
      vertex 225.023 86.4317 6.5
    endloop
  endfacet
  facet normal 0 0 1
    outer loop
      vertex 226.978 85.0056 6.5
      vertex 225.023 84.5683 6.5
      vertex 225.382 83.7 6.5
    endloop
  endfacet
  facet normal 0 0 1
    outer loop
      vertex 226.9 85.5 6.5
      vertex 224.9 85.5 6.5
      vertex 225.023 84.5683 6.5
    endloop
  endfacet
  facet normal -0.924128 0.382082 0
    outer loop
      vertex 225.023 86.4317 2.5
      vertex 225.382 87.3 6.5
      vertex 225.382 87.3 2.5
    endloop
  endfacet
  facet normal -0.924128 0.382082 0
    outer loop
      vertex 225.382 87.3 6.5
      vertex 225.023 86.4317 2.5
      vertex 225.023 86.4317 6.5
    endloop
  endfacet
  facet normal 0.991398 -0.130881 0
    outer loop
      vertex 231.977 84.5683 6.5
      vertex 232.1 85.5 2.5
      vertex 232.1 85.5 6.5
    endloop
  endfacet
  facet normal 0.991398 -0.130881 0
    outer loop
      vertex 232.1 85.5 2.5
      vertex 231.977 84.5683 6.5
      vertex 231.977 84.5683 2.5
    endloop
  endfacet
  facet normal 0.793414 -0.608682 0
    outer loop
      vertex 231.046 82.9544 6.5
      vertex 231.618 83.7 2.5
      vertex 231.618 83.7 6.5
    endloop
  endfacet
  facet normal 0.793414 -0.608682 0
    outer loop
      vertex 231.618 83.7 2.5
      vertex 231.046 82.9544 6.5
      vertex 231.046 82.9544 2.5
    endloop
  endfacet
  facet normal -0.924128 -0.382082 0
    outer loop
      vertex 225.382 83.7 2.5
      vertex 225.023 84.5683 6.5
      vertex 225.023 84.5683 2.5
    endloop
  endfacet
  facet normal -0.924128 -0.382082 0
    outer loop
      vertex 225.023 84.5683 6.5
      vertex 225.382 83.7 2.5
      vertex 225.382 83.7 6.5
    endloop
  endfacet
  facet normal -0.987782 -0.155839 0
    outer loop
      vertex 230.1 85.5 2.5
      vertex 230.022 85.9944 6.5
      vertex 230.022 85.9944 2.5
    endloop
  endfacet
  facet normal -0.987782 -0.155839 0
    outer loop
      vertex 230.022 85.9944 6.5
      vertex 230.1 85.5 2.5
      vertex 230.1 85.5 6.5
    endloop
  endfacet
  facet normal 0.987782 -0.155839 0
    outer loop
      vertex 226.9 85.5 6.5
      vertex 226.978 85.9944 2.5
      vertex 226.978 85.9944 6.5
    endloop
  endfacet
  facet normal 0.987782 -0.155839 0
    outer loop
      vertex 226.978 85.9944 2.5
      vertex 226.9 85.5 6.5
      vertex 226.9 85.5 2.5
    endloop
  endfacet
  facet normal 0.156548 -0.98767 0
    outer loop
      vertex 228.006 87.0217 2.5
      vertex 228.5 87.1 6.5
      vertex 228.006 87.0217 6.5
    endloop
  endfacet
  facet normal 0.156548 -0.98767 0
    outer loop
      vertex 228.5 87.1 6.5
      vertex 228.006 87.0217 2.5
      vertex 228.5 87.1 2.5
    endloop
  endfacet
  facet normal -0.156548 0.98767 0
    outer loop
      vertex 228.994 83.9783 2.5
      vertex 228.5 83.9 6.5
      vertex 228.994 83.9783 6.5
    endloop
  endfacet
  facet normal -0.156548 0.98767 0
    outer loop
      vertex 228.5 83.9 6.5
      vertex 228.994 83.9783 2.5
      vertex 228.5 83.9 2.5
    endloop
  endfacet
  facet normal -0.454072 0.890965 0
    outer loop
      vertex 229.44 84.2056 2.5
      vertex 228.994 83.9783 6.5
      vertex 229.44 84.2056 6.5
    endloop
  endfacet
  facet normal -0.454072 0.890965 0
    outer loop
      vertex 228.994 83.9783 6.5
      vertex 229.44 84.2056 2.5
      vertex 228.994 83.9783 2.5
    endloop
  endfacet
  facet normal -0.707007 -0.707207 0
    outer loop
      vertex 229.44 86.7944 2.5
      vertex 229.794 86.4405 6.5
      vertex 229.44 86.7944 6.5
    endloop
  endfacet
  facet normal -0.707007 -0.707207 -0
    outer loop
      vertex 229.794 86.4405 6.5
      vertex 229.44 86.7944 2.5
      vertex 229.794 86.4405 2.5
    endloop
  endfacet
  facet normal -0.89044 -0.455101 0
    outer loop
      vertex 230.022 85.9944 2.5
      vertex 229.794 86.4405 6.5
      vertex 229.794 86.4405 2.5
    endloop
  endfacet
  facet normal -0.89044 -0.455101 0
    outer loop
      vertex 229.794 86.4405 6.5
      vertex 230.022 85.9944 2.5
      vertex 230.022 85.9944 6.5
    endloop
  endfacet
  facet normal -0.454072 -0.890965 0
    outer loop
      vertex 228.994 87.0217 2.5
      vertex 229.44 86.7944 6.5
      vertex 228.994 87.0217 6.5
    endloop
  endfacet
  facet normal -0.454072 -0.890965 -0
    outer loop
      vertex 229.44 86.7944 6.5
      vertex 228.994 87.0217 2.5
      vertex 229.44 86.7944 2.5
    endloop
  endfacet
  facet normal 0.707007 -0.707207 0
    outer loop
      vertex 227.206 86.4405 2.5
      vertex 227.56 86.7944 6.5
      vertex 227.206 86.4405 6.5
    endloop
  endfacet
  facet normal 0.707007 -0.707207 0
    outer loop
      vertex 227.56 86.7944 6.5
      vertex 227.206 86.4405 2.5
      vertex 227.56 86.7944 2.5
    endloop
  endfacet
  facet normal 0.89044 -0.455101 0
    outer loop
      vertex 226.978 85.9944 6.5
      vertex 227.206 86.4405 2.5
      vertex 227.206 86.4405 6.5
    endloop
  endfacet
  facet normal 0.89044 -0.455101 0
    outer loop
      vertex 227.206 86.4405 2.5
      vertex 226.978 85.9944 6.5
      vertex 226.978 85.9944 2.5
    endloop
  endfacet
  facet normal 0.454072 -0.890965 0
    outer loop
      vertex 227.56 86.7944 2.5
      vertex 228.006 87.0217 6.5
      vertex 227.56 86.7944 6.5
    endloop
  endfacet
  facet normal 0.454072 -0.890965 0
    outer loop
      vertex 228.006 87.0217 6.5
      vertex 227.56 86.7944 2.5
      vertex 228.006 87.0217 2.5
    endloop
  endfacet
  facet normal -0.156548 -0.98767 0
    outer loop
      vertex 228.5 87.1 2.5
      vertex 228.994 87.0217 6.5
      vertex 228.5 87.1 6.5
    endloop
  endfacet
  facet normal -0.156548 -0.98767 -0
    outer loop
      vertex 228.994 87.0217 6.5
      vertex 228.5 87.1 2.5
      vertex 228.994 87.0217 2.5
    endloop
  endfacet
  facet normal -0.987782 0.155839 0
    outer loop
      vertex 230.022 85.0056 2.5
      vertex 230.1 85.5 6.5
      vertex 230.1 85.5 2.5
    endloop
  endfacet
  facet normal -0.987782 0.155839 0
    outer loop
      vertex 230.1 85.5 6.5
      vertex 230.022 85.0056 2.5
      vertex 230.022 85.0056 6.5
    endloop
  endfacet
  facet normal -0.707007 0.707207 0
    outer loop
      vertex 229.794 84.5595 2.5
      vertex 229.44 84.2056 6.5
      vertex 229.794 84.5595 6.5
    endloop
  endfacet
  facet normal -0.707007 0.707207 0
    outer loop
      vertex 229.44 84.2056 6.5
      vertex 229.794 84.5595 2.5
      vertex 229.44 84.2056 2.5
    endloop
  endfacet
  facet normal -0.89044 0.455101 0
    outer loop
      vertex 229.794 84.5595 2.5
      vertex 230.022 85.0056 6.5
      vertex 230.022 85.0056 2.5
    endloop
  endfacet
  facet normal -0.89044 0.455101 0
    outer loop
      vertex 230.022 85.0056 6.5
      vertex 229.794 84.5595 2.5
      vertex 229.794 84.5595 6.5
    endloop
  endfacet
  facet normal 0.89044 0.455101 0
    outer loop
      vertex 227.206 84.5595 6.5
      vertex 226.978 85.0056 2.5
      vertex 226.978 85.0056 6.5
    endloop
  endfacet
  facet normal 0.89044 0.455101 0
    outer loop
      vertex 226.978 85.0056 2.5
      vertex 227.206 84.5595 6.5
      vertex 227.206 84.5595 2.5
    endloop
  endfacet
  facet normal 0.987782 0.155839 0
    outer loop
      vertex 226.978 85.0056 6.5
      vertex 226.9 85.5 2.5
      vertex 226.9 85.5 6.5
    endloop
  endfacet
  facet normal 0.987782 0.155839 0
    outer loop
      vertex 226.9 85.5 2.5
      vertex 226.978 85.0056 6.5
      vertex 226.978 85.0056 2.5
    endloop
  endfacet
  facet normal 0.156548 0.98767 -0
    outer loop
      vertex 228.5 83.9 2.5
      vertex 228.006 83.9783 6.5
      vertex 228.5 83.9 6.5
    endloop
  endfacet
  facet normal 0.156548 0.98767 0
    outer loop
      vertex 228.006 83.9783 6.5
      vertex 228.5 83.9 2.5
      vertex 228.006 83.9783 2.5
    endloop
  endfacet
  facet normal 0.707007 0.707207 -0
    outer loop
      vertex 227.56 84.2056 2.5
      vertex 227.206 84.5595 6.5
      vertex 227.56 84.2056 6.5
    endloop
  endfacet
  facet normal 0.707007 0.707207 0
    outer loop
      vertex 227.206 84.5595 6.5
      vertex 227.56 84.2056 2.5
      vertex 227.206 84.5595 2.5
    endloop
  endfacet
  facet normal 0.454072 0.890965 -0
    outer loop
      vertex 228.006 83.9783 2.5
      vertex 227.56 84.2056 6.5
      vertex 228.006 83.9783 6.5
    endloop
  endfacet
  facet normal 0.454072 0.890965 0
    outer loop
      vertex 227.56 84.2056 6.5
      vertex 228.006 83.9783 2.5
      vertex 227.56 84.2056 2.5
    endloop
  endfacet
  facet normal 0.991398 0.130881 0
    outer loop
      vertex 203.1 85.5 6.5
      vertex 202.977 86.4317 2.5
      vertex 202.977 86.4317 6.5
    endloop
  endfacet
  facet normal 0.991398 0.130881 0
    outer loop
      vertex 202.977 86.4317 2.5
      vertex 203.1 85.5 6.5
      vertex 203.1 85.5 2.5
    endloop
  endfacet
  facet normal 0.38274 0.923856 -0
    outer loop
      vertex 201.3 88.6177 2.5
      vertex 200.432 88.9773 6.5
      vertex 201.3 88.6177 6.5
    endloop
  endfacet
  facet normal 0.38274 0.923856 0
    outer loop
      vertex 200.432 88.9773 6.5
      vertex 201.3 88.6177 2.5
      vertex 200.432 88.9773 2.5
    endloop
  endfacet
  facet normal -0.38274 -0.923856 0
    outer loop
      vertex 197.7 82.3823 2.5
      vertex 198.568 82.0227 6.5
      vertex 197.7 82.3823 6.5
    endloop
  endfacet
  facet normal -0.38274 -0.923856 -0
    outer loop
      vertex 198.568 82.0227 6.5
      vertex 197.7 82.3823 2.5
      vertex 198.568 82.0227 2.5
    endloop
  endfacet
  facet normal 0.924128 0.382082 0
    outer loop
      vertex 202.977 86.4317 6.5
      vertex 202.618 87.3 2.5
      vertex 202.618 87.3 6.5
    endloop
  endfacet
  facet normal 0.924128 0.382082 0
    outer loop
      vertex 202.618 87.3 2.5
      vertex 202.977 86.4317 6.5
      vertex 202.977 86.4317 2.5
    endloop
  endfacet
  facet normal 0.130526 0.991445 -0
    outer loop
      vertex 200.432 88.9773 2.5
      vertex 199.5 89.1 6.5
      vertex 200.432 88.9773 6.5
    endloop
  endfacet
  facet normal 0.130526 0.991445 0
    outer loop
      vertex 199.5 89.1 6.5
      vertex 200.432 88.9773 2.5
      vertex 199.5 89.1 2.5
    endloop
  endfacet
  facet normal -0.38274 0.923856 0
    outer loop
      vertex 198.568 88.9773 2.5
      vertex 197.7 88.6177 6.5
      vertex 198.568 88.9773 6.5
    endloop
  endfacet
  facet normal -0.38274 0.923856 0
    outer loop
      vertex 197.7 88.6177 6.5
      vertex 198.568 88.9773 2.5
      vertex 197.7 88.6177 2.5
    endloop
  endfacet
  facet normal -0.793414 0.608682 0
    outer loop
      vertex 196.382 87.3 2.5
      vertex 196.954 88.0456 6.5
      vertex 196.954 88.0456 2.5
    endloop
  endfacet
  facet normal -0.793414 0.608682 0
    outer loop
      vertex 196.954 88.0456 6.5
      vertex 196.382 87.3 2.5
      vertex 196.382 87.3 6.5
    endloop
  endfacet
  facet normal -0.608543 0.793521 0
    outer loop
      vertex 197.7 88.6177 2.5
      vertex 196.954 88.0456 6.5
      vertex 197.7 88.6177 6.5
    endloop
  endfacet
  facet normal -0.608543 0.793521 0
    outer loop
      vertex 196.954 88.0456 6.5
      vertex 197.7 88.6177 2.5
      vertex 196.954 88.0456 2.5
    endloop
  endfacet
  facet normal 0.608543 -0.793521 0
    outer loop
      vertex 201.3 82.3823 2.5
      vertex 202.046 82.9544 6.5
      vertex 201.3 82.3823 6.5
    endloop
  endfacet
  facet normal 0.608543 -0.793521 0
    outer loop
      vertex 202.046 82.9544 6.5
      vertex 201.3 82.3823 2.5
      vertex 202.046 82.9544 2.5
    endloop
  endfacet
  facet normal -0.608543 -0.793521 0
    outer loop
      vertex 196.954 82.9544 2.5
      vertex 197.7 82.3823 6.5
      vertex 196.954 82.9544 6.5
    endloop
  endfacet
  facet normal -0.608543 -0.793521 -0
    outer loop
      vertex 197.7 82.3823 6.5
      vertex 196.954 82.9544 2.5
      vertex 197.7 82.3823 2.5
    endloop
  endfacet
  facet normal 0.793414 0.608682 0
    outer loop
      vertex 202.618 87.3 6.5
      vertex 202.046 88.0456 2.5
      vertex 202.046 88.0456 6.5
    endloop
  endfacet
  facet normal 0.793414 0.608682 0
    outer loop
      vertex 202.046 88.0456 2.5
      vertex 202.618 87.3 6.5
      vertex 202.618 87.3 2.5
    endloop
  endfacet
  facet normal 0.608543 0.793521 -0
    outer loop
      vertex 202.046 88.0456 2.5
      vertex 201.3 88.6177 6.5
      vertex 202.046 88.0456 6.5
    endloop
  endfacet
  facet normal 0.608543 0.793521 0
    outer loop
      vertex 201.3 88.6177 6.5
      vertex 202.046 88.0456 2.5
      vertex 201.3 88.6177 2.5
    endloop
  endfacet
  facet normal -0.991398 0.130881 0
    outer loop
      vertex 195.9 85.5 2.5
      vertex 196.023 86.4317 6.5
      vertex 196.023 86.4317 2.5
    endloop
  endfacet
  facet normal -0.991398 0.130881 0
    outer loop
      vertex 196.023 86.4317 6.5
      vertex 195.9 85.5 2.5
      vertex 195.9 85.5 6.5
    endloop
  endfacet
  facet normal -0.130526 0.991445 0
    outer loop
      vertex 199.5 89.1 2.5
      vertex 198.568 88.9773 6.5
      vertex 199.5 89.1 6.5
    endloop
  endfacet
  facet normal -0.130526 0.991445 0
    outer loop
      vertex 198.568 88.9773 6.5
      vertex 199.5 89.1 2.5
      vertex 198.568 88.9773 2.5
    endloop
  endfacet
  facet normal 0.924128 -0.382082 0
    outer loop
      vertex 202.618 83.7 6.5
      vertex 202.977 84.5683 2.5
      vertex 202.977 84.5683 6.5
    endloop
  endfacet
  facet normal 0.924128 -0.382082 0
    outer loop
      vertex 202.977 84.5683 2.5
      vertex 202.618 83.7 6.5
      vertex 202.618 83.7 2.5
    endloop
  endfacet
  facet normal 0.130526 -0.991445 0
    outer loop
      vertex 199.5 81.9 2.5
      vertex 200.432 82.0227 6.5
      vertex 199.5 81.9 6.5
    endloop
  endfacet
  facet normal 0.130526 -0.991445 0
    outer loop
      vertex 200.432 82.0227 6.5
      vertex 199.5 81.9 2.5
      vertex 200.432 82.0227 2.5
    endloop
  endfacet
  facet normal 0.38274 -0.923856 0
    outer loop
      vertex 200.432 82.0227 2.5
      vertex 201.3 82.3823 6.5
      vertex 200.432 82.0227 6.5
    endloop
  endfacet
  facet normal 0.38274 -0.923856 0
    outer loop
      vertex 201.3 82.3823 6.5
      vertex 200.432 82.0227 2.5
      vertex 201.3 82.3823 2.5
    endloop
  endfacet
  facet normal -0.130526 -0.991445 0
    outer loop
      vertex 198.568 82.0227 2.5
      vertex 199.5 81.9 6.5
      vertex 198.568 82.0227 6.5
    endloop
  endfacet
  facet normal -0.130526 -0.991445 -0
    outer loop
      vertex 199.5 81.9 6.5
      vertex 198.568 82.0227 2.5
      vertex 199.5 81.9 2.5
    endloop
  endfacet
  facet normal -0.793414 -0.608682 0
    outer loop
      vertex 196.954 82.9544 2.5
      vertex 196.382 83.7 6.5
      vertex 196.382 83.7 2.5
    endloop
  endfacet
  facet normal -0.793414 -0.608682 0
    outer loop
      vertex 196.382 83.7 6.5
      vertex 196.954 82.9544 2.5
      vertex 196.954 82.9544 6.5
    endloop
  endfacet
  facet normal -0.991398 -0.130881 0
    outer loop
      vertex 196.023 84.5683 2.5
      vertex 195.9 85.5 6.5
      vertex 195.9 85.5 2.5
    endloop
  endfacet
  facet normal -0.991398 -0.130881 0
    outer loop
      vertex 195.9 85.5 6.5
      vertex 196.023 84.5683 2.5
      vertex 196.023 84.5683 6.5
    endloop
  endfacet
  facet normal 0 0 1
    outer loop
      vertex 201.1 85.5 6.5
      vertex 203.1 85.5 6.5
      vertex 202.977 86.4317 6.5
    endloop
  endfacet
  facet normal 0 0 1
    outer loop
      vertex 201.022 85.9944 6.5
      vertex 202.977 86.4317 6.5
      vertex 202.618 87.3 6.5
    endloop
  endfacet
  facet normal 0 0 1
    outer loop
      vertex 203.1 85.5 6.5
      vertex 201.1 85.5 6.5
      vertex 202.977 84.5683 6.5
    endloop
  endfacet
  facet normal 0 0 1
    outer loop
      vertex 200.794 86.4405 6.5
      vertex 202.618 87.3 6.5
      vertex 202.046 88.0456 6.5
    endloop
  endfacet
  facet normal -0 0 1
    outer loop
      vertex 201.022 85.0056 6.5
      vertex 202.977 84.5683 6.5
      vertex 201.1 85.5 6.5
    endloop
  endfacet
  facet normal 0 0 1
    outer loop
      vertex 200.44 86.7944 6.5
      vertex 202.046 88.0456 6.5
      vertex 201.3 88.6177 6.5
    endloop
  endfacet
  facet normal 0 0 1
    outer loop
      vertex 202.977 84.5683 6.5
      vertex 201.022 85.0056 6.5
      vertex 202.618 83.7 6.5
    endloop
  endfacet
  facet normal -0 0 1
    outer loop
      vertex 200.794 84.5595 6.5
      vertex 202.618 83.7 6.5
      vertex 201.022 85.0056 6.5
    endloop
  endfacet
  facet normal 0 0 1
    outer loop
      vertex 202.977 86.4317 6.5
      vertex 201.022 85.9944 6.5
      vertex 201.1 85.5 6.5
    endloop
  endfacet
  facet normal 0 0 1
    outer loop
      vertex 202.618 87.3 6.5
      vertex 200.794 86.4405 6.5
      vertex 201.022 85.9944 6.5
    endloop
  endfacet
  facet normal 0 0 1
    outer loop
      vertex 202.046 88.0456 6.5
      vertex 200.44 86.7944 6.5
      vertex 200.794 86.4405 6.5
    endloop
  endfacet
  facet normal 0 0 1
    outer loop
      vertex 199.994 87.0217 6.5
      vertex 201.3 88.6177 6.5
      vertex 200.432 88.9773 6.5
    endloop
  endfacet
  facet normal 0 0 1
    outer loop
      vertex 201.3 88.6177 6.5
      vertex 199.994 87.0217 6.5
      vertex 200.44 86.7944 6.5
    endloop
  endfacet
  facet normal 0 0 1
    outer loop
      vertex 199.5 87.1 6.5
      vertex 200.432 88.9773 6.5
      vertex 199.5 89.1 6.5
    endloop
  endfacet
  facet normal 0 0 1
    outer loop
      vertex 200.432 88.9773 6.5
      vertex 199.5 87.1 6.5
      vertex 199.994 87.0217 6.5
    endloop
  endfacet
  facet normal -0 0 1
    outer loop
      vertex 198.568 88.9773 6.5
      vertex 199.5 87.1 6.5
      vertex 199.5 89.1 6.5
    endloop
  endfacet
  facet normal 0 0 1
    outer loop
      vertex 199.5 87.1 6.5
      vertex 198.568 88.9773 6.5
      vertex 199.006 87.0217 6.5
    endloop
  endfacet
  facet normal -0 0 1
    outer loop
      vertex 197.7 88.6177 6.5
      vertex 199.006 87.0217 6.5
      vertex 198.568 88.9773 6.5
    endloop
  endfacet
  facet normal 0 0 1
    outer loop
      vertex 199.006 87.0217 6.5
      vertex 197.7 88.6177 6.5
      vertex 198.56 86.7944 6.5
    endloop
  endfacet
  facet normal -0 0 1
    outer loop
      vertex 196.954 88.0456 6.5
      vertex 198.56 86.7944 6.5
      vertex 197.7 88.6177 6.5
    endloop
  endfacet
  facet normal -0 0 1
    outer loop
      vertex 196.382 87.3 6.5
      vertex 198.206 86.4405 6.5
      vertex 196.954 88.0456 6.5
    endloop
  endfacet
  facet normal 0 0 1
    outer loop
      vertex 198.56 86.7944 6.5
      vertex 196.954 88.0456 6.5
      vertex 198.206 86.4405 6.5
    endloop
  endfacet
  facet normal 0 0 1
    outer loop
      vertex 202.618 83.7 6.5
      vertex 200.794 84.5595 6.5
      vertex 202.046 82.9544 6.5
    endloop
  endfacet
  facet normal -0 0 1
    outer loop
      vertex 200.44 84.2056 6.5
      vertex 202.046 82.9544 6.5
      vertex 200.794 84.5595 6.5
    endloop
  endfacet
  facet normal 0 0 1
    outer loop
      vertex 202.046 82.9544 6.5
      vertex 200.44 84.2056 6.5
      vertex 201.3 82.3823 6.5
    endloop
  endfacet
  facet normal -0 0 1
    outer loop
      vertex 199.994 83.9783 6.5
      vertex 201.3 82.3823 6.5
      vertex 200.44 84.2056 6.5
    endloop
  endfacet
  facet normal 0 0 1
    outer loop
      vertex 201.3 82.3823 6.5
      vertex 199.994 83.9783 6.5
      vertex 200.432 82.0227 6.5
    endloop
  endfacet
  facet normal -0 0 1
    outer loop
      vertex 199.5 83.9 6.5
      vertex 200.432 82.0227 6.5
      vertex 199.994 83.9783 6.5
    endloop
  endfacet
  facet normal 0 0 1
    outer loop
      vertex 199.5 83.9 6.5
      vertex 199.5 81.9 6.5
      vertex 200.432 82.0227 6.5
    endloop
  endfacet
  facet normal 0 0 1
    outer loop
      vertex 198.568 82.0227 6.5
      vertex 199.5 83.9 6.5
      vertex 199.006 83.9783 6.5
    endloop
  endfacet
  facet normal 0 0 1
    outer loop
      vertex 199.5 83.9 6.5
      vertex 198.568 82.0227 6.5
      vertex 199.5 81.9 6.5
    endloop
  endfacet
  facet normal 0 0 1
    outer loop
      vertex 197.7 82.3823 6.5
      vertex 199.006 83.9783 6.5
      vertex 198.56 84.2056 6.5
    endloop
  endfacet
  facet normal 0 0 1
    outer loop
      vertex 196.954 82.9544 6.5
      vertex 198.56 84.2056 6.5
      vertex 198.206 84.5595 6.5
    endloop
  endfacet
  facet normal 0 0 1
    outer loop
      vertex 196.382 83.7 6.5
      vertex 198.206 84.5595 6.5
      vertex 197.978 85.0056 6.5
    endloop
  endfacet
  facet normal 0 0 1
    outer loop
      vertex 199.006 83.9783 6.5
      vertex 197.7 82.3823 6.5
      vertex 198.568 82.0227 6.5
    endloop
  endfacet
  facet normal 0 0 1
    outer loop
      vertex 196.023 84.5683 6.5
      vertex 197.978 85.0056 6.5
      vertex 197.9 85.5 6.5
    endloop
  endfacet
  facet normal 0 0 1
    outer loop
      vertex 198.206 86.4405 6.5
      vertex 196.382 87.3 6.5
      vertex 197.978 85.9944 6.5
    endloop
  endfacet
  facet normal -0 0 1
    outer loop
      vertex 196.023 86.4317 6.5
      vertex 197.978 85.9944 6.5
      vertex 196.382 87.3 6.5
    endloop
  endfacet
  facet normal 0 0 1
    outer loop
      vertex 198.56 84.2056 6.5
      vertex 196.954 82.9544 6.5
      vertex 197.7 82.3823 6.5
    endloop
  endfacet
  facet normal 0 0 1
    outer loop
      vertex 197.978 85.9944 6.5
      vertex 196.023 86.4317 6.5
      vertex 197.9 85.5 6.5
    endloop
  endfacet
  facet normal 0 0 1
    outer loop
      vertex 198.206 84.5595 6.5
      vertex 196.382 83.7 6.5
      vertex 196.954 82.9544 6.5
    endloop
  endfacet
  facet normal 0 0 1
    outer loop
      vertex 195.9 85.5 6.5
      vertex 197.9 85.5 6.5
      vertex 196.023 86.4317 6.5
    endloop
  endfacet
  facet normal 0 0 1
    outer loop
      vertex 197.978 85.0056 6.5
      vertex 196.023 84.5683 6.5
      vertex 196.382 83.7 6.5
    endloop
  endfacet
  facet normal 0 0 1
    outer loop
      vertex 197.9 85.5 6.5
      vertex 195.9 85.5 6.5
      vertex 196.023 84.5683 6.5
    endloop
  endfacet
  facet normal -0.924128 0.382082 0
    outer loop
      vertex 196.023 86.4317 2.5
      vertex 196.382 87.3 6.5
      vertex 196.382 87.3 2.5
    endloop
  endfacet
  facet normal -0.924128 0.382082 0
    outer loop
      vertex 196.382 87.3 6.5
      vertex 196.023 86.4317 2.5
      vertex 196.023 86.4317 6.5
    endloop
  endfacet
  facet normal 0.991398 -0.130881 0
    outer loop
      vertex 202.977 84.5683 6.5
      vertex 203.1 85.5 2.5
      vertex 203.1 85.5 6.5
    endloop
  endfacet
  facet normal 0.991398 -0.130881 0
    outer loop
      vertex 203.1 85.5 2.5
      vertex 202.977 84.5683 6.5
      vertex 202.977 84.5683 2.5
    endloop
  endfacet
  facet normal 0.793414 -0.608682 0
    outer loop
      vertex 202.046 82.9544 6.5
      vertex 202.618 83.7 2.5
      vertex 202.618 83.7 6.5
    endloop
  endfacet
  facet normal 0.793414 -0.608682 0
    outer loop
      vertex 202.618 83.7 2.5
      vertex 202.046 82.9544 6.5
      vertex 202.046 82.9544 2.5
    endloop
  endfacet
  facet normal -0.924128 -0.382082 0
    outer loop
      vertex 196.382 83.7 2.5
      vertex 196.023 84.5683 6.5
      vertex 196.023 84.5683 2.5
    endloop
  endfacet
  facet normal -0.924128 -0.382082 0
    outer loop
      vertex 196.023 84.5683 6.5
      vertex 196.382 83.7 2.5
      vertex 196.382 83.7 6.5
    endloop
  endfacet
  facet normal -0.987782 -0.155839 0
    outer loop
      vertex 201.1 85.5 2.5
      vertex 201.022 85.9944 6.5
      vertex 201.022 85.9944 2.5
    endloop
  endfacet
  facet normal -0.987782 -0.155839 0
    outer loop
      vertex 201.022 85.9944 6.5
      vertex 201.1 85.5 2.5
      vertex 201.1 85.5 6.5
    endloop
  endfacet
  facet normal 0.987782 -0.155839 0
    outer loop
      vertex 197.9 85.5 6.5
      vertex 197.978 85.9944 2.5
      vertex 197.978 85.9944 6.5
    endloop
  endfacet
  facet normal 0.987782 -0.155839 0
    outer loop
      vertex 197.978 85.9944 2.5
      vertex 197.9 85.5 6.5
      vertex 197.9 85.5 2.5
    endloop
  endfacet
  facet normal 0.156548 -0.98767 0
    outer loop
      vertex 199.006 87.0217 2.5
      vertex 199.5 87.1 6.5
      vertex 199.006 87.0217 6.5
    endloop
  endfacet
  facet normal 0.156548 -0.98767 0
    outer loop
      vertex 199.5 87.1 6.5
      vertex 199.006 87.0217 2.5
      vertex 199.5 87.1 2.5
    endloop
  endfacet
  facet normal -0.156548 0.98767 0
    outer loop
      vertex 199.994 83.9783 2.5
      vertex 199.5 83.9 6.5
      vertex 199.994 83.9783 6.5
    endloop
  endfacet
  facet normal -0.156548 0.98767 0
    outer loop
      vertex 199.5 83.9 6.5
      vertex 199.994 83.9783 2.5
      vertex 199.5 83.9 2.5
    endloop
  endfacet
  facet normal -0.454072 0.890965 0
    outer loop
      vertex 200.44 84.2056 2.5
      vertex 199.994 83.9783 6.5
      vertex 200.44 84.2056 6.5
    endloop
  endfacet
  facet normal -0.454072 0.890965 0
    outer loop
      vertex 199.994 83.9783 6.5
      vertex 200.44 84.2056 2.5
      vertex 199.994 83.9783 2.5
    endloop
  endfacet
  facet normal -0.707007 -0.707207 0
    outer loop
      vertex 200.44 86.7944 2.5
      vertex 200.794 86.4405 6.5
      vertex 200.44 86.7944 6.5
    endloop
  endfacet
  facet normal -0.707007 -0.707207 -0
    outer loop
      vertex 200.794 86.4405 6.5
      vertex 200.44 86.7944 2.5
      vertex 200.794 86.4405 2.5
    endloop
  endfacet
  facet normal -0.89044 -0.455101 0
    outer loop
      vertex 201.022 85.9944 2.5
      vertex 200.794 86.4405 6.5
      vertex 200.794 86.4405 2.5
    endloop
  endfacet
  facet normal -0.89044 -0.455101 0
    outer loop
      vertex 200.794 86.4405 6.5
      vertex 201.022 85.9944 2.5
      vertex 201.022 85.9944 6.5
    endloop
  endfacet
  facet normal -0.454072 -0.890965 0
    outer loop
      vertex 199.994 87.0217 2.5
      vertex 200.44 86.7944 6.5
      vertex 199.994 87.0217 6.5
    endloop
  endfacet
  facet normal -0.454072 -0.890965 -0
    outer loop
      vertex 200.44 86.7944 6.5
      vertex 199.994 87.0217 2.5
      vertex 200.44 86.7944 2.5
    endloop
  endfacet
  facet normal 0.707007 -0.707207 0
    outer loop
      vertex 198.206 86.4405 2.5
      vertex 198.56 86.7944 6.5
      vertex 198.206 86.4405 6.5
    endloop
  endfacet
  facet normal 0.707007 -0.707207 0
    outer loop
      vertex 198.56 86.7944 6.5
      vertex 198.206 86.4405 2.5
      vertex 198.56 86.7944 2.5
    endloop
  endfacet
  facet normal 0.89044 -0.455101 0
    outer loop
      vertex 197.978 85.9944 6.5
      vertex 198.206 86.4405 2.5
      vertex 198.206 86.4405 6.5
    endloop
  endfacet
  facet normal 0.89044 -0.455101 0
    outer loop
      vertex 198.206 86.4405 2.5
      vertex 197.978 85.9944 6.5
      vertex 197.978 85.9944 2.5
    endloop
  endfacet
  facet normal 0.454072 -0.890965 0
    outer loop
      vertex 198.56 86.7944 2.5
      vertex 199.006 87.0217 6.5
      vertex 198.56 86.7944 6.5
    endloop
  endfacet
  facet normal 0.454072 -0.890965 0
    outer loop
      vertex 199.006 87.0217 6.5
      vertex 198.56 86.7944 2.5
      vertex 199.006 87.0217 2.5
    endloop
  endfacet
  facet normal -0.156548 -0.98767 0
    outer loop
      vertex 199.5 87.1 2.5
      vertex 199.994 87.0217 6.5
      vertex 199.5 87.1 6.5
    endloop
  endfacet
  facet normal -0.156548 -0.98767 -0
    outer loop
      vertex 199.994 87.0217 6.5
      vertex 199.5 87.1 2.5
      vertex 199.994 87.0217 2.5
    endloop
  endfacet
  facet normal -0.987782 0.155839 0
    outer loop
      vertex 201.022 85.0056 2.5
      vertex 201.1 85.5 6.5
      vertex 201.1 85.5 2.5
    endloop
  endfacet
  facet normal -0.987782 0.155839 0
    outer loop
      vertex 201.1 85.5 6.5
      vertex 201.022 85.0056 2.5
      vertex 201.022 85.0056 6.5
    endloop
  endfacet
  facet normal -0.707007 0.707207 0
    outer loop
      vertex 200.794 84.5595 2.5
      vertex 200.44 84.2056 6.5
      vertex 200.794 84.5595 6.5
    endloop
  endfacet
  facet normal -0.707007 0.707207 0
    outer loop
      vertex 200.44 84.2056 6.5
      vertex 200.794 84.5595 2.5
      vertex 200.44 84.2056 2.5
    endloop
  endfacet
  facet normal -0.89044 0.455101 0
    outer loop
      vertex 200.794 84.5595 2.5
      vertex 201.022 85.0056 6.5
      vertex 201.022 85.0056 2.5
    endloop
  endfacet
  facet normal -0.89044 0.455101 0
    outer loop
      vertex 201.022 85.0056 6.5
      vertex 200.794 84.5595 2.5
      vertex 200.794 84.5595 6.5
    endloop
  endfacet
  facet normal 0.89044 0.455101 0
    outer loop
      vertex 198.206 84.5595 6.5
      vertex 197.978 85.0056 2.5
      vertex 197.978 85.0056 6.5
    endloop
  endfacet
  facet normal 0.89044 0.455101 0
    outer loop
      vertex 197.978 85.0056 2.5
      vertex 198.206 84.5595 6.5
      vertex 198.206 84.5595 2.5
    endloop
  endfacet
  facet normal 0.987782 0.155839 0
    outer loop
      vertex 197.978 85.0056 6.5
      vertex 197.9 85.5 2.5
      vertex 197.9 85.5 6.5
    endloop
  endfacet
  facet normal 0.987782 0.155839 0
    outer loop
      vertex 197.9 85.5 2.5
      vertex 197.978 85.0056 6.5
      vertex 197.978 85.0056 2.5
    endloop
  endfacet
  facet normal 0.156548 0.98767 -0
    outer loop
      vertex 199.5 83.9 2.5
      vertex 199.006 83.9783 6.5
      vertex 199.5 83.9 6.5
    endloop
  endfacet
  facet normal 0.156548 0.98767 0
    outer loop
      vertex 199.006 83.9783 6.5
      vertex 199.5 83.9 2.5
      vertex 199.006 83.9783 2.5
    endloop
  endfacet
  facet normal 0.707007 0.707207 -0
    outer loop
      vertex 198.56 84.2056 2.5
      vertex 198.206 84.5595 6.5
      vertex 198.56 84.2056 6.5
    endloop
  endfacet
  facet normal 0.707007 0.707207 0
    outer loop
      vertex 198.206 84.5595 6.5
      vertex 198.56 84.2056 2.5
      vertex 198.206 84.5595 2.5
    endloop
  endfacet
  facet normal 0.454072 0.890965 -0
    outer loop
      vertex 199.006 83.9783 2.5
      vertex 198.56 84.2056 6.5
      vertex 199.006 83.9783 6.5
    endloop
  endfacet
  facet normal 0.454072 0.890965 0
    outer loop
      vertex 198.56 84.2056 6.5
      vertex 199.006 83.9783 2.5
      vertex 198.56 84.2056 2.5
    endloop
  endfacet
  facet normal 0.991398 0.130881 0
    outer loop
      vertex 232.1 23.5 6.5
      vertex 231.977 24.4317 2.5
      vertex 231.977 24.4317 6.5
    endloop
  endfacet
  facet normal 0.991398 0.130881 0
    outer loop
      vertex 231.977 24.4317 2.5
      vertex 232.1 23.5 6.5
      vertex 232.1 23.5 2.5
    endloop
  endfacet
  facet normal 0.38274 0.923856 -0
    outer loop
      vertex 230.3 26.6177 2.5
      vertex 229.432 26.9773 6.5
      vertex 230.3 26.6177 6.5
    endloop
  endfacet
  facet normal 0.38274 0.923856 0
    outer loop
      vertex 229.432 26.9773 6.5
      vertex 230.3 26.6177 2.5
      vertex 229.432 26.9773 2.5
    endloop
  endfacet
  facet normal -0.38274 -0.923856 0
    outer loop
      vertex 226.7 20.3823 2.5
      vertex 227.568 20.0227 6.5
      vertex 226.7 20.3823 6.5
    endloop
  endfacet
  facet normal -0.38274 -0.923856 -0
    outer loop
      vertex 227.568 20.0227 6.5
      vertex 226.7 20.3823 2.5
      vertex 227.568 20.0227 2.5
    endloop
  endfacet
  facet normal 0.924128 0.382082 0
    outer loop
      vertex 231.977 24.4317 6.5
      vertex 231.618 25.3 2.5
      vertex 231.618 25.3 6.5
    endloop
  endfacet
  facet normal 0.924128 0.382082 0
    outer loop
      vertex 231.618 25.3 2.5
      vertex 231.977 24.4317 6.5
      vertex 231.977 24.4317 2.5
    endloop
  endfacet
  facet normal 0.130526 0.991445 -0
    outer loop
      vertex 229.432 26.9773 2.5
      vertex 228.5 27.1 6.5
      vertex 229.432 26.9773 6.5
    endloop
  endfacet
  facet normal 0.130526 0.991445 0
    outer loop
      vertex 228.5 27.1 6.5
      vertex 229.432 26.9773 2.5
      vertex 228.5 27.1 2.5
    endloop
  endfacet
  facet normal -0.38274 0.923856 0
    outer loop
      vertex 227.568 26.9773 2.5
      vertex 226.7 26.6177 6.5
      vertex 227.568 26.9773 6.5
    endloop
  endfacet
  facet normal -0.38274 0.923856 0
    outer loop
      vertex 226.7 26.6177 6.5
      vertex 227.568 26.9773 2.5
      vertex 226.7 26.6177 2.5
    endloop
  endfacet
  facet normal -0.793414 0.608682 0
    outer loop
      vertex 225.382 25.3 2.5
      vertex 225.954 26.0456 6.5
      vertex 225.954 26.0456 2.5
    endloop
  endfacet
  facet normal -0.793414 0.608682 0
    outer loop
      vertex 225.954 26.0456 6.5
      vertex 225.382 25.3 2.5
      vertex 225.382 25.3 6.5
    endloop
  endfacet
  facet normal -0.608543 0.793521 0
    outer loop
      vertex 226.7 26.6177 2.5
      vertex 225.954 26.0456 6.5
      vertex 226.7 26.6177 6.5
    endloop
  endfacet
  facet normal -0.608543 0.793521 0
    outer loop
      vertex 225.954 26.0456 6.5
      vertex 226.7 26.6177 2.5
      vertex 225.954 26.0456 2.5
    endloop
  endfacet
  facet normal 0.608543 -0.793521 0
    outer loop
      vertex 230.3 20.3823 2.5
      vertex 231.046 20.9544 6.5
      vertex 230.3 20.3823 6.5
    endloop
  endfacet
  facet normal 0.608543 -0.793521 0
    outer loop
      vertex 231.046 20.9544 6.5
      vertex 230.3 20.3823 2.5
      vertex 231.046 20.9544 2.5
    endloop
  endfacet
  facet normal -0.608543 -0.793521 0
    outer loop
      vertex 225.954 20.9544 2.5
      vertex 226.7 20.3823 6.5
      vertex 225.954 20.9544 6.5
    endloop
  endfacet
  facet normal -0.608543 -0.793521 -0
    outer loop
      vertex 226.7 20.3823 6.5
      vertex 225.954 20.9544 2.5
      vertex 226.7 20.3823 2.5
    endloop
  endfacet
  facet normal 0.793414 0.608682 0
    outer loop
      vertex 231.618 25.3 6.5
      vertex 231.046 26.0456 2.5
      vertex 231.046 26.0456 6.5
    endloop
  endfacet
  facet normal 0.793414 0.608682 0
    outer loop
      vertex 231.046 26.0456 2.5
      vertex 231.618 25.3 6.5
      vertex 231.618 25.3 2.5
    endloop
  endfacet
  facet normal 0.608543 0.793521 -0
    outer loop
      vertex 231.046 26.0456 2.5
      vertex 230.3 26.6177 6.5
      vertex 231.046 26.0456 6.5
    endloop
  endfacet
  facet normal 0.608543 0.793521 0
    outer loop
      vertex 230.3 26.6177 6.5
      vertex 231.046 26.0456 2.5
      vertex 230.3 26.6177 2.5
    endloop
  endfacet
  facet normal -0.991398 0.130881 0
    outer loop
      vertex 224.9 23.5 2.5
      vertex 225.023 24.4317 6.5
      vertex 225.023 24.4317 2.5
    endloop
  endfacet
  facet normal -0.991398 0.130881 0
    outer loop
      vertex 225.023 24.4317 6.5
      vertex 224.9 23.5 2.5
      vertex 224.9 23.5 6.5
    endloop
  endfacet
  facet normal -0.130526 0.991445 0
    outer loop
      vertex 228.5 27.1 2.5
      vertex 227.568 26.9773 6.5
      vertex 228.5 27.1 6.5
    endloop
  endfacet
  facet normal -0.130526 0.991445 0
    outer loop
      vertex 227.568 26.9773 6.5
      vertex 228.5 27.1 2.5
      vertex 227.568 26.9773 2.5
    endloop
  endfacet
  facet normal 0.924128 -0.382082 0
    outer loop
      vertex 231.618 21.7 6.5
      vertex 231.977 22.5683 2.5
      vertex 231.977 22.5683 6.5
    endloop
  endfacet
  facet normal 0.924128 -0.382082 0
    outer loop
      vertex 231.977 22.5683 2.5
      vertex 231.618 21.7 6.5
      vertex 231.618 21.7 2.5
    endloop
  endfacet
  facet normal 0.130526 -0.991445 0
    outer loop
      vertex 228.5 19.9 2.5
      vertex 229.432 20.0227 6.5
      vertex 228.5 19.9 6.5
    endloop
  endfacet
  facet normal 0.130526 -0.991445 0
    outer loop
      vertex 229.432 20.0227 6.5
      vertex 228.5 19.9 2.5
      vertex 229.432 20.0227 2.5
    endloop
  endfacet
  facet normal 0.38274 -0.923856 0
    outer loop
      vertex 229.432 20.0227 2.5
      vertex 230.3 20.3823 6.5
      vertex 229.432 20.0227 6.5
    endloop
  endfacet
  facet normal 0.38274 -0.923856 0
    outer loop
      vertex 230.3 20.3823 6.5
      vertex 229.432 20.0227 2.5
      vertex 230.3 20.3823 2.5
    endloop
  endfacet
  facet normal -0.130526 -0.991445 0
    outer loop
      vertex 227.568 20.0227 2.5
      vertex 228.5 19.9 6.5
      vertex 227.568 20.0227 6.5
    endloop
  endfacet
  facet normal -0.130526 -0.991445 -0
    outer loop
      vertex 228.5 19.9 6.5
      vertex 227.568 20.0227 2.5
      vertex 228.5 19.9 2.5
    endloop
  endfacet
  facet normal -0.793414 -0.608682 0
    outer loop
      vertex 225.954 20.9544 2.5
      vertex 225.382 21.7 6.5
      vertex 225.382 21.7 2.5
    endloop
  endfacet
  facet normal -0.793414 -0.608682 0
    outer loop
      vertex 225.382 21.7 6.5
      vertex 225.954 20.9544 2.5
      vertex 225.954 20.9544 6.5
    endloop
  endfacet
  facet normal -0.991398 -0.130881 0
    outer loop
      vertex 225.023 22.5683 2.5
      vertex 224.9 23.5 6.5
      vertex 224.9 23.5 2.5
    endloop
  endfacet
  facet normal -0.991398 -0.130881 0
    outer loop
      vertex 224.9 23.5 6.5
      vertex 225.023 22.5683 2.5
      vertex 225.023 22.5683 6.5
    endloop
  endfacet
  facet normal 0 0 1
    outer loop
      vertex 230.1 23.5 6.5
      vertex 232.1 23.5 6.5
      vertex 231.977 24.4317 6.5
    endloop
  endfacet
  facet normal 0 0 1
    outer loop
      vertex 230.022 23.9944 6.5
      vertex 231.977 24.4317 6.5
      vertex 231.618 25.3 6.5
    endloop
  endfacet
  facet normal 0 0 1
    outer loop
      vertex 232.1 23.5 6.5
      vertex 230.1 23.5 6.5
      vertex 231.977 22.5683 6.5
    endloop
  endfacet
  facet normal 0 0 1
    outer loop
      vertex 229.794 24.4405 6.5
      vertex 231.618 25.3 6.5
      vertex 231.046 26.0456 6.5
    endloop
  endfacet
  facet normal -0 0 1
    outer loop
      vertex 230.022 23.0056 6.5
      vertex 231.977 22.5683 6.5
      vertex 230.1 23.5 6.5
    endloop
  endfacet
  facet normal 0 0 1
    outer loop
      vertex 229.44 24.7944 6.5
      vertex 231.046 26.0456 6.5
      vertex 230.3 26.6177 6.5
    endloop
  endfacet
  facet normal 0 0 1
    outer loop
      vertex 231.977 22.5683 6.5
      vertex 230.022 23.0056 6.5
      vertex 231.618 21.7 6.5
    endloop
  endfacet
  facet normal -0 0 1
    outer loop
      vertex 229.794 22.5595 6.5
      vertex 231.618 21.7 6.5
      vertex 230.022 23.0056 6.5
    endloop
  endfacet
  facet normal 0 0 1
    outer loop
      vertex 231.977 24.4317 6.5
      vertex 230.022 23.9944 6.5
      vertex 230.1 23.5 6.5
    endloop
  endfacet
  facet normal 0 0 1
    outer loop
      vertex 231.618 25.3 6.5
      vertex 229.794 24.4405 6.5
      vertex 230.022 23.9944 6.5
    endloop
  endfacet
  facet normal 0 0 1
    outer loop
      vertex 231.046 26.0456 6.5
      vertex 229.44 24.7944 6.5
      vertex 229.794 24.4405 6.5
    endloop
  endfacet
  facet normal 0 0 1
    outer loop
      vertex 228.994 25.0217 6.5
      vertex 230.3 26.6177 6.5
      vertex 229.432 26.9773 6.5
    endloop
  endfacet
  facet normal 0 0 1
    outer loop
      vertex 230.3 26.6177 6.5
      vertex 228.994 25.0217 6.5
      vertex 229.44 24.7944 6.5
    endloop
  endfacet
  facet normal 0 0 1
    outer loop
      vertex 228.5 25.1 6.5
      vertex 229.432 26.9773 6.5
      vertex 228.5 27.1 6.5
    endloop
  endfacet
  facet normal 0 0 1
    outer loop
      vertex 229.432 26.9773 6.5
      vertex 228.5 25.1 6.5
      vertex 228.994 25.0217 6.5
    endloop
  endfacet
  facet normal -0 0 1
    outer loop
      vertex 227.568 26.9773 6.5
      vertex 228.5 25.1 6.5
      vertex 228.5 27.1 6.5
    endloop
  endfacet
  facet normal 0 0 1
    outer loop
      vertex 228.5 25.1 6.5
      vertex 227.568 26.9773 6.5
      vertex 228.006 25.0217 6.5
    endloop
  endfacet
  facet normal -0 0 1
    outer loop
      vertex 226.7 26.6177 6.5
      vertex 228.006 25.0217 6.5
      vertex 227.568 26.9773 6.5
    endloop
  endfacet
  facet normal 0 0 1
    outer loop
      vertex 228.006 25.0217 6.5
      vertex 226.7 26.6177 6.5
      vertex 227.56 24.7944 6.5
    endloop
  endfacet
  facet normal -0 0 1
    outer loop
      vertex 225.954 26.0456 6.5
      vertex 227.56 24.7944 6.5
      vertex 226.7 26.6177 6.5
    endloop
  endfacet
  facet normal -0 0 1
    outer loop
      vertex 225.382 25.3 6.5
      vertex 227.206 24.4405 6.5
      vertex 225.954 26.0456 6.5
    endloop
  endfacet
  facet normal 0 0 1
    outer loop
      vertex 227.56 24.7944 6.5
      vertex 225.954 26.0456 6.5
      vertex 227.206 24.4405 6.5
    endloop
  endfacet
  facet normal 0 0 1
    outer loop
      vertex 231.618 21.7 6.5
      vertex 229.794 22.5595 6.5
      vertex 231.046 20.9544 6.5
    endloop
  endfacet
  facet normal -0 0 1
    outer loop
      vertex 229.44 22.2056 6.5
      vertex 231.046 20.9544 6.5
      vertex 229.794 22.5595 6.5
    endloop
  endfacet
  facet normal 0 0 1
    outer loop
      vertex 231.046 20.9544 6.5
      vertex 229.44 22.2056 6.5
      vertex 230.3 20.3823 6.5
    endloop
  endfacet
  facet normal -0 0 1
    outer loop
      vertex 228.994 21.9783 6.5
      vertex 230.3 20.3823 6.5
      vertex 229.44 22.2056 6.5
    endloop
  endfacet
  facet normal 0 0 1
    outer loop
      vertex 230.3 20.3823 6.5
      vertex 228.994 21.9783 6.5
      vertex 229.432 20.0227 6.5
    endloop
  endfacet
  facet normal -0 0 1
    outer loop
      vertex 228.5 21.9 6.5
      vertex 229.432 20.0227 6.5
      vertex 228.994 21.9783 6.5
    endloop
  endfacet
  facet normal 0 0 1
    outer loop
      vertex 228.5 21.9 6.5
      vertex 228.5 19.9 6.5
      vertex 229.432 20.0227 6.5
    endloop
  endfacet
  facet normal 0 0 1
    outer loop
      vertex 227.568 20.0227 6.5
      vertex 228.5 21.9 6.5
      vertex 228.006 21.9783 6.5
    endloop
  endfacet
  facet normal 0 0 1
    outer loop
      vertex 228.5 21.9 6.5
      vertex 227.568 20.0227 6.5
      vertex 228.5 19.9 6.5
    endloop
  endfacet
  facet normal 0 0 1
    outer loop
      vertex 226.7 20.3823 6.5
      vertex 228.006 21.9783 6.5
      vertex 227.56 22.2056 6.5
    endloop
  endfacet
  facet normal 0 0 1
    outer loop
      vertex 225.954 20.9544 6.5
      vertex 227.56 22.2056 6.5
      vertex 227.206 22.5595 6.5
    endloop
  endfacet
  facet normal 0 0 1
    outer loop
      vertex 225.382 21.7 6.5
      vertex 227.206 22.5595 6.5
      vertex 226.978 23.0056 6.5
    endloop
  endfacet
  facet normal 0 0 1
    outer loop
      vertex 228.006 21.9783 6.5
      vertex 226.7 20.3823 6.5
      vertex 227.568 20.0227 6.5
    endloop
  endfacet
  facet normal 0 0 1
    outer loop
      vertex 225.023 22.5683 6.5
      vertex 226.978 23.0056 6.5
      vertex 226.9 23.5 6.5
    endloop
  endfacet
  facet normal 0 0 1
    outer loop
      vertex 227.206 24.4405 6.5
      vertex 225.382 25.3 6.5
      vertex 226.978 23.9944 6.5
    endloop
  endfacet
  facet normal -0 0 1
    outer loop
      vertex 225.023 24.4317 6.5
      vertex 226.978 23.9944 6.5
      vertex 225.382 25.3 6.5
    endloop
  endfacet
  facet normal 0 0 1
    outer loop
      vertex 227.56 22.2056 6.5
      vertex 225.954 20.9544 6.5
      vertex 226.7 20.3823 6.5
    endloop
  endfacet
  facet normal 0 0 1
    outer loop
      vertex 226.978 23.9944 6.5
      vertex 225.023 24.4317 6.5
      vertex 226.9 23.5 6.5
    endloop
  endfacet
  facet normal 0 0 1
    outer loop
      vertex 227.206 22.5595 6.5
      vertex 225.382 21.7 6.5
      vertex 225.954 20.9544 6.5
    endloop
  endfacet
  facet normal 0 0 1
    outer loop
      vertex 224.9 23.5 6.5
      vertex 226.9 23.5 6.5
      vertex 225.023 24.4317 6.5
    endloop
  endfacet
  facet normal 0 0 1
    outer loop
      vertex 226.978 23.0056 6.5
      vertex 225.023 22.5683 6.5
      vertex 225.382 21.7 6.5
    endloop
  endfacet
  facet normal 0 0 1
    outer loop
      vertex 226.9 23.5 6.5
      vertex 224.9 23.5 6.5
      vertex 225.023 22.5683 6.5
    endloop
  endfacet
  facet normal -0.924128 0.382082 0
    outer loop
      vertex 225.023 24.4317 2.5
      vertex 225.382 25.3 6.5
      vertex 225.382 25.3 2.5
    endloop
  endfacet
  facet normal -0.924128 0.382082 0
    outer loop
      vertex 225.382 25.3 6.5
      vertex 225.023 24.4317 2.5
      vertex 225.023 24.4317 6.5
    endloop
  endfacet
  facet normal 0.991398 -0.130881 0
    outer loop
      vertex 231.977 22.5683 6.5
      vertex 232.1 23.5 2.5
      vertex 232.1 23.5 6.5
    endloop
  endfacet
  facet normal 0.991398 -0.130881 0
    outer loop
      vertex 232.1 23.5 2.5
      vertex 231.977 22.5683 6.5
      vertex 231.977 22.5683 2.5
    endloop
  endfacet
  facet normal 0.793414 -0.608682 0
    outer loop
      vertex 231.046 20.9544 6.5
      vertex 231.618 21.7 2.5
      vertex 231.618 21.7 6.5
    endloop
  endfacet
  facet normal 0.793414 -0.608682 0
    outer loop
      vertex 231.618 21.7 2.5
      vertex 231.046 20.9544 6.5
      vertex 231.046 20.9544 2.5
    endloop
  endfacet
  facet normal -0.924128 -0.382082 0
    outer loop
      vertex 225.382 21.7 2.5
      vertex 225.023 22.5683 6.5
      vertex 225.023 22.5683 2.5
    endloop
  endfacet
  facet normal -0.924128 -0.382082 0
    outer loop
      vertex 225.023 22.5683 6.5
      vertex 225.382 21.7 2.5
      vertex 225.382 21.7 6.5
    endloop
  endfacet
  facet normal -0.987782 -0.155839 0
    outer loop
      vertex 230.1 23.5 2.5
      vertex 230.022 23.9944 6.5
      vertex 230.022 23.9944 2.5
    endloop
  endfacet
  facet normal -0.987782 -0.155839 0
    outer loop
      vertex 230.022 23.9944 6.5
      vertex 230.1 23.5 2.5
      vertex 230.1 23.5 6.5
    endloop
  endfacet
  facet normal 0.987782 -0.155839 0
    outer loop
      vertex 226.9 23.5 6.5
      vertex 226.978 23.9944 2.5
      vertex 226.978 23.9944 6.5
    endloop
  endfacet
  facet normal 0.987782 -0.155839 0
    outer loop
      vertex 226.978 23.9944 2.5
      vertex 226.9 23.5 6.5
      vertex 226.9 23.5 2.5
    endloop
  endfacet
  facet normal 0.156548 -0.98767 0
    outer loop
      vertex 228.006 25.0217 2.5
      vertex 228.5 25.1 6.5
      vertex 228.006 25.0217 6.5
    endloop
  endfacet
  facet normal 0.156548 -0.98767 0
    outer loop
      vertex 228.5 25.1 6.5
      vertex 228.006 25.0217 2.5
      vertex 228.5 25.1 2.5
    endloop
  endfacet
  facet normal -0.156548 0.98767 0
    outer loop
      vertex 228.994 21.9783 2.5
      vertex 228.5 21.9 6.5
      vertex 228.994 21.9783 6.5
    endloop
  endfacet
  facet normal -0.156548 0.98767 0
    outer loop
      vertex 228.5 21.9 6.5
      vertex 228.994 21.9783 2.5
      vertex 228.5 21.9 2.5
    endloop
  endfacet
  facet normal -0.454072 0.890965 0
    outer loop
      vertex 229.44 22.2056 2.5
      vertex 228.994 21.9783 6.5
      vertex 229.44 22.2056 6.5
    endloop
  endfacet
  facet normal -0.454072 0.890965 0
    outer loop
      vertex 228.994 21.9783 6.5
      vertex 229.44 22.2056 2.5
      vertex 228.994 21.9783 2.5
    endloop
  endfacet
  facet normal -0.707007 -0.707207 0
    outer loop
      vertex 229.44 24.7944 2.5
      vertex 229.794 24.4405 6.5
      vertex 229.44 24.7944 6.5
    endloop
  endfacet
  facet normal -0.707007 -0.707207 -0
    outer loop
      vertex 229.794 24.4405 6.5
      vertex 229.44 24.7944 2.5
      vertex 229.794 24.4405 2.5
    endloop
  endfacet
  facet normal -0.89044 -0.455101 0
    outer loop
      vertex 230.022 23.9944 2.5
      vertex 229.794 24.4405 6.5
      vertex 229.794 24.4405 2.5
    endloop
  endfacet
  facet normal -0.89044 -0.455101 0
    outer loop
      vertex 229.794 24.4405 6.5
      vertex 230.022 23.9944 2.5
      vertex 230.022 23.9944 6.5
    endloop
  endfacet
  facet normal -0.454072 -0.890965 0
    outer loop
      vertex 228.994 25.0217 2.5
      vertex 229.44 24.7944 6.5
      vertex 228.994 25.0217 6.5
    endloop
  endfacet
  facet normal -0.454072 -0.890965 -0
    outer loop
      vertex 229.44 24.7944 6.5
      vertex 228.994 25.0217 2.5
      vertex 229.44 24.7944 2.5
    endloop
  endfacet
  facet normal 0.707007 -0.707207 0
    outer loop
      vertex 227.206 24.4405 2.5
      vertex 227.56 24.7944 6.5
      vertex 227.206 24.4405 6.5
    endloop
  endfacet
  facet normal 0.707007 -0.707207 0
    outer loop
      vertex 227.56 24.7944 6.5
      vertex 227.206 24.4405 2.5
      vertex 227.56 24.7944 2.5
    endloop
  endfacet
  facet normal 0.89044 -0.455101 0
    outer loop
      vertex 226.978 23.9944 6.5
      vertex 227.206 24.4405 2.5
      vertex 227.206 24.4405 6.5
    endloop
  endfacet
  facet normal 0.89044 -0.455101 0
    outer loop
      vertex 227.206 24.4405 2.5
      vertex 226.978 23.9944 6.5
      vertex 226.978 23.9944 2.5
    endloop
  endfacet
  facet normal 0.454072 -0.890965 0
    outer loop
      vertex 227.56 24.7944 2.5
      vertex 228.006 25.0217 6.5
      vertex 227.56 24.7944 6.5
    endloop
  endfacet
  facet normal 0.454072 -0.890965 0
    outer loop
      vertex 228.006 25.0217 6.5
      vertex 227.56 24.7944 2.5
      vertex 228.006 25.0217 2.5
    endloop
  endfacet
  facet normal -0.156548 -0.98767 0
    outer loop
      vertex 228.5 25.1 2.5
      vertex 228.994 25.0217 6.5
      vertex 228.5 25.1 6.5
    endloop
  endfacet
  facet normal -0.156548 -0.98767 -0
    outer loop
      vertex 228.994 25.0217 6.5
      vertex 228.5 25.1 2.5
      vertex 228.994 25.0217 2.5
    endloop
  endfacet
  facet normal -0.987782 0.155839 0
    outer loop
      vertex 230.022 23.0056 2.5
      vertex 230.1 23.5 6.5
      vertex 230.1 23.5 2.5
    endloop
  endfacet
  facet normal -0.987782 0.155839 0
    outer loop
      vertex 230.1 23.5 6.5
      vertex 230.022 23.0056 2.5
      vertex 230.022 23.0056 6.5
    endloop
  endfacet
  facet normal -0.707007 0.707207 0
    outer loop
      vertex 229.794 22.5595 2.5
      vertex 229.44 22.2056 6.5
      vertex 229.794 22.5595 6.5
    endloop
  endfacet
  facet normal -0.707007 0.707207 0
    outer loop
      vertex 229.44 22.2056 6.5
      vertex 229.794 22.5595 2.5
      vertex 229.44 22.2056 2.5
    endloop
  endfacet
  facet normal -0.89044 0.455101 0
    outer loop
      vertex 229.794 22.5595 2.5
      vertex 230.022 23.0056 6.5
      vertex 230.022 23.0056 2.5
    endloop
  endfacet
  facet normal -0.89044 0.455101 0
    outer loop
      vertex 230.022 23.0056 6.5
      vertex 229.794 22.5595 2.5
      vertex 229.794 22.5595 6.5
    endloop
  endfacet
  facet normal 0.89044 0.455101 0
    outer loop
      vertex 227.206 22.5595 6.5
      vertex 226.978 23.0056 2.5
      vertex 226.978 23.0056 6.5
    endloop
  endfacet
  facet normal 0.89044 0.455101 0
    outer loop
      vertex 226.978 23.0056 2.5
      vertex 227.206 22.5595 6.5
      vertex 227.206 22.5595 2.5
    endloop
  endfacet
  facet normal 0.987782 0.155839 0
    outer loop
      vertex 226.978 23.0056 6.5
      vertex 226.9 23.5 2.5
      vertex 226.9 23.5 6.5
    endloop
  endfacet
  facet normal 0.987782 0.155839 0
    outer loop
      vertex 226.9 23.5 2.5
      vertex 226.978 23.0056 6.5
      vertex 226.978 23.0056 2.5
    endloop
  endfacet
  facet normal 0.156548 0.98767 -0
    outer loop
      vertex 228.5 21.9 2.5
      vertex 228.006 21.9783 6.5
      vertex 228.5 21.9 6.5
    endloop
  endfacet
  facet normal 0.156548 0.98767 0
    outer loop
      vertex 228.006 21.9783 6.5
      vertex 228.5 21.9 2.5
      vertex 228.006 21.9783 2.5
    endloop
  endfacet
  facet normal 0.707007 0.707207 -0
    outer loop
      vertex 227.56 22.2056 2.5
      vertex 227.206 22.5595 6.5
      vertex 227.56 22.2056 6.5
    endloop
  endfacet
  facet normal 0.707007 0.707207 0
    outer loop
      vertex 227.206 22.5595 6.5
      vertex 227.56 22.2056 2.5
      vertex 227.206 22.5595 2.5
    endloop
  endfacet
  facet normal 0.454072 0.890965 -0
    outer loop
      vertex 228.006 21.9783 2.5
      vertex 227.56 22.2056 6.5
      vertex 228.006 21.9783 6.5
    endloop
  endfacet
  facet normal 0.454072 0.890965 0
    outer loop
      vertex 227.56 22.2056 6.5
      vertex 228.006 21.9783 2.5
      vertex 227.56 22.2056 2.5
    endloop
  endfacet
  facet normal -1 0 0
    outer loop
      vertex 196 111.5 2.5
      vertex 196 112.547 6.5
      vertex 196 112.547 2.5
    endloop
  endfacet
  facet normal -1 -0 0
    outer loop
      vertex 196 112.547 6.5
      vertex 196 111.5 2.5
      vertex 196 111.5 6.5
    endloop
  endfacet
  facet normal -1 0 0
    outer loop
      vertex 196 116.453 2.5
      vertex 196 139.5 6.5
      vertex 196 139.5 2.5
    endloop
  endfacet
  facet normal -1 -0 0
    outer loop
      vertex 196 139.5 6.5
      vertex 196 116.453 2.5
      vertex 196 116.453 6.5
    endloop
  endfacet
  facet normal -0 0 1
    outer loop
      vertex 231.546 111.954 6.5
      vertex 232 111.5 6.5
      vertex 232 112.547 6.5
    endloop
  endfacet
  facet normal 0 0 1
    outer loop
      vertex 232 111.5 6.5
      vertex 231.546 111.954 6.5
      vertex 230.953 111.5 6.5
    endloop
  endfacet
  facet normal 0 0 1
    outer loop
      vertex 196.454 111.954 6.5
      vertex 196 111.5 6.5
      vertex 197.047 111.5 6.5
    endloop
  endfacet
  facet normal 0 0 1
    outer loop
      vertex 196 111.5 6.5
      vertex 196.454 111.954 6.5
      vertex 196 112.547 6.5
    endloop
  endfacet
  facet normal 0 0 1
    outer loop
      vertex 232 139.5 6.5
      vertex 231.546 117.046 6.5
      vertex 232 116.453 6.5
    endloop
  endfacet
  facet normal 0 0 1
    outer loop
      vertex 232 139.5 6.5
      vertex 230.8 117.618 6.5
      vertex 231.546 117.046 6.5
    endloop
  endfacet
  facet normal -0 0 1
    outer loop
      vertex 228 135.5 6.5
      vertex 230.8 117.618 6.5
      vertex 232 139.5 6.5
    endloop
  endfacet
  facet normal 0 0 1
    outer loop
      vertex 230.8 117.618 6.5
      vertex 228 135.5 6.5
      vertex 229.932 117.977 6.5
    endloop
  endfacet
  facet normal 0 0 1
    outer loop
      vertex 229.932 117.977 6.5
      vertex 228 135.5 6.5
      vertex 229 118.1 6.5
    endloop
  endfacet
  facet normal 0 0 1
    outer loop
      vertex 229 118.1 6.5
      vertex 228 135.5 6.5
      vertex 228.068 117.977 6.5
    endloop
  endfacet
  facet normal 0 0 1
    outer loop
      vertex 232 139.5 6.5
      vertex 200 135.5 6.5
      vertex 228 135.5 6.5
    endloop
  endfacet
  facet normal 0 0 1
    outer loop
      vertex 200 135.5 6.5
      vertex 199.932 117.977 6.5
      vertex 200 117.949 6.5
    endloop
  endfacet
  facet normal 0 0 1
    outer loop
      vertex 200 135.5 6.5
      vertex 199 118.1 6.5
      vertex 199.932 117.977 6.5
    endloop
  endfacet
  facet normal 0 0 1
    outer loop
      vertex 200 135.5 6.5
      vertex 198.068 117.977 6.5
      vertex 199 118.1 6.5
    endloop
  endfacet
  facet normal 0 0 1
    outer loop
      vertex 200 135.5 6.5
      vertex 197.2 117.618 6.5
      vertex 198.068 117.977 6.5
    endloop
  endfacet
  facet normal 0 0 1
    outer loop
      vertex 200 135.5 6.5
      vertex 196.454 117.046 6.5
      vertex 197.2 117.618 6.5
    endloop
  endfacet
  facet normal -0 0 1
    outer loop
      vertex 196 139.5 6.5
      vertex 200 135.5 6.5
      vertex 232 139.5 6.5
    endloop
  endfacet
  facet normal 0 0 1
    outer loop
      vertex 196 139.5 6.5
      vertex 196.454 117.046 6.5
      vertex 200 135.5 6.5
    endloop
  endfacet
  facet normal 0 0 1
    outer loop
      vertex 196.454 117.046 6.5
      vertex 196 139.5 6.5
      vertex 196 116.453 6.5
    endloop
  endfacet
  facet normal 0 0 1
    outer loop
      vertex 228.068 117.977 6.5
      vertex 228 135.5 6.5
      vertex 228 117.949 6.5
    endloop
  endfacet
  facet normal 0 0 1
    outer loop
      vertex 200 115.735 6.5
      vertex 199.94 115.794 6.5
      vertex 200 115.5 6.5
    endloop
  endfacet
  facet normal 0 0 1
    outer loop
      vertex 200 115.5 6.5
      vertex 200.6 114.5 6.5
      vertex 200.522 114.994 6.5
    endloop
  endfacet
  facet normal 0 0 1
    outer loop
      vertex 200 115.5 6.5
      vertex 200.522 114.994 6.5
      vertex 200.294 115.44 6.5
    endloop
  endfacet
  facet normal 0 0 1
    outer loop
      vertex 200.6 114.5 6.5
      vertex 200 115.5 6.5
      vertex 200.522 114.006 6.5
    endloop
  endfacet
  facet normal -0 0 1
    outer loop
      vertex 200 115.5 6.5
      vertex 200.294 115.44 6.5
      vertex 200.235 115.5 6.5
    endloop
  endfacet
  facet normal 0 0 1
    outer loop
      vertex 200.522 114.006 6.5
      vertex 200 115.5 6.5
      vertex 200.294 113.56 6.5
    endloop
  endfacet
  facet normal 0 0 1
    outer loop
      vertex 199.494 116.022 6.5
      vertex 200 115.5 6.5
      vertex 199.94 115.794 6.5
    endloop
  endfacet
  facet normal 0 0 1
    outer loop
      vertex 200 115.5 6.5
      vertex 199.94 113.206 6.5
      vertex 200.294 113.56 6.5
    endloop
  endfacet
  facet normal 0 0 1
    outer loop
      vertex 199 116.1 6.5
      vertex 200 115.5 6.5
      vertex 199.494 116.022 6.5
    endloop
  endfacet
  facet normal 0 0 1
    outer loop
      vertex 200 115.5 6.5
      vertex 199.494 112.978 6.5
      vertex 199.94 113.206 6.5
    endloop
  endfacet
  facet normal -0 0 1
    outer loop
      vertex 198.506 116.022 6.5
      vertex 200 115.5 6.5
      vertex 199 116.1 6.5
    endloop
  endfacet
  facet normal 0 0 1
    outer loop
      vertex 200 115.5 6.5
      vertex 199 112.9 6.5
      vertex 199.494 112.978 6.5
    endloop
  endfacet
  facet normal -0 0 1
    outer loop
      vertex 198.06 115.794 6.5
      vertex 200 115.5 6.5
      vertex 198.506 116.022 6.5
    endloop
  endfacet
  facet normal 0 0 1
    outer loop
      vertex 200 115.5 6.5
      vertex 198.506 112.978 6.5
      vertex 199 112.9 6.5
    endloop
  endfacet
  facet normal 0 0 1
    outer loop
      vertex 197.706 115.44 6.5
      vertex 200 115.5 6.5
      vertex 198.06 115.794 6.5
    endloop
  endfacet
  facet normal 0 0 1
    outer loop
      vertex 200 115.5 6.5
      vertex 198.06 113.206 6.5
      vertex 198.506 112.978 6.5
    endloop
  endfacet
  facet normal 0 0 1
    outer loop
      vertex 197.478 114.994 6.5
      vertex 200 115.5 6.5
      vertex 197.706 115.44 6.5
    endloop
  endfacet
  facet normal 0 0 1
    outer loop
      vertex 200 115.5 6.5
      vertex 197.706 113.56 6.5
      vertex 198.06 113.206 6.5
    endloop
  endfacet
  facet normal 0 0 1
    outer loop
      vertex 197.4 114.5 6.5
      vertex 200 115.5 6.5
      vertex 197.478 114.994 6.5
    endloop
  endfacet
  facet normal 0 0 1
    outer loop
      vertex 200 115.5 6.5
      vertex 197.478 114.006 6.5
      vertex 197.706 113.56 6.5
    endloop
  endfacet
  facet normal 0 0 1
    outer loop
      vertex 200 115.5 6.5
      vertex 197.4 114.5 6.5
      vertex 197.478 114.006 6.5
    endloop
  endfacet
  facet normal 0 0 1
    outer loop
      vertex 228 115.5 6.5
      vertex 230.6 114.5 6.5
      vertex 230.522 114.994 6.5
    endloop
  endfacet
  facet normal 0 0 1
    outer loop
      vertex 228 115.5 6.5
      vertex 230.522 114.994 6.5
      vertex 230.294 115.44 6.5
    endloop
  endfacet
  facet normal 0 0 1
    outer loop
      vertex 230.6 114.5 6.5
      vertex 228 115.5 6.5
      vertex 230.522 114.006 6.5
    endloop
  endfacet
  facet normal -0 0 1
    outer loop
      vertex 228 115.5 6.5
      vertex 230.294 115.44 6.5
      vertex 229.94 115.794 6.5
    endloop
  endfacet
  facet normal 0 0 1
    outer loop
      vertex 230.522 114.006 6.5
      vertex 228 115.5 6.5
      vertex 230.294 113.56 6.5
    endloop
  endfacet
  facet normal 0 0 1
    outer loop
      vertex 228 115.5 6.5
      vertex 229.94 115.794 6.5
      vertex 229.494 116.022 6.5
    endloop
  endfacet
  facet normal 0 0 1
    outer loop
      vertex 230.294 113.56 6.5
      vertex 228 115.5 6.5
      vertex 229.94 113.206 6.5
    endloop
  endfacet
  facet normal 0 0 1
    outer loop
      vertex 228 115.5 6.5
      vertex 229.494 116.022 6.5
      vertex 229 116.1 6.5
    endloop
  endfacet
  facet normal 0 0 1
    outer loop
      vertex 229.94 113.206 6.5
      vertex 228 115.5 6.5
      vertex 229.494 112.978 6.5
    endloop
  endfacet
  facet normal 0 0 1
    outer loop
      vertex 228 115.5 6.5
      vertex 229 116.1 6.5
      vertex 228.506 116.022 6.5
    endloop
  endfacet
  facet normal 0 0 1
    outer loop
      vertex 229.494 112.978 6.5
      vertex 228 115.5 6.5
      vertex 229 112.9 6.5
    endloop
  endfacet
  facet normal 0 0 1
    outer loop
      vertex 228 115.5 6.5
      vertex 228.506 116.022 6.5
      vertex 228.06 115.794 6.5
    endloop
  endfacet
  facet normal 0 0 1
    outer loop
      vertex 229 112.9 6.5
      vertex 228 115.5 6.5
      vertex 228.506 112.978 6.5
    endloop
  endfacet
  facet normal 0 0 1
    outer loop
      vertex 228 115.5 6.5
      vertex 228.06 115.794 6.5
      vertex 228 115.735 6.5
    endloop
  endfacet
  facet normal 0 0 1
    outer loop
      vertex 228.506 112.978 6.5
      vertex 228 115.5 6.5
      vertex 228.06 113.206 6.5
    endloop
  endfacet
  facet normal 0 0 1
    outer loop
      vertex 227.706 115.44 6.5
      vertex 228 115.5 6.5
      vertex 227.765 115.5 6.5
    endloop
  endfacet
  facet normal 0 0 1
    outer loop
      vertex 228 115.5 6.5
      vertex 227.706 115.44 6.5
      vertex 227.478 114.994 6.5
    endloop
  endfacet
  facet normal 0 0 1
    outer loop
      vertex 228 115.5 6.5
      vertex 227.706 113.56 6.5
      vertex 228.06 113.206 6.5
    endloop
  endfacet
  facet normal 0 0 1
    outer loop
      vertex 228 115.5 6.5
      vertex 227.478 114.994 6.5
      vertex 227.4 114.5 6.5
    endloop
  endfacet
  facet normal 0 0 1
    outer loop
      vertex 228 115.5 6.5
      vertex 227.478 114.006 6.5
      vertex 227.706 113.56 6.5
    endloop
  endfacet
  facet normal 0 0 1
    outer loop
      vertex 228 115.5 6.5
      vertex 227.4 114.5 6.5
      vertex 227.478 114.006 6.5
    endloop
  endfacet
  facet normal 0 0 1
    outer loop
      vertex 225.523 115.432 6.5
      vertex 202.6 114.5 6.5
      vertex 225.4 114.5 6.5
    endloop
  endfacet
  facet normal 0 0 1
    outer loop
      vertex 202.477 115.432 6.5
      vertex 225.523 115.432 6.5
      vertex 225.551 115.5 6.5
    endloop
  endfacet
  facet normal 0 0 1
    outer loop
      vertex 225.523 115.432 6.5
      vertex 202.477 115.432 6.5
      vertex 202.6 114.5 6.5
    endloop
  endfacet
  facet normal 0 -0 1
    outer loop
      vertex 202.477 115.432 6.5
      vertex 225.551 115.5 6.5
      vertex 202.449 115.5 6.5
    endloop
  endfacet
  facet normal -0 0 1
    outer loop
      vertex 202.6 114.5 6.5
      vertex 225.523 113.568 6.5
      vertex 225.4 114.5 6.5
    endloop
  endfacet
  facet normal 0 0 1
    outer loop
      vertex 202.477 113.568 6.5
      vertex 225.523 113.568 6.5
      vertex 202.6 114.5 6.5
    endloop
  endfacet
  facet normal 0 0 1
    outer loop
      vertex 225.523 113.568 6.5
      vertex 202.477 113.568 6.5
      vertex 225.882 112.7 6.5
    endloop
  endfacet
  facet normal 0 0 1
    outer loop
      vertex 202.118 112.7 6.5
      vertex 225.882 112.7 6.5
      vertex 202.477 113.568 6.5
    endloop
  endfacet
  facet normal 0 0 1
    outer loop
      vertex 225.882 112.7 6.5
      vertex 202.118 112.7 6.5
      vertex 226.454 111.954 6.5
    endloop
  endfacet
  facet normal 0 0 1
    outer loop
      vertex 201.546 111.954 6.5
      vertex 226.454 111.954 6.5
      vertex 202.118 112.7 6.5
    endloop
  endfacet
  facet normal 0 0 1
    outer loop
      vertex 226.454 111.954 6.5
      vertex 201.546 111.954 6.5
      vertex 227.047 111.5 6.5
    endloop
  endfacet
  facet normal 0 0 1
    outer loop
      vertex 227.047 111.5 6.5
      vertex 201.546 111.954 6.5
      vertex 200.953 111.5 6.5
    endloop
  endfacet
  facet normal 1 -0 0
    outer loop
      vertex 232 111.5 6.5
      vertex 232 112.547 2.5
      vertex 232 112.547 6.5
    endloop
  endfacet
  facet normal 1 0 0
    outer loop
      vertex 232 112.547 2.5
      vertex 232 111.5 6.5
      vertex 232 111.5 2.5
    endloop
  endfacet
  facet normal 1 -0 0
    outer loop
      vertex 232 116.453 6.5
      vertex 232 139.5 2.5
      vertex 232 139.5 6.5
    endloop
  endfacet
  facet normal 1 0 0
    outer loop
      vertex 232 139.5 2.5
      vertex 232 116.453 6.5
      vertex 232 116.453 2.5
    endloop
  endfacet
  facet normal 0 1 -0
    outer loop
      vertex 232 139.5 2.5
      vertex 196 139.5 6.5
      vertex 232 139.5 6.5
    endloop
  endfacet
  facet normal 0 1 0
    outer loop
      vertex 196 139.5 6.5
      vertex 232 139.5 2.5
      vertex 196 139.5 2.5
    endloop
  endfacet
  facet normal 0 -1 0
    outer loop
      vertex 230.953 111.5 2.5
      vertex 232 111.5 6.5
      vertex 230.953 111.5 6.5
    endloop
  endfacet
  facet normal 0 -1 -0
    outer loop
      vertex 232 111.5 6.5
      vertex 230.953 111.5 2.5
      vertex 232 111.5 2.5
    endloop
  endfacet
  facet normal 0 -1 0
    outer loop
      vertex 196 111.5 2.5
      vertex 197.047 111.5 6.5
      vertex 196 111.5 6.5
    endloop
  endfacet
  facet normal 0 -1 -0
    outer loop
      vertex 197.047 111.5 6.5
      vertex 196 111.5 2.5
      vertex 197.047 111.5 2.5
    endloop
  endfacet
  facet normal 0 -1 0
    outer loop
      vertex 200.953 111.5 2.5
      vertex 227.047 111.5 6.5
      vertex 200.953 111.5 6.5
    endloop
  endfacet
  facet normal 0 -1 -0
    outer loop
      vertex 227.047 111.5 6.5
      vertex 200.953 111.5 2.5
      vertex 227.047 111.5 2.5
    endloop
  endfacet
  facet normal 1 -0 0
    outer loop
      vertex 200 115.5 6.5
      vertex 200 115.735 2.5
      vertex 200 115.735 6.5
    endloop
  endfacet
  facet normal 1 0 0
    outer loop
      vertex 200 115.735 2.5
      vertex 200 115.5 6.5
      vertex 200 115.5 2.5
    endloop
  endfacet
  facet normal 1 -0 0
    outer loop
      vertex 200 117.949 6.5
      vertex 200 135.5 2.5
      vertex 200 135.5 6.5
    endloop
  endfacet
  facet normal 1 0 0
    outer loop
      vertex 200 135.5 2.5
      vertex 200 117.949 6.5
      vertex 200 117.949 2.5
    endloop
  endfacet
  facet normal -1 0 0
    outer loop
      vertex 228 115.5 2.5
      vertex 228 115.735 6.5
      vertex 228 115.735 2.5
    endloop
  endfacet
  facet normal -1 -0 0
    outer loop
      vertex 228 115.735 6.5
      vertex 228 115.5 2.5
      vertex 228 115.5 6.5
    endloop
  endfacet
  facet normal -1 0 0
    outer loop
      vertex 228 117.949 2.5
      vertex 228 135.5 6.5
      vertex 228 135.5 2.5
    endloop
  endfacet
  facet normal -1 -0 0
    outer loop
      vertex 228 135.5 6.5
      vertex 228 117.949 2.5
      vertex 228 117.949 6.5
    endloop
  endfacet
  facet normal 0 1 -0
    outer loop
      vertex 200.235 115.5 2.5
      vertex 200 115.5 6.5
      vertex 200.235 115.5 6.5
    endloop
  endfacet
  facet normal 0 1 0
    outer loop
      vertex 200 115.5 6.5
      vertex 200.235 115.5 2.5
      vertex 200 115.5 2.5
    endloop
  endfacet
  facet normal 0 1 -0
    outer loop
      vertex 228 115.5 2.5
      vertex 227.765 115.5 6.5
      vertex 228 115.5 6.5
    endloop
  endfacet
  facet normal 0 1 0
    outer loop
      vertex 227.765 115.5 6.5
      vertex 228 115.5 2.5
      vertex 227.765 115.5 2.5
    endloop
  endfacet
  facet normal 0 1 -0
    outer loop
      vertex 225.551 115.5 2.5
      vertex 202.449 115.5 6.5
      vertex 225.551 115.5 6.5
    endloop
  endfacet
  facet normal 0 1 0
    outer loop
      vertex 202.449 115.5 6.5
      vertex 225.551 115.5 2.5
      vertex 202.449 115.5 2.5
    endloop
  endfacet
  facet normal 0 -1 0
    outer loop
      vertex 200 135.5 2.5
      vertex 228 135.5 6.5
      vertex 200 135.5 6.5
    endloop
  endfacet
  facet normal 0 -1 -0
    outer loop
      vertex 228 135.5 6.5
      vertex 200 135.5 2.5
      vertex 228 135.5 2.5
    endloop
  endfacet
  facet normal 0.991404 0.13084 0
    outer loop
      vertex 202.6 114.5 9.5
      vertex 202.477 115.432 6.5
      vertex 202.477 115.432 9.5
    endloop
  endfacet
  facet normal 0.991404 0.13084 0
    outer loop
      vertex 202.477 115.432 6.5
      vertex 202.6 114.5 9.5
      vertex 202.6 114.5 6.5
    endloop
  endfacet
  facet normal -0.991404 0.13084 0
    outer loop
      vertex 195.4 114.5 2.5
      vertex 195.523 115.432 9.5
      vertex 195.523 115.432 2.5
    endloop
  endfacet
  facet normal -0.991404 0.13084 0
    outer loop
      vertex 195.523 115.432 9.5
      vertex 195.4 114.5 2.5
      vertex 195.4 114.5 9.5
    endloop
  endfacet
  facet normal 0.13084 0.991404 -0
    outer loop
      vertex 199.932 117.977 6.5
      vertex 199 118.1 9.5
      vertex 199.932 117.977 9.5
    endloop
  endfacet
  facet normal 0.13084 0.991404 0
    outer loop
      vertex 199 118.1 9.5
      vertex 199.932 117.977 6.5
      vertex 199 118.1 6.5
    endloop
  endfacet
  facet normal 0.608476 0.793572 -0
    outer loop
      vertex 201.546 117.046 2.5
      vertex 200.8 117.618 9.5
      vertex 201.546 117.046 9.5
    endloop
  endfacet
  facet normal 0.608476 0.793572 0
    outer loop
      vertex 200.8 117.618 9.5
      vertex 201.546 117.046 2.5
      vertex 200.8 117.618 2.5
    endloop
  endfacet
  facet normal 0.924031 0.382318 0
    outer loop
      vertex 202.118 116.3 9.5
      vertex 202.449 115.5 6.5
      vertex 202.118 116.3 2.5
    endloop
  endfacet
  facet normal 0.924082 0.382195 3.8326e-05
    outer loop
      vertex 202.477 115.432 9.5
      vertex 202.449 115.5 6.5
      vertex 202.118 116.3 9.5
    endloop
  endfacet
  facet normal 0.924678 0.38075 0
    outer loop
      vertex 202.449 115.5 6.5
      vertex 202.477 115.432 9.5
      vertex 202.477 115.432 6.5
    endloop
  endfacet
  facet normal 0.924031 0.382318 0
    outer loop
      vertex 202.118 116.3 2.5
      vertex 202.449 115.5 6.5
      vertex 202.449 115.5 2.5
    endloop
  endfacet
  facet normal 0.382195 0.924082 3.8326e-05
    outer loop
      vertex 200.8 117.618 9.5
      vertex 200 117.949 6.5
      vertex 199.932 117.977 9.5
    endloop
  endfacet
  facet normal 0.382318 0.924031 -0
    outer loop
      vertex 200.8 117.618 2.5
      vertex 200 117.949 6.5
      vertex 200.8 117.618 9.5
    endloop
  endfacet
  facet normal 0.382318 0.924031 0
    outer loop
      vertex 200 117.949 6.5
      vertex 200.8 117.618 2.5
      vertex 200 117.949 2.5
    endloop
  endfacet
  facet normal 0.38075 0.924678 0
    outer loop
      vertex 199.932 117.977 9.5
      vertex 200 117.949 6.5
      vertex 199.932 117.977 6.5
    endloop
  endfacet
  facet normal -0.608476 0.793572 0
    outer loop
      vertex 197.2 117.618 6.5
      vertex 196.454 117.046 9.5
      vertex 197.2 117.618 9.5
    endloop
  endfacet
  facet normal -0.608476 0.793572 0
    outer loop
      vertex 196.454 117.046 9.5
      vertex 197.2 117.618 6.5
      vertex 196.454 117.046 6.5
    endloop
  endfacet
  facet normal -0.791854 0.610711 0
    outer loop
      vertex 196 116.453 2.5
      vertex 195.882 116.3 2.5
      vertex 196 116.453 6.5
    endloop
  endfacet
  facet normal -0.794016 0.607897 0
    outer loop
      vertex 196 116.453 6.5
      vertex 196.454 117.046 9.5
      vertex 196.454 117.046 6.5
    endloop
  endfacet
  facet normal -0.793572 0.608476 -0.00018155
    outer loop
      vertex 196 116.453 6.5
      vertex 195.882 116.3 9.5
      vertex 196.454 117.046 9.5
    endloop
  endfacet
  facet normal -0.791854 0.610711 0
    outer loop
      vertex 195.882 116.3 9.5
      vertex 196 116.453 6.5
      vertex 195.882 116.3 2.5
    endloop
  endfacet
  facet normal -0.382195 0.924082 0
    outer loop
      vertex 198.068 117.977 6.5
      vertex 197.2 117.618 9.5
      vertex 198.068 117.977 9.5
    endloop
  endfacet
  facet normal -0.382195 0.924082 0
    outer loop
      vertex 197.2 117.618 9.5
      vertex 198.068 117.977 6.5
      vertex 197.2 117.618 6.5
    endloop
  endfacet
  facet normal 0.924082 -0.382195 0
    outer loop
      vertex 202.118 112.7 9.5
      vertex 202.477 113.568 6.5
      vertex 202.477 113.568 9.5
    endloop
  endfacet
  facet normal 0.924082 -0.382195 0
    outer loop
      vertex 202.477 113.568 6.5
      vertex 202.118 112.7 9.5
      vertex 202.118 112.7 6.5
    endloop
  endfacet
  facet normal -0.607897 -0.794016 0
    outer loop
      vertex 197.047 111.5 6.5
      vertex 196.454 111.954 9.5
      vertex 196.454 111.954 6.5
    endloop
  endfacet
  facet normal -0.608476 -0.793572 -0.00018155
    outer loop
      vertex 196.454 111.954 9.5
      vertex 197.047 111.5 6.5
      vertex 197.2 111.382 9.5
    endloop
  endfacet
  facet normal -0.610711 -0.791854 0
    outer loop
      vertex 197.2 111.382 2.5
      vertex 197.047 111.5 6.5
      vertex 197.047 111.5 2.5
    endloop
  endfacet
  facet normal -0.610711 -0.791854 0
    outer loop
      vertex 197.047 111.5 6.5
      vertex 197.2 111.382 2.5
      vertex 197.2 111.382 9.5
    endloop
  endfacet
  facet normal 0.793572 0.608476 0
    outer loop
      vertex 202.118 116.3 9.5
      vertex 201.546 117.046 2.5
      vertex 201.546 117.046 9.5
    endloop
  endfacet
  facet normal 0.793572 0.608476 0
    outer loop
      vertex 201.546 117.046 2.5
      vertex 202.118 116.3 9.5
      vertex 202.118 116.3 2.5
    endloop
  endfacet
  facet normal -0.924082 0.382195 0
    outer loop
      vertex 195.523 115.432 2.5
      vertex 195.882 116.3 9.5
      vertex 195.882 116.3 2.5
    endloop
  endfacet
  facet normal -0.924082 0.382195 0
    outer loop
      vertex 195.882 116.3 9.5
      vertex 195.523 115.432 2.5
      vertex 195.523 115.432 9.5
    endloop
  endfacet
  facet normal -0.13084 0.991404 0
    outer loop
      vertex 199 118.1 6.5
      vertex 198.068 117.977 9.5
      vertex 199 118.1 9.5
    endloop
  endfacet
  facet normal -0.13084 0.991404 0
    outer loop
      vertex 198.068 117.977 9.5
      vertex 199 118.1 6.5
      vertex 198.068 117.977 6.5
    endloop
  endfacet
  facet normal 0.991404 -0.13084 0
    outer loop
      vertex 202.477 113.568 9.5
      vertex 202.6 114.5 6.5
      vertex 202.6 114.5 9.5
    endloop
  endfacet
  facet normal 0.991404 -0.13084 0
    outer loop
      vertex 202.6 114.5 6.5
      vertex 202.477 113.568 9.5
      vertex 202.477 113.568 6.5
    endloop
  endfacet
  facet normal 0.13084 -0.991404 0
    outer loop
      vertex 199 110.9 2.5
      vertex 199.932 111.023 9.5
      vertex 199 110.9 9.5
    endloop
  endfacet
  facet normal 0.13084 -0.991404 0
    outer loop
      vertex 199.932 111.023 9.5
      vertex 199 110.9 2.5
      vertex 199.932 111.023 2.5
    endloop
  endfacet
  facet normal 0.608476 -0.793572 -0.00018155
    outer loop
      vertex 200.8 111.382 9.5
      vertex 200.953 111.5 6.5
      vertex 201.546 111.954 9.5
    endloop
  endfacet
  facet normal 0.610711 -0.791854 0
    outer loop
      vertex 200.8 111.382 2.5
      vertex 200.953 111.5 6.5
      vertex 200.8 111.382 9.5
    endloop
  endfacet
  facet normal 0.610711 -0.791854 0
    outer loop
      vertex 200.953 111.5 6.5
      vertex 200.8 111.382 2.5
      vertex 200.953 111.5 2.5
    endloop
  endfacet
  facet normal 0.607897 -0.794016 0
    outer loop
      vertex 201.546 111.954 9.5
      vertex 200.953 111.5 6.5
      vertex 201.546 111.954 6.5
    endloop
  endfacet
  facet normal -0.382195 -0.924082 0
    outer loop
      vertex 197.2 111.382 2.5
      vertex 198.068 111.023 9.5
      vertex 197.2 111.382 9.5
    endloop
  endfacet
  facet normal -0.382195 -0.924082 -0
    outer loop
      vertex 198.068 111.023 9.5
      vertex 197.2 111.382 2.5
      vertex 198.068 111.023 2.5
    endloop
  endfacet
  facet normal -0.791854 -0.610711 -0
    outer loop
      vertex 196 112.547 6.5
      vertex 195.882 112.7 2.5
      vertex 196 112.547 2.5
    endloop
  endfacet
  facet normal -0.791854 -0.610711 0
    outer loop
      vertex 195.882 112.7 2.5
      vertex 196 112.547 6.5
      vertex 195.882 112.7 9.5
    endloop
  endfacet
  facet normal -0.794016 -0.607897 -0
    outer loop
      vertex 196.454 111.954 9.5
      vertex 196 112.547 6.5
      vertex 196.454 111.954 6.5
    endloop
  endfacet
  facet normal -0.793572 -0.608476 -0.00018155
    outer loop
      vertex 196 112.547 6.5
      vertex 196.454 111.954 9.5
      vertex 195.882 112.7 9.5
    endloop
  endfacet
  facet normal -0.991404 -0.13084 0
    outer loop
      vertex 195.523 113.568 2.5
      vertex 195.4 114.5 9.5
      vertex 195.4 114.5 2.5
    endloop
  endfacet
  facet normal -0.991404 -0.13084 0
    outer loop
      vertex 195.4 114.5 9.5
      vertex 195.523 113.568 2.5
      vertex 195.523 113.568 9.5
    endloop
  endfacet
  facet normal 0.382195 -0.924082 0
    outer loop
      vertex 199.932 111.023 2.5
      vertex 200.8 111.382 9.5
      vertex 199.932 111.023 9.5
    endloop
  endfacet
  facet normal 0.382195 -0.924082 0
    outer loop
      vertex 200.8 111.382 9.5
      vertex 199.932 111.023 2.5
      vertex 200.8 111.382 2.5
    endloop
  endfacet
  facet normal 0.793572 -0.608476 0
    outer loop
      vertex 201.546 111.954 9.5
      vertex 202.118 112.7 6.5
      vertex 202.118 112.7 9.5
    endloop
  endfacet
  facet normal 0.793572 -0.608476 0
    outer loop
      vertex 202.118 112.7 6.5
      vertex 201.546 111.954 9.5
      vertex 201.546 111.954 6.5
    endloop
  endfacet
  facet normal -0.13084 -0.991404 0
    outer loop
      vertex 198.068 111.023 2.5
      vertex 199 110.9 9.5
      vertex 198.068 111.023 9.5
    endloop
  endfacet
  facet normal -0.13084 -0.991404 -0
    outer loop
      vertex 199 110.9 9.5
      vertex 198.068 111.023 2.5
      vertex 199 110.9 2.5
    endloop
  endfacet
  facet normal -0.924082 -0.382195 0
    outer loop
      vertex 195.882 112.7 2.5
      vertex 195.523 113.568 9.5
      vertex 195.523 113.568 2.5
    endloop
  endfacet
  facet normal -0.924082 -0.382195 0
    outer loop
      vertex 195.523 113.568 9.5
      vertex 195.882 112.7 2.5
      vertex 195.882 112.7 9.5
    endloop
  endfacet
  facet normal 0 0 1
    outer loop
      vertex 200.6 114.5 9.5
      vertex 202.6 114.5 9.5
      vertex 202.477 115.432 9.5
    endloop
  endfacet
  facet normal 0 0 1
    outer loop
      vertex 200.522 114.994 9.5
      vertex 202.477 115.432 9.5
      vertex 202.118 116.3 9.5
    endloop
  endfacet
  facet normal 0 0 1
    outer loop
      vertex 202.6 114.5 9.5
      vertex 200.6 114.5 9.5
      vertex 202.477 113.568 9.5
    endloop
  endfacet
  facet normal 0 0 1
    outer loop
      vertex 200.294 115.44 9.5
      vertex 202.118 116.3 9.5
      vertex 201.546 117.046 9.5
    endloop
  endfacet
  facet normal -0 0 1
    outer loop
      vertex 200.522 114.006 9.5
      vertex 202.477 113.568 9.5
      vertex 200.6 114.5 9.5
    endloop
  endfacet
  facet normal 0 0 1
    outer loop
      vertex 199.94 115.794 9.5
      vertex 201.546 117.046 9.5
      vertex 200.8 117.618 9.5
    endloop
  endfacet
  facet normal 0 0 1
    outer loop
      vertex 202.477 113.568 9.5
      vertex 200.522 114.006 9.5
      vertex 202.118 112.7 9.5
    endloop
  endfacet
  facet normal -0 0 1
    outer loop
      vertex 200.294 113.56 9.5
      vertex 202.118 112.7 9.5
      vertex 200.522 114.006 9.5
    endloop
  endfacet
  facet normal 0 0 1
    outer loop
      vertex 202.477 115.432 9.5
      vertex 200.522 114.994 9.5
      vertex 200.6 114.5 9.5
    endloop
  endfacet
  facet normal 0 0 1
    outer loop
      vertex 202.118 116.3 9.5
      vertex 200.294 115.44 9.5
      vertex 200.522 114.994 9.5
    endloop
  endfacet
  facet normal 0 0 1
    outer loop
      vertex 201.546 117.046 9.5
      vertex 199.94 115.794 9.5
      vertex 200.294 115.44 9.5
    endloop
  endfacet
  facet normal 0 0 1
    outer loop
      vertex 199.494 116.022 9.5
      vertex 200.8 117.618 9.5
      vertex 199.932 117.977 9.5
    endloop
  endfacet
  facet normal 0 0 1
    outer loop
      vertex 200.8 117.618 9.5
      vertex 199.494 116.022 9.5
      vertex 199.94 115.794 9.5
    endloop
  endfacet
  facet normal 0 0 1
    outer loop
      vertex 199 116.1 9.5
      vertex 199.932 117.977 9.5
      vertex 199 118.1 9.5
    endloop
  endfacet
  facet normal 0 0 1
    outer loop
      vertex 199.932 117.977 9.5
      vertex 199 116.1 9.5
      vertex 199.494 116.022 9.5
    endloop
  endfacet
  facet normal -0 0 1
    outer loop
      vertex 198.068 117.977 9.5
      vertex 199 116.1 9.5
      vertex 199 118.1 9.5
    endloop
  endfacet
  facet normal 0 0 1
    outer loop
      vertex 199 116.1 9.5
      vertex 198.068 117.977 9.5
      vertex 198.506 116.022 9.5
    endloop
  endfacet
  facet normal -0 0 1
    outer loop
      vertex 197.2 117.618 9.5
      vertex 198.506 116.022 9.5
      vertex 198.068 117.977 9.5
    endloop
  endfacet
  facet normal 0 0 1
    outer loop
      vertex 198.506 116.022 9.5
      vertex 197.2 117.618 9.5
      vertex 198.06 115.794 9.5
    endloop
  endfacet
  facet normal -0 0 1
    outer loop
      vertex 196.454 117.046 9.5
      vertex 198.06 115.794 9.5
      vertex 197.2 117.618 9.5
    endloop
  endfacet
  facet normal -0 0 1
    outer loop
      vertex 195.882 116.3 9.5
      vertex 197.706 115.44 9.5
      vertex 196.454 117.046 9.5
    endloop
  endfacet
  facet normal 0 0 1
    outer loop
      vertex 198.06 115.794 9.5
      vertex 196.454 117.046 9.5
      vertex 197.706 115.44 9.5
    endloop
  endfacet
  facet normal 0 0 1
    outer loop
      vertex 202.118 112.7 9.5
      vertex 200.294 113.56 9.5
      vertex 201.546 111.954 9.5
    endloop
  endfacet
  facet normal -0 0 1
    outer loop
      vertex 199.94 113.206 9.5
      vertex 201.546 111.954 9.5
      vertex 200.294 113.56 9.5
    endloop
  endfacet
  facet normal 0 0 1
    outer loop
      vertex 201.546 111.954 9.5
      vertex 199.94 113.206 9.5
      vertex 200.8 111.382 9.5
    endloop
  endfacet
  facet normal -0 0 1
    outer loop
      vertex 199.494 112.978 9.5
      vertex 200.8 111.382 9.5
      vertex 199.94 113.206 9.5
    endloop
  endfacet
  facet normal 0 0 1
    outer loop
      vertex 200.8 111.382 9.5
      vertex 199.494 112.978 9.5
      vertex 199.932 111.023 9.5
    endloop
  endfacet
  facet normal -0 0 1
    outer loop
      vertex 199 112.9 9.5
      vertex 199.932 111.023 9.5
      vertex 199.494 112.978 9.5
    endloop
  endfacet
  facet normal 0 0 1
    outer loop
      vertex 199 112.9 9.5
      vertex 199 110.9 9.5
      vertex 199.932 111.023 9.5
    endloop
  endfacet
  facet normal 0 0 1
    outer loop
      vertex 198.068 111.023 9.5
      vertex 199 112.9 9.5
      vertex 198.506 112.978 9.5
    endloop
  endfacet
  facet normal 0 0 1
    outer loop
      vertex 199 112.9 9.5
      vertex 198.068 111.023 9.5
      vertex 199 110.9 9.5
    endloop
  endfacet
  facet normal 0 0 1
    outer loop
      vertex 197.2 111.382 9.5
      vertex 198.506 112.978 9.5
      vertex 198.06 113.206 9.5
    endloop
  endfacet
  facet normal 0 0 1
    outer loop
      vertex 196.454 111.954 9.5
      vertex 198.06 113.206 9.5
      vertex 197.706 113.56 9.5
    endloop
  endfacet
  facet normal 0 0 1
    outer loop
      vertex 195.882 112.7 9.5
      vertex 197.706 113.56 9.5
      vertex 197.478 114.006 9.5
    endloop
  endfacet
  facet normal 0 0 1
    outer loop
      vertex 198.506 112.978 9.5
      vertex 197.2 111.382 9.5
      vertex 198.068 111.023 9.5
    endloop
  endfacet
  facet normal 0 0 1
    outer loop
      vertex 195.523 113.568 9.5
      vertex 197.478 114.006 9.5
      vertex 197.4 114.5 9.5
    endloop
  endfacet
  facet normal 0 0 1
    outer loop
      vertex 197.706 115.44 9.5
      vertex 195.882 116.3 9.5
      vertex 197.478 114.994 9.5
    endloop
  endfacet
  facet normal -0 0 1
    outer loop
      vertex 195.523 115.432 9.5
      vertex 197.478 114.994 9.5
      vertex 195.882 116.3 9.5
    endloop
  endfacet
  facet normal 0 0 1
    outer loop
      vertex 198.06 113.206 9.5
      vertex 196.454 111.954 9.5
      vertex 197.2 111.382 9.5
    endloop
  endfacet
  facet normal 0 0 1
    outer loop
      vertex 197.478 114.994 9.5
      vertex 195.523 115.432 9.5
      vertex 197.4 114.5 9.5
    endloop
  endfacet
  facet normal 0 0 1
    outer loop
      vertex 197.706 113.56 9.5
      vertex 195.882 112.7 9.5
      vertex 196.454 111.954 9.5
    endloop
  endfacet
  facet normal 0 0 1
    outer loop
      vertex 195.4 114.5 9.5
      vertex 197.4 114.5 9.5
      vertex 195.523 115.432 9.5
    endloop
  endfacet
  facet normal 0 0 1
    outer loop
      vertex 197.478 114.006 9.5
      vertex 195.523 113.568 9.5
      vertex 195.882 112.7 9.5
    endloop
  endfacet
  facet normal 0 0 1
    outer loop
      vertex 197.4 114.5 9.5
      vertex 195.4 114.5 9.5
      vertex 195.523 113.568 9.5
    endloop
  endfacet
  facet normal -0.987763 -0.155963 0
    outer loop
      vertex 200.6 114.5 6.5
      vertex 200.522 114.994 9.5
      vertex 200.522 114.994 6.5
    endloop
  endfacet
  facet normal -0.987763 -0.155963 0
    outer loop
      vertex 200.522 114.994 9.5
      vertex 200.6 114.5 6.5
      vertex 200.6 114.5 9.5
    endloop
  endfacet
  facet normal 0.987763 -0.155963 0
    outer loop
      vertex 197.4 114.5 9.5
      vertex 197.478 114.994 6.5
      vertex 197.478 114.994 9.5
    endloop
  endfacet
  facet normal 0.987763 -0.155963 0
    outer loop
      vertex 197.478 114.994 6.5
      vertex 197.4 114.5 9.5
      vertex 197.4 114.5 6.5
    endloop
  endfacet
  facet normal 0.155963 -0.987763 0
    outer loop
      vertex 198.506 116.022 6.5
      vertex 199 116.1 9.5
      vertex 198.506 116.022 9.5
    endloop
  endfacet
  facet normal 0.155963 -0.987763 0
    outer loop
      vertex 199 116.1 9.5
      vertex 198.506 116.022 6.5
      vertex 199 116.1 6.5
    endloop
  endfacet
  facet normal -0.155963 0.987763 0
    outer loop
      vertex 199.494 112.978 6.5
      vertex 199 112.9 9.5
      vertex 199.494 112.978 9.5
    endloop
  endfacet
  facet normal -0.155963 0.987763 0
    outer loop
      vertex 199 112.9 9.5
      vertex 199.494 112.978 6.5
      vertex 199 112.9 6.5
    endloop
  endfacet
  facet normal -0.455181 0.890399 0
    outer loop
      vertex 199.94 113.206 6.5
      vertex 199.494 112.978 9.5
      vertex 199.94 113.206 9.5
    endloop
  endfacet
  facet normal -0.455181 0.890399 0
    outer loop
      vertex 199.494 112.978 9.5
      vertex 199.94 113.206 6.5
      vertex 199.494 112.978 6.5
    endloop
  endfacet
  facet normal -0.707107 -0.707107 0
    outer loop
      vertex 200 115.735 2.5
      vertex 200.235 115.5 6.5
      vertex 200 115.735 6.5
    endloop
  endfacet
  facet normal -0.707107 -0.707107 -0
    outer loop
      vertex 200.235 115.5 6.5
      vertex 200 115.735 2.5
      vertex 200.235 115.5 2.5
    endloop
  endfacet
  facet normal -0.70114 -0.713024 0
    outer loop
      vertex 200 115.735 6.5
      vertex 199.94 115.794 9.5
      vertex 199.94 115.794 6.5
    endloop
  endfacet
  facet normal -0.707107 -0.707107 -0.000235702
    outer loop
      vertex 199.94 115.794 9.5
      vertex 200 115.735 6.5
      vertex 200.294 115.44 9.5
    endloop
  endfacet
  facet normal -0.707107 -0.707107 -0.000235702
    outer loop
      vertex 200.235 115.5 6.5
      vertex 200.294 115.44 9.5
      vertex 200 115.735 6.5
    endloop
  endfacet
  facet normal -0.713024 -0.70114 -0
    outer loop
      vertex 200.294 115.44 9.5
      vertex 200.235 115.5 6.5
      vertex 200.294 115.44 6.5
    endloop
  endfacet
  facet normal -0.890399 -0.455181 0
    outer loop
      vertex 200.522 114.994 6.5
      vertex 200.294 115.44 9.5
      vertex 200.294 115.44 6.5
    endloop
  endfacet
  facet normal -0.890399 -0.455181 0
    outer loop
      vertex 200.294 115.44 9.5
      vertex 200.522 114.994 6.5
      vertex 200.522 114.994 9.5
    endloop
  endfacet
  facet normal -0.455181 -0.890399 0
    outer loop
      vertex 199.494 116.022 6.5
      vertex 199.94 115.794 9.5
      vertex 199.494 116.022 9.5
    endloop
  endfacet
  facet normal -0.455181 -0.890399 -0
    outer loop
      vertex 199.94 115.794 9.5
      vertex 199.494 116.022 6.5
      vertex 199.94 115.794 6.5
    endloop
  endfacet
  facet normal 0.707107 -0.707107 0
    outer loop
      vertex 197.706 115.44 6.5
      vertex 198.06 115.794 9.5
      vertex 197.706 115.44 9.5
    endloop
  endfacet
  facet normal 0.707107 -0.707107 0
    outer loop
      vertex 198.06 115.794 9.5
      vertex 197.706 115.44 6.5
      vertex 198.06 115.794 6.5
    endloop
  endfacet
  facet normal 0.890399 -0.455181 0
    outer loop
      vertex 197.478 114.994 9.5
      vertex 197.706 115.44 6.5
      vertex 197.706 115.44 9.5
    endloop
  endfacet
  facet normal 0.890399 -0.455181 0
    outer loop
      vertex 197.706 115.44 6.5
      vertex 197.478 114.994 9.5
      vertex 197.478 114.994 6.5
    endloop
  endfacet
  facet normal 0.455181 -0.890399 0
    outer loop
      vertex 198.06 115.794 6.5
      vertex 198.506 116.022 9.5
      vertex 198.06 115.794 9.5
    endloop
  endfacet
  facet normal 0.455181 -0.890399 0
    outer loop
      vertex 198.506 116.022 9.5
      vertex 198.06 115.794 6.5
      vertex 198.506 116.022 6.5
    endloop
  endfacet
  facet normal -0.155963 -0.987763 0
    outer loop
      vertex 199 116.1 6.5
      vertex 199.494 116.022 9.5
      vertex 199 116.1 9.5
    endloop
  endfacet
  facet normal -0.155963 -0.987763 -0
    outer loop
      vertex 199.494 116.022 9.5
      vertex 199 116.1 6.5
      vertex 199.494 116.022 6.5
    endloop
  endfacet
  facet normal -0.987763 0.155963 0
    outer loop
      vertex 200.522 114.006 6.5
      vertex 200.6 114.5 9.5
      vertex 200.6 114.5 6.5
    endloop
  endfacet
  facet normal -0.987763 0.155963 0
    outer loop
      vertex 200.6 114.5 9.5
      vertex 200.522 114.006 6.5
      vertex 200.522 114.006 9.5
    endloop
  endfacet
  facet normal -0.707107 0.707107 0
    outer loop
      vertex 200.294 113.56 6.5
      vertex 199.94 113.206 9.5
      vertex 200.294 113.56 9.5
    endloop
  endfacet
  facet normal -0.707107 0.707107 0
    outer loop
      vertex 199.94 113.206 9.5
      vertex 200.294 113.56 6.5
      vertex 199.94 113.206 6.5
    endloop
  endfacet
  facet normal -0.890399 0.455181 0
    outer loop
      vertex 200.294 113.56 6.5
      vertex 200.522 114.006 9.5
      vertex 200.522 114.006 6.5
    endloop
  endfacet
  facet normal -0.890399 0.455181 0
    outer loop
      vertex 200.522 114.006 9.5
      vertex 200.294 113.56 6.5
      vertex 200.294 113.56 9.5
    endloop
  endfacet
  facet normal 0.890399 0.455181 0
    outer loop
      vertex 197.706 113.56 9.5
      vertex 197.478 114.006 6.5
      vertex 197.478 114.006 9.5
    endloop
  endfacet
  facet normal 0.890399 0.455181 0
    outer loop
      vertex 197.478 114.006 6.5
      vertex 197.706 113.56 9.5
      vertex 197.706 113.56 6.5
    endloop
  endfacet
  facet normal 0.987763 0.155963 0
    outer loop
      vertex 197.478 114.006 9.5
      vertex 197.4 114.5 6.5
      vertex 197.4 114.5 9.5
    endloop
  endfacet
  facet normal 0.987763 0.155963 0
    outer loop
      vertex 197.4 114.5 6.5
      vertex 197.478 114.006 9.5
      vertex 197.478 114.006 6.5
    endloop
  endfacet
  facet normal 0.155963 0.987763 -0
    outer loop
      vertex 199 112.9 6.5
      vertex 198.506 112.978 9.5
      vertex 199 112.9 9.5
    endloop
  endfacet
  facet normal 0.155963 0.987763 0
    outer loop
      vertex 198.506 112.978 9.5
      vertex 199 112.9 6.5
      vertex 198.506 112.978 6.5
    endloop
  endfacet
  facet normal 0.707107 0.707107 -0
    outer loop
      vertex 198.06 113.206 6.5
      vertex 197.706 113.56 9.5
      vertex 198.06 113.206 9.5
    endloop
  endfacet
  facet normal 0.707107 0.707107 0
    outer loop
      vertex 197.706 113.56 9.5
      vertex 198.06 113.206 6.5
      vertex 197.706 113.56 6.5
    endloop
  endfacet
  facet normal 0.455181 0.890399 -0
    outer loop
      vertex 198.506 112.978 6.5
      vertex 198.06 113.206 9.5
      vertex 198.506 112.978 9.5
    endloop
  endfacet
  facet normal 0.455181 0.890399 0
    outer loop
      vertex 198.06 113.206 9.5
      vertex 198.506 112.978 6.5
      vertex 198.06 113.206 6.5
    endloop
  endfacet
  facet normal 0.991404 0.13084 0
    outer loop
      vertex 232.6 114.5 9.5
      vertex 232.477 115.432 2.5
      vertex 232.477 115.432 9.5
    endloop
  endfacet
  facet normal 0.991404 0.13084 0
    outer loop
      vertex 232.477 115.432 2.5
      vertex 232.6 114.5 9.5
      vertex 232.6 114.5 2.5
    endloop
  endfacet
  facet normal -0.991404 0.13084 0
    outer loop
      vertex 225.4 114.5 6.5
      vertex 225.523 115.432 9.5
      vertex 225.523 115.432 6.5
    endloop
  endfacet
  facet normal -0.991404 0.13084 0
    outer loop
      vertex 225.523 115.432 9.5
      vertex 225.4 114.5 6.5
      vertex 225.4 114.5 9.5
    endloop
  endfacet
  facet normal 0.13084 0.991404 -0
    outer loop
      vertex 229.932 117.977 6.5
      vertex 229 118.1 9.5
      vertex 229.932 117.977 9.5
    endloop
  endfacet
  facet normal 0.13084 0.991404 0
    outer loop
      vertex 229 118.1 9.5
      vertex 229.932 117.977 6.5
      vertex 229 118.1 6.5
    endloop
  endfacet
  facet normal 0.608476 0.793572 -0
    outer loop
      vertex 231.546 117.046 6.5
      vertex 230.8 117.618 9.5
      vertex 231.546 117.046 9.5
    endloop
  endfacet
  facet normal 0.608476 0.793572 0
    outer loop
      vertex 230.8 117.618 9.5
      vertex 231.546 117.046 6.5
      vertex 230.8 117.618 6.5
    endloop
  endfacet
  facet normal 0.924082 0.382195 0
    outer loop
      vertex 232.477 115.432 9.5
      vertex 232.118 116.3 2.5
      vertex 232.118 116.3 9.5
    endloop
  endfacet
  facet normal 0.924082 0.382195 0
    outer loop
      vertex 232.118 116.3 2.5
      vertex 232.477 115.432 9.5
      vertex 232.477 115.432 2.5
    endloop
  endfacet
  facet normal 0.382195 0.924082 -0
    outer loop
      vertex 230.8 117.618 6.5
      vertex 229.932 117.977 9.5
      vertex 230.8 117.618 9.5
    endloop
  endfacet
  facet normal 0.382195 0.924082 0
    outer loop
      vertex 229.932 117.977 9.5
      vertex 230.8 117.618 6.5
      vertex 229.932 117.977 6.5
    endloop
  endfacet
  facet normal -0.608476 0.793572 0
    outer loop
      vertex 227.2 117.618 2.5
      vertex 226.454 117.046 9.5
      vertex 227.2 117.618 9.5
    endloop
  endfacet
  facet normal -0.608476 0.793572 0
    outer loop
      vertex 226.454 117.046 9.5
      vertex 227.2 117.618 2.5
      vertex 226.454 117.046 2.5
    endloop
  endfacet
  facet normal -0.793572 0.608476 0
    outer loop
      vertex 225.882 116.3 2.5
      vertex 226.454 117.046 9.5
      vertex 226.454 117.046 2.5
    endloop
  endfacet
  facet normal -0.793572 0.608476 0
    outer loop
      vertex 226.454 117.046 9.5
      vertex 225.882 116.3 2.5
      vertex 225.882 116.3 9.5
    endloop
  endfacet
  facet normal -0.38075 0.924678 0
    outer loop
      vertex 228 117.949 6.5
      vertex 228.068 117.977 9.5
      vertex 228.068 117.977 6.5
    endloop
  endfacet
  facet normal -0.382195 0.924082 3.8326e-05
    outer loop
      vertex 228.068 117.977 9.5
      vertex 228 117.949 6.5
      vertex 227.2 117.618 9.5
    endloop
  endfacet
  facet normal -0.382318 0.924031 0
    outer loop
      vertex 227.2 117.618 2.5
      vertex 228 117.949 6.5
      vertex 228 117.949 2.5
    endloop
  endfacet
  facet normal -0.382318 0.924031 0
    outer loop
      vertex 228 117.949 6.5
      vertex 227.2 117.618 2.5
      vertex 227.2 117.618 9.5
    endloop
  endfacet
  facet normal 0.924082 -0.382195 0
    outer loop
      vertex 232.118 112.7 9.5
      vertex 232.477 113.568 2.5
      vertex 232.477 113.568 9.5
    endloop
  endfacet
  facet normal 0.924082 -0.382195 0
    outer loop
      vertex 232.477 113.568 2.5
      vertex 232.118 112.7 9.5
      vertex 232.118 112.7 2.5
    endloop
  endfacet
  facet normal -0.607897 -0.794016 0
    outer loop
      vertex 227.047 111.5 6.5
      vertex 226.454 111.954 9.5
      vertex 226.454 111.954 6.5
    endloop
  endfacet
  facet normal -0.608476 -0.793572 -0.00018155
    outer loop
      vertex 226.454 111.954 9.5
      vertex 227.047 111.5 6.5
      vertex 227.2 111.382 9.5
    endloop
  endfacet
  facet normal -0.610711 -0.791854 0
    outer loop
      vertex 227.2 111.382 2.5
      vertex 227.047 111.5 6.5
      vertex 227.047 111.5 2.5
    endloop
  endfacet
  facet normal -0.610711 -0.791854 0
    outer loop
      vertex 227.047 111.5 6.5
      vertex 227.2 111.382 2.5
      vertex 227.2 111.382 9.5
    endloop
  endfacet
  facet normal 0.794016 0.607897 0
    outer loop
      vertex 231.546 117.046 9.5
      vertex 232 116.453 6.5
      vertex 231.546 117.046 6.5
    endloop
  endfacet
  facet normal 0.793572 0.608476 -0.00018155
    outer loop
      vertex 232.118 116.3 9.5
      vertex 232 116.453 6.5
      vertex 231.546 117.046 9.5
    endloop
  endfacet
  facet normal 0.791854 0.610711 -0
    outer loop
      vertex 232.118 116.3 2.5
      vertex 232 116.453 6.5
      vertex 232.118 116.3 9.5
    endloop
  endfacet
  facet normal 0.791854 0.610711 0
    outer loop
      vertex 232 116.453 6.5
      vertex 232.118 116.3 2.5
      vertex 232 116.453 2.5
    endloop
  endfacet
  facet normal -0.924031 0.382318 0
    outer loop
      vertex 225.551 115.5 6.5
      vertex 225.882 116.3 2.5
      vertex 225.551 115.5 2.5
    endloop
  endfacet
  facet normal -0.924031 0.382318 0
    outer loop
      vertex 225.882 116.3 2.5
      vertex 225.551 115.5 6.5
      vertex 225.882 116.3 9.5
    endloop
  endfacet
  facet normal -0.924678 0.38075 0
    outer loop
      vertex 225.523 115.432 9.5
      vertex 225.551 115.5 6.5
      vertex 225.523 115.432 6.5
    endloop
  endfacet
  facet normal -0.924082 0.382195 3.8326e-05
    outer loop
      vertex 225.551 115.5 6.5
      vertex 225.523 115.432 9.5
      vertex 225.882 116.3 9.5
    endloop
  endfacet
  facet normal -0.13084 0.991404 0
    outer loop
      vertex 229 118.1 6.5
      vertex 228.068 117.977 9.5
      vertex 229 118.1 9.5
    endloop
  endfacet
  facet normal -0.13084 0.991404 0
    outer loop
      vertex 228.068 117.977 9.5
      vertex 229 118.1 6.5
      vertex 228.068 117.977 6.5
    endloop
  endfacet
  facet normal 0.991404 -0.13084 0
    outer loop
      vertex 232.477 113.568 9.5
      vertex 232.6 114.5 2.5
      vertex 232.6 114.5 9.5
    endloop
  endfacet
  facet normal 0.991404 -0.13084 0
    outer loop
      vertex 232.6 114.5 2.5
      vertex 232.477 113.568 9.5
      vertex 232.477 113.568 2.5
    endloop
  endfacet
  facet normal 0.13084 -0.991404 0
    outer loop
      vertex 229 110.9 2.5
      vertex 229.932 111.023 9.5
      vertex 229 110.9 9.5
    endloop
  endfacet
  facet normal 0.13084 -0.991404 0
    outer loop
      vertex 229.932 111.023 9.5
      vertex 229 110.9 2.5
      vertex 229.932 111.023 2.5
    endloop
  endfacet
  facet normal 0.608476 -0.793572 -0.00018155
    outer loop
      vertex 230.8 111.382 9.5
      vertex 230.953 111.5 6.5
      vertex 231.546 111.954 9.5
    endloop
  endfacet
  facet normal 0.610711 -0.791854 0
    outer loop
      vertex 230.8 111.382 2.5
      vertex 230.953 111.5 6.5
      vertex 230.8 111.382 9.5
    endloop
  endfacet
  facet normal 0.610711 -0.791854 0
    outer loop
      vertex 230.953 111.5 6.5
      vertex 230.8 111.382 2.5
      vertex 230.953 111.5 2.5
    endloop
  endfacet
  facet normal 0.607897 -0.794016 0
    outer loop
      vertex 231.546 111.954 9.5
      vertex 230.953 111.5 6.5
      vertex 231.546 111.954 6.5
    endloop
  endfacet
  facet normal -0.382195 -0.924082 0
    outer loop
      vertex 227.2 111.382 2.5
      vertex 228.068 111.023 9.5
      vertex 227.2 111.382 9.5
    endloop
  endfacet
  facet normal -0.382195 -0.924082 -0
    outer loop
      vertex 228.068 111.023 9.5
      vertex 227.2 111.382 2.5
      vertex 228.068 111.023 2.5
    endloop
  endfacet
  facet normal -0.793572 -0.608476 0
    outer loop
      vertex 226.454 111.954 6.5
      vertex 225.882 112.7 9.5
      vertex 225.882 112.7 6.5
    endloop
  endfacet
  facet normal -0.793572 -0.608476 0
    outer loop
      vertex 225.882 112.7 9.5
      vertex 226.454 111.954 6.5
      vertex 226.454 111.954 9.5
    endloop
  endfacet
  facet normal -0.991404 -0.13084 0
    outer loop
      vertex 225.523 113.568 6.5
      vertex 225.4 114.5 9.5
      vertex 225.4 114.5 6.5
    endloop
  endfacet
  facet normal -0.991404 -0.13084 0
    outer loop
      vertex 225.4 114.5 9.5
      vertex 225.523 113.568 6.5
      vertex 225.523 113.568 9.5
    endloop
  endfacet
  facet normal 0.382195 -0.924082 0
    outer loop
      vertex 229.932 111.023 2.5
      vertex 230.8 111.382 9.5
      vertex 229.932 111.023 9.5
    endloop
  endfacet
  facet normal 0.382195 -0.924082 0
    outer loop
      vertex 230.8 111.382 9.5
      vertex 229.932 111.023 2.5
      vertex 230.8 111.382 2.5
    endloop
  endfacet
  facet normal 0.791854 -0.610711 0
    outer loop
      vertex 232.118 112.7 9.5
      vertex 232 112.547 6.5
      vertex 232.118 112.7 2.5
    endloop
  endfacet
  facet normal 0.793572 -0.608476 -0.00018155
    outer loop
      vertex 231.546 111.954 9.5
      vertex 232 112.547 6.5
      vertex 232.118 112.7 9.5
    endloop
  endfacet
  facet normal 0.794016 -0.607897 0
    outer loop
      vertex 232 112.547 6.5
      vertex 231.546 111.954 9.5
      vertex 231.546 111.954 6.5
    endloop
  endfacet
  facet normal 0.791854 -0.610711 0
    outer loop
      vertex 232.118 112.7 2.5
      vertex 232 112.547 6.5
      vertex 232 112.547 2.5
    endloop
  endfacet
  facet normal -0.13084 -0.991404 0
    outer loop
      vertex 228.068 111.023 2.5
      vertex 229 110.9 9.5
      vertex 228.068 111.023 9.5
    endloop
  endfacet
  facet normal -0.13084 -0.991404 -0
    outer loop
      vertex 229 110.9 9.5
      vertex 228.068 111.023 2.5
      vertex 229 110.9 2.5
    endloop
  endfacet
  facet normal -0.924082 -0.382195 0
    outer loop
      vertex 225.882 112.7 6.5
      vertex 225.523 113.568 9.5
      vertex 225.523 113.568 6.5
    endloop
  endfacet
  facet normal -0.924082 -0.382195 0
    outer loop
      vertex 225.523 113.568 9.5
      vertex 225.882 112.7 6.5
      vertex 225.882 112.7 9.5
    endloop
  endfacet
  facet normal 0 0 1
    outer loop
      vertex 230.6 114.5 9.5
      vertex 232.6 114.5 9.5
      vertex 232.477 115.432 9.5
    endloop
  endfacet
  facet normal 0 0 1
    outer loop
      vertex 230.522 114.994 9.5
      vertex 232.477 115.432 9.5
      vertex 232.118 116.3 9.5
    endloop
  endfacet
  facet normal 0 0 1
    outer loop
      vertex 232.6 114.5 9.5
      vertex 230.6 114.5 9.5
      vertex 232.477 113.568 9.5
    endloop
  endfacet
  facet normal 0 0 1
    outer loop
      vertex 230.294 115.44 9.5
      vertex 232.118 116.3 9.5
      vertex 231.546 117.046 9.5
    endloop
  endfacet
  facet normal -0 0 1
    outer loop
      vertex 230.522 114.006 9.5
      vertex 232.477 113.568 9.5
      vertex 230.6 114.5 9.5
    endloop
  endfacet
  facet normal 0 0 1
    outer loop
      vertex 229.94 115.794 9.5
      vertex 231.546 117.046 9.5
      vertex 230.8 117.618 9.5
    endloop
  endfacet
  facet normal 0 0 1
    outer loop
      vertex 232.477 113.568 9.5
      vertex 230.522 114.006 9.5
      vertex 232.118 112.7 9.5
    endloop
  endfacet
  facet normal -0 0 1
    outer loop
      vertex 230.294 113.56 9.5
      vertex 232.118 112.7 9.5
      vertex 230.522 114.006 9.5
    endloop
  endfacet
  facet normal 0 0 1
    outer loop
      vertex 232.477 115.432 9.5
      vertex 230.522 114.994 9.5
      vertex 230.6 114.5 9.5
    endloop
  endfacet
  facet normal 0 0 1
    outer loop
      vertex 232.118 116.3 9.5
      vertex 230.294 115.44 9.5
      vertex 230.522 114.994 9.5
    endloop
  endfacet
  facet normal 0 0 1
    outer loop
      vertex 231.546 117.046 9.5
      vertex 229.94 115.794 9.5
      vertex 230.294 115.44 9.5
    endloop
  endfacet
  facet normal 0 0 1
    outer loop
      vertex 229.494 116.022 9.5
      vertex 230.8 117.618 9.5
      vertex 229.932 117.977 9.5
    endloop
  endfacet
  facet normal 0 0 1
    outer loop
      vertex 230.8 117.618 9.5
      vertex 229.494 116.022 9.5
      vertex 229.94 115.794 9.5
    endloop
  endfacet
  facet normal 0 0 1
    outer loop
      vertex 229 116.1 9.5
      vertex 229.932 117.977 9.5
      vertex 229 118.1 9.5
    endloop
  endfacet
  facet normal 0 0 1
    outer loop
      vertex 229.932 117.977 9.5
      vertex 229 116.1 9.5
      vertex 229.494 116.022 9.5
    endloop
  endfacet
  facet normal -0 0 1
    outer loop
      vertex 228.068 117.977 9.5
      vertex 229 116.1 9.5
      vertex 229 118.1 9.5
    endloop
  endfacet
  facet normal 0 0 1
    outer loop
      vertex 229 116.1 9.5
      vertex 228.068 117.977 9.5
      vertex 228.506 116.022 9.5
    endloop
  endfacet
  facet normal -0 0 1
    outer loop
      vertex 227.2 117.618 9.5
      vertex 228.506 116.022 9.5
      vertex 228.068 117.977 9.5
    endloop
  endfacet
  facet normal 0 0 1
    outer loop
      vertex 228.506 116.022 9.5
      vertex 227.2 117.618 9.5
      vertex 228.06 115.794 9.5
    endloop
  endfacet
  facet normal -0 0 1
    outer loop
      vertex 226.454 117.046 9.5
      vertex 228.06 115.794 9.5
      vertex 227.2 117.618 9.5
    endloop
  endfacet
  facet normal -0 0 1
    outer loop
      vertex 225.882 116.3 9.5
      vertex 227.706 115.44 9.5
      vertex 226.454 117.046 9.5
    endloop
  endfacet
  facet normal 0 0 1
    outer loop
      vertex 228.06 115.794 9.5
      vertex 226.454 117.046 9.5
      vertex 227.706 115.44 9.5
    endloop
  endfacet
  facet normal 0 0 1
    outer loop
      vertex 232.118 112.7 9.5
      vertex 230.294 113.56 9.5
      vertex 231.546 111.954 9.5
    endloop
  endfacet
  facet normal -0 0 1
    outer loop
      vertex 229.94 113.206 9.5
      vertex 231.546 111.954 9.5
      vertex 230.294 113.56 9.5
    endloop
  endfacet
  facet normal 0 0 1
    outer loop
      vertex 231.546 111.954 9.5
      vertex 229.94 113.206 9.5
      vertex 230.8 111.382 9.5
    endloop
  endfacet
  facet normal -0 0 1
    outer loop
      vertex 229.494 112.978 9.5
      vertex 230.8 111.382 9.5
      vertex 229.94 113.206 9.5
    endloop
  endfacet
  facet normal 0 0 1
    outer loop
      vertex 230.8 111.382 9.5
      vertex 229.494 112.978 9.5
      vertex 229.932 111.023 9.5
    endloop
  endfacet
  facet normal -0 0 1
    outer loop
      vertex 229 112.9 9.5
      vertex 229.932 111.023 9.5
      vertex 229.494 112.978 9.5
    endloop
  endfacet
  facet normal 0 0 1
    outer loop
      vertex 229 112.9 9.5
      vertex 229 110.9 9.5
      vertex 229.932 111.023 9.5
    endloop
  endfacet
  facet normal 0 0 1
    outer loop
      vertex 228.068 111.023 9.5
      vertex 229 112.9 9.5
      vertex 228.506 112.978 9.5
    endloop
  endfacet
  facet normal 0 0 1
    outer loop
      vertex 229 112.9 9.5
      vertex 228.068 111.023 9.5
      vertex 229 110.9 9.5
    endloop
  endfacet
  facet normal 0 0 1
    outer loop
      vertex 227.2 111.382 9.5
      vertex 228.506 112.978 9.5
      vertex 228.06 113.206 9.5
    endloop
  endfacet
  facet normal 0 0 1
    outer loop
      vertex 226.454 111.954 9.5
      vertex 228.06 113.206 9.5
      vertex 227.706 113.56 9.5
    endloop
  endfacet
  facet normal 0 0 1
    outer loop
      vertex 225.882 112.7 9.5
      vertex 227.706 113.56 9.5
      vertex 227.478 114.006 9.5
    endloop
  endfacet
  facet normal 0 0 1
    outer loop
      vertex 228.506 112.978 9.5
      vertex 227.2 111.382 9.5
      vertex 228.068 111.023 9.5
    endloop
  endfacet
  facet normal 0 0 1
    outer loop
      vertex 225.523 113.568 9.5
      vertex 227.478 114.006 9.5
      vertex 227.4 114.5 9.5
    endloop
  endfacet
  facet normal 0 0 1
    outer loop
      vertex 227.706 115.44 9.5
      vertex 225.882 116.3 9.5
      vertex 227.478 114.994 9.5
    endloop
  endfacet
  facet normal -0 0 1
    outer loop
      vertex 225.523 115.432 9.5
      vertex 227.478 114.994 9.5
      vertex 225.882 116.3 9.5
    endloop
  endfacet
  facet normal 0 0 1
    outer loop
      vertex 228.06 113.206 9.5
      vertex 226.454 111.954 9.5
      vertex 227.2 111.382 9.5
    endloop
  endfacet
  facet normal 0 0 1
    outer loop
      vertex 227.478 114.994 9.5
      vertex 225.523 115.432 9.5
      vertex 227.4 114.5 9.5
    endloop
  endfacet
  facet normal 0 0 1
    outer loop
      vertex 227.706 113.56 9.5
      vertex 225.882 112.7 9.5
      vertex 226.454 111.954 9.5
    endloop
  endfacet
  facet normal 0 0 1
    outer loop
      vertex 225.4 114.5 9.5
      vertex 227.4 114.5 9.5
      vertex 225.523 115.432 9.5
    endloop
  endfacet
  facet normal 0 0 1
    outer loop
      vertex 227.478 114.006 9.5
      vertex 225.523 113.568 9.5
      vertex 225.882 112.7 9.5
    endloop
  endfacet
  facet normal 0 0 1
    outer loop
      vertex 227.4 114.5 9.5
      vertex 225.4 114.5 9.5
      vertex 225.523 113.568 9.5
    endloop
  endfacet
  facet normal -0.987763 -0.155963 0
    outer loop
      vertex 230.6 114.5 6.5
      vertex 230.522 114.994 9.5
      vertex 230.522 114.994 6.5
    endloop
  endfacet
  facet normal -0.987763 -0.155963 0
    outer loop
      vertex 230.522 114.994 9.5
      vertex 230.6 114.5 6.5
      vertex 230.6 114.5 9.5
    endloop
  endfacet
  facet normal 0.987763 -0.155963 0
    outer loop
      vertex 227.4 114.5 9.5
      vertex 227.478 114.994 6.5
      vertex 227.478 114.994 9.5
    endloop
  endfacet
  facet normal 0.987763 -0.155963 0
    outer loop
      vertex 227.478 114.994 6.5
      vertex 227.4 114.5 9.5
      vertex 227.4 114.5 6.5
    endloop
  endfacet
  facet normal 0.155963 -0.987763 0
    outer loop
      vertex 228.506 116.022 6.5
      vertex 229 116.1 9.5
      vertex 228.506 116.022 9.5
    endloop
  endfacet
  facet normal 0.155963 -0.987763 0
    outer loop
      vertex 229 116.1 9.5
      vertex 228.506 116.022 6.5
      vertex 229 116.1 6.5
    endloop
  endfacet
  facet normal -0.155963 0.987763 0
    outer loop
      vertex 229.494 112.978 6.5
      vertex 229 112.9 9.5
      vertex 229.494 112.978 9.5
    endloop
  endfacet
  facet normal -0.155963 0.987763 0
    outer loop
      vertex 229 112.9 9.5
      vertex 229.494 112.978 6.5
      vertex 229 112.9 6.5
    endloop
  endfacet
  facet normal -0.455181 0.890399 0
    outer loop
      vertex 229.94 113.206 6.5
      vertex 229.494 112.978 9.5
      vertex 229.94 113.206 9.5
    endloop
  endfacet
  facet normal -0.455181 0.890399 0
    outer loop
      vertex 229.494 112.978 9.5
      vertex 229.94 113.206 6.5
      vertex 229.494 112.978 6.5
    endloop
  endfacet
  facet normal -0.707107 -0.707107 0
    outer loop
      vertex 229.94 115.794 6.5
      vertex 230.294 115.44 9.5
      vertex 229.94 115.794 9.5
    endloop
  endfacet
  facet normal -0.707107 -0.707107 -0
    outer loop
      vertex 230.294 115.44 9.5
      vertex 229.94 115.794 6.5
      vertex 230.294 115.44 6.5
    endloop
  endfacet
  facet normal -0.890399 -0.455181 0
    outer loop
      vertex 230.522 114.994 6.5
      vertex 230.294 115.44 9.5
      vertex 230.294 115.44 6.5
    endloop
  endfacet
  facet normal -0.890399 -0.455181 0
    outer loop
      vertex 230.294 115.44 9.5
      vertex 230.522 114.994 6.5
      vertex 230.522 114.994 9.5
    endloop
  endfacet
  facet normal -0.455181 -0.890399 0
    outer loop
      vertex 229.494 116.022 6.5
      vertex 229.94 115.794 9.5
      vertex 229.494 116.022 9.5
    endloop
  endfacet
  facet normal -0.455181 -0.890399 -0
    outer loop
      vertex 229.94 115.794 9.5
      vertex 229.494 116.022 6.5
      vertex 229.94 115.794 6.5
    endloop
  endfacet
  facet normal 0.707107 -0.707107 0
    outer loop
      vertex 227.765 115.5 2.5
      vertex 228 115.735 6.5
      vertex 227.765 115.5 6.5
    endloop
  endfacet
  facet normal 0.707107 -0.707107 0
    outer loop
      vertex 228 115.735 6.5
      vertex 227.765 115.5 2.5
      vertex 228 115.735 2.5
    endloop
  endfacet
  facet normal 0.713024 -0.70114 0
    outer loop
      vertex 227.765 115.5 6.5
      vertex 227.706 115.44 9.5
      vertex 227.706 115.44 6.5
    endloop
  endfacet
  facet normal 0.707107 -0.707107 -0.000235702
    outer loop
      vertex 227.706 115.44 9.5
      vertex 227.765 115.5 6.5
      vertex 228.06 115.794 9.5
    endloop
  endfacet
  facet normal 0.707107 -0.707107 -0.000235702
    outer loop
      vertex 228 115.735 6.5
      vertex 228.06 115.794 9.5
      vertex 227.765 115.5 6.5
    endloop
  endfacet
  facet normal 0.70114 -0.713024 0
    outer loop
      vertex 228.06 115.794 9.5
      vertex 228 115.735 6.5
      vertex 228.06 115.794 6.5
    endloop
  endfacet
  facet normal 0.890399 -0.455181 0
    outer loop
      vertex 227.478 114.994 9.5
      vertex 227.706 115.44 6.5
      vertex 227.706 115.44 9.5
    endloop
  endfacet
  facet normal 0.890399 -0.455181 0
    outer loop
      vertex 227.706 115.44 6.5
      vertex 227.478 114.994 9.5
      vertex 227.478 114.994 6.5
    endloop
  endfacet
  facet normal 0.455181 -0.890399 0
    outer loop
      vertex 228.06 115.794 6.5
      vertex 228.506 116.022 9.5
      vertex 228.06 115.794 9.5
    endloop
  endfacet
  facet normal 0.455181 -0.890399 0
    outer loop
      vertex 228.506 116.022 9.5
      vertex 228.06 115.794 6.5
      vertex 228.506 116.022 6.5
    endloop
  endfacet
  facet normal -0.155963 -0.987763 0
    outer loop
      vertex 229 116.1 6.5
      vertex 229.494 116.022 9.5
      vertex 229 116.1 9.5
    endloop
  endfacet
  facet normal -0.155963 -0.987763 -0
    outer loop
      vertex 229.494 116.022 9.5
      vertex 229 116.1 6.5
      vertex 229.494 116.022 6.5
    endloop
  endfacet
  facet normal -0.987763 0.155963 0
    outer loop
      vertex 230.522 114.006 6.5
      vertex 230.6 114.5 9.5
      vertex 230.6 114.5 6.5
    endloop
  endfacet
  facet normal -0.987763 0.155963 0
    outer loop
      vertex 230.6 114.5 9.5
      vertex 230.522 114.006 6.5
      vertex 230.522 114.006 9.5
    endloop
  endfacet
  facet normal -0.707107 0.707107 0
    outer loop
      vertex 230.294 113.56 6.5
      vertex 229.94 113.206 9.5
      vertex 230.294 113.56 9.5
    endloop
  endfacet
  facet normal -0.707107 0.707107 0
    outer loop
      vertex 229.94 113.206 9.5
      vertex 230.294 113.56 6.5
      vertex 229.94 113.206 6.5
    endloop
  endfacet
  facet normal -0.890399 0.455181 0
    outer loop
      vertex 230.294 113.56 6.5
      vertex 230.522 114.006 9.5
      vertex 230.522 114.006 6.5
    endloop
  endfacet
  facet normal -0.890399 0.455181 0
    outer loop
      vertex 230.522 114.006 9.5
      vertex 230.294 113.56 6.5
      vertex 230.294 113.56 9.5
    endloop
  endfacet
  facet normal 0.890399 0.455181 0
    outer loop
      vertex 227.706 113.56 9.5
      vertex 227.478 114.006 6.5
      vertex 227.478 114.006 9.5
    endloop
  endfacet
  facet normal 0.890399 0.455181 0
    outer loop
      vertex 227.478 114.006 6.5
      vertex 227.706 113.56 9.5
      vertex 227.706 113.56 6.5
    endloop
  endfacet
  facet normal 0.987763 0.155963 0
    outer loop
      vertex 227.478 114.006 9.5
      vertex 227.4 114.5 6.5
      vertex 227.4 114.5 9.5
    endloop
  endfacet
  facet normal 0.987763 0.155963 0
    outer loop
      vertex 227.4 114.5 6.5
      vertex 227.478 114.006 9.5
      vertex 227.478 114.006 6.5
    endloop
  endfacet
  facet normal 0.155963 0.987763 -0
    outer loop
      vertex 229 112.9 6.5
      vertex 228.506 112.978 9.5
      vertex 229 112.9 9.5
    endloop
  endfacet
  facet normal 0.155963 0.987763 0
    outer loop
      vertex 228.506 112.978 9.5
      vertex 229 112.9 6.5
      vertex 228.506 112.978 6.5
    endloop
  endfacet
  facet normal 0.707107 0.707107 -0
    outer loop
      vertex 228.06 113.206 6.5
      vertex 227.706 113.56 9.5
      vertex 228.06 113.206 9.5
    endloop
  endfacet
  facet normal 0.707107 0.707107 0
    outer loop
      vertex 227.706 113.56 9.5
      vertex 228.06 113.206 6.5
      vertex 227.706 113.56 6.5
    endloop
  endfacet
  facet normal 0.455181 0.890399 -0
    outer loop
      vertex 228.506 112.978 6.5
      vertex 228.06 113.206 9.5
      vertex 228.506 112.978 9.5
    endloop
  endfacet
  facet normal 0.455181 0.890399 0
    outer loop
      vertex 228.06 113.206 9.5
      vertex 228.506 112.978 6.5
      vertex 228.06 113.206 6.5
    endloop
  endfacet
  facet normal -0 0 1
    outer loop
      vertex 9.66377 2.54382 12.5
      vertex 10.5 2.5 12.5
      vertex 10.5 2.54382 12.5
    endloop
  endfacet
  facet normal 0 0 1
    outer loop
      vertex 9.66377 2.54382 12.5
      vertex 5.25 2.5 12.5
      vertex 10.5 2.5 12.5
    endloop
  endfacet
  facet normal 0 0 1
    outer loop
      vertex 8.02786 2.89155 12.5
      vertex 5.25 2.5 12.5
      vertex 9.66377 2.54382 12.5
    endloop
  endfacet
  facet normal 0 0 1
    outer loop
      vertex 6.5 3.5718 12.5
      vertex 5.25 2.5 12.5
      vertex 8.02786 2.89155 12.5
    endloop
  endfacet
  facet normal 0 0 1
    outer loop
      vertex 5.14695 4.55484 12.5
      vertex 5.25 2.5 12.5
      vertex 6.5 3.5718 12.5
    endloop
  endfacet
  facet normal 0 0 1
    outer loop
      vertex 3.14337 3.48233 12.5
      vertex 5.14695 4.55484 12.5
      vertex 4.02786 5.79772 12.5
    endloop
  endfacet
  facet normal 0 0 1
    outer loop
      vertex 2.5 5.25 12.5
      vertex 4.02786 5.79772 12.5
      vertex 3.19164 7.24611 12.5
    endloop
  endfacet
  facet normal 0 -0 1
    outer loop
      vertex 3.14337 3.48233 12.5
      vertex 4.02786 5.79772 12.5
      vertex 2.5 5.25 12.5
    endloop
  endfacet
  facet normal 0 0 1
    outer loop
      vertex 2.5 5.25 12.5
      vertex 3.19164 7.24611 12.5
      vertex 2.67482 8.83671 12.5
    endloop
  endfacet
  facet normal 0 0 1
    outer loop
      vertex 2.5 5.25 12.5
      vertex 2.67482 8.83671 12.5
      vertex 2.5 10.5 12.5
    endloop
  endfacet
  facet normal 0 0 1
    outer loop
      vertex 5.14695 4.55484 12.5
      vertex 3.14337 3.48233 12.5
      vertex 5.25 2.5 12.5
    endloop
  endfacet
  facet normal 1 -0 0
    outer loop
      vertex 10.5 2.5 12.5
      vertex 10.5 2.54382 2.5
      vertex 10.5 2.54382 12.5
    endloop
  endfacet
  facet normal 1 0 0
    outer loop
      vertex 10.5 2.54382 2.5
      vertex 10.5 2.5 12.5
      vertex 10.5 2.5 2.5
    endloop
  endfacet
  facet normal 0.587782 0.809019 -0
    outer loop
      vertex 6.5 3.5718 2.5
      vertex 5.14695 4.55484 12.5
      vertex 6.5 3.5718 12.5
    endloop
  endfacet
  facet normal 0.587782 0.809019 0
    outer loop
      vertex 5.14695 4.55484 12.5
      vertex 6.5 3.5718 2.5
      vertex 5.14695 4.55484 2.5
    endloop
  endfacet
  facet normal 0.207915 0.978147 -0
    outer loop
      vertex 9.66377 2.54382 2.5
      vertex 8.02786 2.89155 12.5
      vertex 9.66377 2.54382 12.5
    endloop
  endfacet
  facet normal 0.207915 0.978147 0
    outer loop
      vertex 8.02786 2.89155 12.5
      vertex 9.66377 2.54382 2.5
      vertex 8.02786 2.89155 2.5
    endloop
  endfacet
  facet normal 0.743146 0.669129 0
    outer loop
      vertex 5.14695 4.55484 12.5
      vertex 4.02786 5.79772 2.5
      vertex 4.02786 5.79772 12.5
    endloop
  endfacet
  facet normal 0.743146 0.669129 0
    outer loop
      vertex 4.02786 5.79772 2.5
      vertex 5.14695 4.55484 12.5
      vertex 5.14695 4.55484 2.5
    endloop
  endfacet
  facet normal 0.951056 0.309018 0
    outer loop
      vertex 3.19164 7.24611 12.5
      vertex 2.67482 8.83671 2.5
      vertex 2.67482 8.83671 12.5
    endloop
  endfacet
  facet normal 0.951056 0.309018 0
    outer loop
      vertex 2.67482 8.83671 2.5
      vertex 3.19164 7.24611 12.5
      vertex 3.19164 7.24611 2.5
    endloop
  endfacet
  facet normal 0.994522 0.104529 0
    outer loop
      vertex 2.67482 8.83671 12.5
      vertex 2.5 10.5 2.5
      vertex 2.5 10.5 12.5
    endloop
  endfacet
  facet normal 0.994522 0.104529 0
    outer loop
      vertex 2.5 10.5 2.5
      vertex 2.67482 8.83671 12.5
      vertex 2.67482 8.83671 2.5
    endloop
  endfacet
  facet normal 0.406738 0.913545 -0
    outer loop
      vertex 8.02786 2.89155 2.5
      vertex 6.5 3.5718 12.5
      vertex 8.02786 2.89155 12.5
    endloop
  endfacet
  facet normal 0.406738 0.913545 0
    outer loop
      vertex 6.5 3.5718 12.5
      vertex 8.02786 2.89155 2.5
      vertex 6.5 3.5718 2.5
    endloop
  endfacet
  facet normal 0 1 -0
    outer loop
      vertex 10.5 2.54382 2.5
      vertex 9.66377 2.54382 12.5
      vertex 10.5 2.54382 12.5
    endloop
  endfacet
  facet normal 0 1 0
    outer loop
      vertex 9.66377 2.54382 12.5
      vertex 10.5 2.54382 2.5
      vertex 9.66377 2.54382 2.5
    endloop
  endfacet
  facet normal 0.866028 0.499996 0
    outer loop
      vertex 4.02786 5.79772 12.5
      vertex 3.19164 7.24611 2.5
      vertex 3.19164 7.24611 12.5
    endloop
  endfacet
  facet normal 0.866028 0.499996 0
    outer loop
      vertex 3.19164 7.24611 2.5
      vertex 4.02786 5.79772 12.5
      vertex 4.02786 5.79772 2.5
    endloop
  endfacet
  facet normal -1 0 0
    outer loop
      vertex 237.5 2.5 2.5
      vertex 237.5 2.54382 12.5
      vertex 237.5 2.54382 2.5
    endloop
  endfacet
  facet normal -1 -0 0
    outer loop
      vertex 237.5 2.54382 12.5
      vertex 237.5 2.5 2.5
      vertex 237.5 2.5 12.5
    endloop
  endfacet
  facet normal -0 0 1
    outer loop
      vertex 245.325 8.83671 12.5
      vertex 245.5 5.25 12.5
      vertex 245.5 10.5 12.5
    endloop
  endfacet
  facet normal -0 0 1
    outer loop
      vertex 244.808 7.24611 12.5
      vertex 245.5 5.25 12.5
      vertex 245.325 8.83671 12.5
    endloop
  endfacet
  facet normal -0 0 1
    outer loop
      vertex 243.972 5.79772 12.5
      vertex 245.5 5.25 12.5
      vertex 244.808 7.24611 12.5
    endloop
  endfacet
  facet normal 0 0 1
    outer loop
      vertex 245.5 5.25 12.5
      vertex 243.972 5.79772 12.5
      vertex 244.518 3.14337 12.5
    endloop
  endfacet
  facet normal -0 0 1
    outer loop
      vertex 242.853 4.55484 12.5
      vertex 244.518 3.14337 12.5
      vertex 243.972 5.79772 12.5
    endloop
  endfacet
  facet normal 0 0 1
    outer loop
      vertex 242.853 4.55484 12.5
      vertex 242.75 2.5 12.5
      vertex 244.518 3.14337 12.5
    endloop
  endfacet
  facet normal -0 0 1
    outer loop
      vertex 241.5 3.5718 12.5
      vertex 242.75 2.5 12.5
      vertex 242.853 4.55484 12.5
    endloop
  endfacet
  facet normal -0 0 1
    outer loop
      vertex 239.972 2.89155 12.5
      vertex 242.75 2.5 12.5
      vertex 241.5 3.5718 12.5
    endloop
  endfacet
  facet normal -0 0 1
    outer loop
      vertex 238.336 2.54382 12.5
      vertex 242.75 2.5 12.5
      vertex 239.972 2.89155 12.5
    endloop
  endfacet
  facet normal 0 0 1
    outer loop
      vertex 237.5 2.5 12.5
      vertex 238.336 2.54382 12.5
      vertex 237.5 2.54382 12.5
    endloop
  endfacet
  facet normal 0 0 1
    outer loop
      vertex 238.336 2.54382 12.5
      vertex 237.5 2.5 12.5
      vertex 242.75 2.5 12.5
    endloop
  endfacet
  facet normal -0.994511 0.104636 0
    outer loop
      vertex 245.325 8.83671 2.5
      vertex 245.5 10.5 12.5
      vertex 245.5 10.5 2.5
    endloop
  endfacet
  facet normal -0.994511 0.104636 0
    outer loop
      vertex 245.5 10.5 12.5
      vertex 245.325 8.83671 2.5
      vertex 245.325 8.83671 12.5
    endloop
  endfacet
  facet normal -0.207905 0.978149 0
    outer loop
      vertex 239.972 2.89155 2.5
      vertex 238.336 2.54382 12.5
      vertex 239.972 2.89155 12.5
    endloop
  endfacet
  facet normal -0.207905 0.978149 0
    outer loop
      vertex 238.336 2.54382 12.5
      vertex 239.972 2.89155 2.5
      vertex 238.336 2.54382 2.5
    endloop
  endfacet
  facet normal -0.587796 0.809009 0
    outer loop
      vertex 242.853 4.55484 2.5
      vertex 241.5 3.5718 12.5
      vertex 242.853 4.55484 12.5
    endloop
  endfacet
  facet normal -0.587796 0.809009 0
    outer loop
      vertex 241.5 3.5718 12.5
      vertex 242.853 4.55484 2.5
      vertex 241.5 3.5718 2.5
    endloop
  endfacet
  facet normal -0.406707 0.913559 0
    outer loop
      vertex 241.5 3.5718 2.5
      vertex 239.972 2.89155 12.5
      vertex 241.5 3.5718 12.5
    endloop
  endfacet
  facet normal -0.406707 0.913559 0
    outer loop
      vertex 239.972 2.89155 12.5
      vertex 241.5 3.5718 2.5
      vertex 239.972 2.89155 2.5
    endloop
  endfacet
  facet normal -0.743173 0.6691 0
    outer loop
      vertex 242.853 4.55484 2.5
      vertex 243.972 5.79772 12.5
      vertex 243.972 5.79772 2.5
    endloop
  endfacet
  facet normal -0.743173 0.6691 0
    outer loop
      vertex 243.972 5.79772 12.5
      vertex 242.853 4.55484 2.5
      vertex 242.853 4.55484 12.5
    endloop
  endfacet
  facet normal -0.951024 0.309116 0
    outer loop
      vertex 244.808 7.24611 2.5
      vertex 245.325 8.83671 12.5
      vertex 245.325 8.83671 2.5
    endloop
  endfacet
  facet normal -0.951024 0.309116 0
    outer loop
      vertex 245.325 8.83671 12.5
      vertex 244.808 7.24611 2.5
      vertex 244.808 7.24611 12.5
    endloop
  endfacet
  facet normal -0.866085 0.499898 0
    outer loop
      vertex 243.972 5.79772 2.5
      vertex 244.808 7.24611 12.5
      vertex 244.808 7.24611 2.5
    endloop
  endfacet
  facet normal -0.866085 0.499898 0
    outer loop
      vertex 244.808 7.24611 12.5
      vertex 243.972 5.79772 2.5
      vertex 243.972 5.79772 12.5
    endloop
  endfacet
  facet normal 0 1 -0
    outer loop
      vertex 238.336 2.54382 2.5
      vertex 237.5 2.54382 12.5
      vertex 238.336 2.54382 12.5
    endloop
  endfacet
  facet normal 0 1 0
    outer loop
      vertex 237.5 2.54382 12.5
      vertex 238.336 2.54382 2.5
      vertex 237.5 2.54382 2.5
    endloop
  endfacet
  facet normal 0 0 1
    outer loop
      vertex 10.5 147.5 12.5
      vertex 9.66377 147.456 12.5
      vertex 10.5 147.456 12.5
    endloop
  endfacet
  facet normal -0 0 1
    outer loop
      vertex 5.25 147.5 12.5
      vertex 9.66377 147.456 12.5
      vertex 10.5 147.5 12.5
    endloop
  endfacet
  facet normal 0 0 1
    outer loop
      vertex 5.25 147.5 12.5
      vertex 8.02786 147.108 12.5
      vertex 9.66377 147.456 12.5
    endloop
  endfacet
  facet normal 0 0 1
    outer loop
      vertex 5.25 147.5 12.5
      vertex 6.5 146.428 12.5
      vertex 8.02786 147.108 12.5
    endloop
  endfacet
  facet normal 0 0 1
    outer loop
      vertex 5.25 147.5 12.5
      vertex 5.14695 145.445 12.5
      vertex 6.5 146.428 12.5
    endloop
  endfacet
  facet normal -0 0 1
    outer loop
      vertex 3.48233 146.857 12.5
      vertex 5.14695 145.445 12.5
      vertex 5.25 147.5 12.5
    endloop
  endfacet
  facet normal 0 0 1
    outer loop
      vertex 5.14695 145.445 12.5
      vertex 3.48233 146.857 12.5
      vertex 4.02786 144.202 12.5
    endloop
  endfacet
  facet normal -0 0 1
    outer loop
      vertex 2.5 144.75 12.5
      vertex 4.02786 144.202 12.5
      vertex 3.48233 146.857 12.5
    endloop
  endfacet
  facet normal 0 0 1
    outer loop
      vertex 4.02786 144.202 12.5
      vertex 2.5 144.75 12.5
      vertex 3.19164 142.754 12.5
    endloop
  endfacet
  facet normal 0 0 1
    outer loop
      vertex 3.19164 142.754 12.5
      vertex 2.5 144.75 12.5
      vertex 2.67482 141.163 12.5
    endloop
  endfacet
  facet normal 0 0 1
    outer loop
      vertex 2.67482 141.163 12.5
      vertex 2.5 144.75 12.5
      vertex 2.5 139.5 12.5
    endloop
  endfacet
  facet normal 1 -0 0
    outer loop
      vertex 10.5 147.456 12.5
      vertex 10.5 147.5 2.5
      vertex 10.5 147.5 12.5
    endloop
  endfacet
  facet normal 1 0 0
    outer loop
      vertex 10.5 147.5 2.5
      vertex 10.5 147.456 12.5
      vertex 10.5 147.456 2.5
    endloop
  endfacet
  facet normal 0 -1 0
    outer loop
      vertex 9.66377 147.456 2.5
      vertex 10.5 147.456 12.5
      vertex 9.66377 147.456 12.5
    endloop
  endfacet
  facet normal 0 -1 -0
    outer loop
      vertex 10.5 147.456 12.5
      vertex 9.66377 147.456 2.5
      vertex 10.5 147.456 2.5
    endloop
  endfacet
  facet normal 0.743178 -0.669094 0
    outer loop
      vertex 4.02786 144.202 12.5
      vertex 5.14695 145.445 2.5
      vertex 5.14695 145.445 12.5
    endloop
  endfacet
  facet normal 0.743178 -0.669094 0
    outer loop
      vertex 5.14695 145.445 2.5
      vertex 4.02786 144.202 12.5
      vertex 4.02786 144.202 2.5
    endloop
  endfacet
  facet normal 0.406613 -0.9136 0
    outer loop
      vertex 6.5 146.428 2.5
      vertex 8.02786 147.108 12.5
      vertex 6.5 146.428 12.5
    endloop
  endfacet
  facet normal 0.406613 -0.9136 0
    outer loop
      vertex 8.02786 147.108 12.5
      vertex 6.5 146.428 2.5
      vertex 8.02786 147.108 2.5
    endloop
  endfacet
  facet normal 0.951079 -0.308948 0
    outer loop
      vertex 2.67482 141.163 12.5
      vertex 3.19164 142.754 2.5
      vertex 3.19164 142.754 12.5
    endloop
  endfacet
  facet normal 0.951079 -0.308948 0
    outer loop
      vertex 3.19164 142.754 2.5
      vertex 2.67482 141.163 12.5
      vertex 2.67482 141.163 2.5
    endloop
  endfacet
  facet normal 0.865969 -0.500097 0
    outer loop
      vertex 3.19164 142.754 12.5
      vertex 4.02786 144.202 2.5
      vertex 4.02786 144.202 12.5
    endloop
  endfacet
  facet normal 0.865969 -0.500097 0
    outer loop
      vertex 4.02786 144.202 2.5
      vertex 3.19164 142.754 12.5
      vertex 3.19164 142.754 2.5
    endloop
  endfacet
  facet normal 0.99452 -0.104547 0
    outer loop
      vertex 2.5 139.5 12.5
      vertex 2.67482 141.163 2.5
      vertex 2.67482 141.163 12.5
    endloop
  endfacet
  facet normal 0.99452 -0.104547 0
    outer loop
      vertex 2.67482 141.163 2.5
      vertex 2.5 139.5 12.5
      vertex 2.5 139.5 2.5
    endloop
  endfacet
  facet normal 0.587766 -0.809031 0
    outer loop
      vertex 5.14695 145.445 2.5
      vertex 6.5 146.428 12.5
      vertex 5.14695 145.445 12.5
    endloop
  endfacet
  facet normal 0.587766 -0.809031 0
    outer loop
      vertex 6.5 146.428 12.5
      vertex 5.14695 145.445 2.5
      vertex 6.5 146.428 2.5
    endloop
  endfacet
  facet normal 0.20807 -0.978114 0
    outer loop
      vertex 8.02786 147.108 2.5
      vertex 9.66377 147.456 12.5
      vertex 8.02786 147.108 12.5
    endloop
  endfacet
  facet normal 0.20807 -0.978114 0
    outer loop
      vertex 9.66377 147.456 12.5
      vertex 8.02786 147.108 2.5
      vertex 9.66377 147.456 2.5
    endloop
  endfacet
  facet normal -1 0 0
    outer loop
      vertex 237.5 147.456 2.5
      vertex 237.5 147.5 12.5
      vertex 237.5 147.5 2.5
    endloop
  endfacet
  facet normal -1 -0 0
    outer loop
      vertex 237.5 147.5 12.5
      vertex 237.5 147.456 2.5
      vertex 237.5 147.456 12.5
    endloop
  endfacet
  facet normal 0 0 1
    outer loop
      vertex 245.5 144.75 12.5
      vertex 245.325 141.163 12.5
      vertex 245.5 139.5 12.5
    endloop
  endfacet
  facet normal 0 0 1
    outer loop
      vertex 243.972 144.202 12.5
      vertex 245.5 144.75 12.5
      vertex 244.857 146.518 12.5
    endloop
  endfacet
  facet normal 0 0 1
    outer loop
      vertex 245.5 144.75 12.5
      vertex 244.808 142.754 12.5
      vertex 245.325 141.163 12.5
    endloop
  endfacet
  facet normal 0 0 1
    outer loop
      vertex 245.5 144.75 12.5
      vertex 243.972 144.202 12.5
      vertex 244.808 142.754 12.5
    endloop
  endfacet
  facet normal 0 0 1
    outer loop
      vertex 244.857 146.518 12.5
      vertex 242.853 145.445 12.5
      vertex 243.972 144.202 12.5
    endloop
  endfacet
  facet normal 0 0 1
    outer loop
      vertex 242.75 147.5 12.5
      vertex 242.853 145.445 12.5
      vertex 244.857 146.518 12.5
    endloop
  endfacet
  facet normal 0 0 1
    outer loop
      vertex 242.75 147.5 12.5
      vertex 241.5 146.428 12.5
      vertex 242.853 145.445 12.5
    endloop
  endfacet
  facet normal 0 0 1
    outer loop
      vertex 242.75 147.5 12.5
      vertex 239.972 147.108 12.5
      vertex 241.5 146.428 12.5
    endloop
  endfacet
  facet normal 0 0 1
    outer loop
      vertex 242.75 147.5 12.5
      vertex 238.336 147.456 12.5
      vertex 239.972 147.108 12.5
    endloop
  endfacet
  facet normal -0 0 1
    outer loop
      vertex 237.5 147.5 12.5
      vertex 238.336 147.456 12.5
      vertex 242.75 147.5 12.5
    endloop
  endfacet
  facet normal 0 0 1
    outer loop
      vertex 238.336 147.456 12.5
      vertex 237.5 147.5 12.5
      vertex 237.5 147.456 12.5
    endloop
  endfacet
  facet normal -0.994509 -0.104654 0
    outer loop
      vertex 245.5 139.5 2.5
      vertex 245.325 141.163 12.5
      vertex 245.325 141.163 2.5
    endloop
  endfacet
  facet normal -0.994509 -0.104654 0
    outer loop
      vertex 245.325 141.163 12.5
      vertex 245.5 139.5 2.5
      vertex 245.5 139.5 12.5
    endloop
  endfacet
  facet normal 0 -1 0
    outer loop
      vertex 237.5 147.456 2.5
      vertex 238.336 147.456 12.5
      vertex 237.5 147.456 12.5
    endloop
  endfacet
  facet normal 0 -1 -0
    outer loop
      vertex 238.336 147.456 12.5
      vertex 237.5 147.456 2.5
      vertex 238.336 147.456 2.5
    endloop
  endfacet
  facet normal -0.587781 -0.80902 0
    outer loop
      vertex 241.5 146.428 2.5
      vertex 242.853 145.445 12.5
      vertex 241.5 146.428 12.5
    endloop
  endfacet
  facet normal -0.587781 -0.80902 -0
    outer loop
      vertex 242.853 145.445 12.5
      vertex 241.5 146.428 2.5
      vertex 242.853 145.445 2.5
    endloop
  endfacet
  facet normal -0.406582 -0.913614 0
    outer loop
      vertex 239.972 147.108 2.5
      vertex 241.5 146.428 12.5
      vertex 239.972 147.108 12.5
    endloop
  endfacet
  facet normal -0.406582 -0.913614 -0
    outer loop
      vertex 241.5 146.428 12.5
      vertex 239.972 147.108 2.5
      vertex 241.5 146.428 2.5
    endloop
  endfacet
  facet normal -0.866026 -0.499999 0
    outer loop
      vertex 244.808 142.754 2.5
      vertex 243.972 144.202 12.5
      vertex 243.972 144.202 2.5
    endloop
  endfacet
  facet normal -0.866026 -0.499999 0
    outer loop
      vertex 243.972 144.202 12.5
      vertex 244.808 142.754 2.5
      vertex 244.808 142.754 12.5
    endloop
  endfacet
  facet normal -0.951047 -0.309046 0
    outer loop
      vertex 245.325 141.163 2.5
      vertex 244.808 142.754 12.5
      vertex 244.808 142.754 2.5
    endloop
  endfacet
  facet normal -0.951047 -0.309046 0
    outer loop
      vertex 244.808 142.754 12.5
      vertex 245.325 141.163 2.5
      vertex 245.325 141.163 12.5
    endloop
  endfacet
  facet normal -0.743205 -0.669064 0
    outer loop
      vertex 243.972 144.202 2.5
      vertex 242.853 145.445 12.5
      vertex 242.853 145.445 2.5
    endloop
  endfacet
  facet normal -0.743205 -0.669064 0
    outer loop
      vertex 242.853 145.445 12.5
      vertex 243.972 144.202 2.5
      vertex 243.972 144.202 12.5
    endloop
  endfacet
  facet normal -0.208059 -0.978116 0
    outer loop
      vertex 238.336 147.456 2.5
      vertex 239.972 147.108 12.5
      vertex 238.336 147.456 12.5
    endloop
  endfacet
  facet normal -0.208059 -0.978116 -0
    outer loop
      vertex 239.972 147.108 12.5
      vertex 238.336 147.456 2.5
      vertex 239.972 147.108 2.5
    endloop
  endfacet
  facet normal 0.991445 0.130526 0
    outer loop
      vertex 14.5 10.5 36.5
      vertex 14.3637 11.5353 2.5
      vertex 14.3637 11.5353 36.5
    endloop
  endfacet
  facet normal 0.991445 0.130526 0
    outer loop
      vertex 14.3637 11.5353 2.5
      vertex 14.5 10.5 36.5
      vertex 14.5 10.5 2.5
    endloop
  endfacet
  facet normal -0.991445 0.130526 0
    outer loop
      vertex 6.5 10.5 2.5
      vertex 6.6363 11.5353 36.5
      vertex 6.6363 11.5353 2.5
    endloop
  endfacet
  facet normal -0.991445 0.130526 0
    outer loop
      vertex 6.6363 11.5353 36.5
      vertex 6.5 10.5 2.5
      vertex 6.5 10.5 36.5
    endloop
  endfacet
  facet normal 0.130526 0.991445 -0
    outer loop
      vertex 11.5353 14.3637 2.5
      vertex 10.5 14.5 36.5
      vertex 11.5353 14.3637 36.5
    endloop
  endfacet
  facet normal 0.130526 0.991445 0
    outer loop
      vertex 10.5 14.5 36.5
      vertex 11.5353 14.3637 2.5
      vertex 10.5 14.5 2.5
    endloop
  endfacet
  facet normal 0.608789 0.793332 -0
    outer loop
      vertex 13.3284 13.3284 2.5
      vertex 12.5 13.9641 36.5
      vertex 13.3284 13.3284 36.5
    endloop
  endfacet
  facet normal 0.608789 0.793332 0
    outer loop
      vertex 12.5 13.9641 36.5
      vertex 13.3284 13.3284 2.5
      vertex 12.5 13.9641 2.5
    endloop
  endfacet
  facet normal 0.923877 0.38269 0
    outer loop
      vertex 14.3637 11.5353 36.5
      vertex 13.9641 12.5 2.5
      vertex 13.9641 12.5 36.5
    endloop
  endfacet
  facet normal 0.923877 0.38269 0
    outer loop
      vertex 13.9641 12.5 2.5
      vertex 14.3637 11.5353 36.5
      vertex 14.3637 11.5353 2.5
    endloop
  endfacet
  facet normal 0.38269 0.923877 -0
    outer loop
      vertex 12.5 13.9641 2.5
      vertex 11.5353 14.3637 36.5
      vertex 12.5 13.9641 36.5
    endloop
  endfacet
  facet normal 0.38269 0.923877 0
    outer loop
      vertex 11.5353 14.3637 36.5
      vertex 12.5 13.9641 2.5
      vertex 11.5353 14.3637 2.5
    endloop
  endfacet
  facet normal -0.608775 0.793343 0
    outer loop
      vertex 8.5 13.9641 2.5
      vertex 7.67157 13.3284 36.5
      vertex 8.5 13.9641 36.5
    endloop
  endfacet
  facet normal -0.608775 0.793343 0
    outer loop
      vertex 7.67157 13.3284 36.5
      vertex 8.5 13.9641 2.5
      vertex 7.67157 13.3284 2.5
    endloop
  endfacet
  facet normal -0.793346 0.608771 0
    outer loop
      vertex 7.0359 12.5 2.5
      vertex 7.67157 13.3284 36.5
      vertex 7.67157 13.3284 2.5
    endloop
  endfacet
  facet normal -0.793346 0.608771 0
    outer loop
      vertex 7.67157 13.3284 36.5
      vertex 7.0359 12.5 2.5
      vertex 7.0359 12.5 36.5
    endloop
  endfacet
  facet normal -0.382683 0.92388 0
    outer loop
      vertex 9.46472 14.3637 2.5
      vertex 8.5 13.9641 36.5
      vertex 9.46472 14.3637 36.5
    endloop
  endfacet
  facet normal -0.382683 0.92388 0
    outer loop
      vertex 8.5 13.9641 36.5
      vertex 9.46472 14.3637 2.5
      vertex 8.5 13.9641 2.5
    endloop
  endfacet
  facet normal 0.92388 -0.382683 0
    outer loop
      vertex 13.9641 8.5 36.5
      vertex 14.3637 9.46472 2.5
      vertex 14.3637 9.46472 36.5
    endloop
  endfacet
  facet normal 0.92388 -0.382683 0
    outer loop
      vertex 14.3637 9.46472 2.5
      vertex 13.9641 8.5 36.5
      vertex 13.9641 8.5 2.5
    endloop
  endfacet
  facet normal -0.608757 -0.793356 0
    outer loop
      vertex 7.67157 7.67157 2.5
      vertex 8.5 7.0359 36.5
      vertex 7.67157 7.67157 36.5
    endloop
  endfacet
  facet normal -0.608757 -0.793356 -0
    outer loop
      vertex 8.5 7.0359 36.5
      vertex 7.67157 7.67157 2.5
      vertex 8.5 7.0359 2.5
    endloop
  endfacet
  facet normal 0.793332 0.608789 0
    outer loop
      vertex 13.9641 12.5 36.5
      vertex 13.3284 13.3284 2.5
      vertex 13.3284 13.3284 36.5
    endloop
  endfacet
  facet normal 0.793332 0.608789 0
    outer loop
      vertex 13.3284 13.3284 2.5
      vertex 13.9641 12.5 36.5
      vertex 13.9641 12.5 2.5
    endloop
  endfacet
  facet normal -0.923877 0.38269 0
    outer loop
      vertex 6.6363 11.5353 2.5
      vertex 7.0359 12.5 36.5
      vertex 7.0359 12.5 2.5
    endloop
  endfacet
  facet normal -0.923877 0.38269 0
    outer loop
      vertex 7.0359 12.5 36.5
      vertex 6.6363 11.5353 2.5
      vertex 6.6363 11.5353 36.5
    endloop
  endfacet
  facet normal 0 0 1
    outer loop
      vertex 11.9 10.5 36.5
      vertex 14.5 10.5 36.5
      vertex 14.3637 11.5353 36.5
    endloop
  endfacet
  facet normal 0 0 1
    outer loop
      vertex 11.8315 10.9326 36.5
      vertex 14.3637 11.5353 36.5
      vertex 13.9641 12.5 36.5
    endloop
  endfacet
  facet normal 0 0 1
    outer loop
      vertex 14.5 10.5 36.5
      vertex 11.9 10.5 36.5
      vertex 14.3637 9.46472 36.5
    endloop
  endfacet
  facet normal 0 0 1
    outer loop
      vertex 11.6326 11.3229 36.5
      vertex 13.9641 12.5 36.5
      vertex 13.3284 13.3284 36.5
    endloop
  endfacet
  facet normal -0 0 1
    outer loop
      vertex 11.8315 10.0674 36.5
      vertex 14.3637 9.46472 36.5
      vertex 11.9 10.5 36.5
    endloop
  endfacet
  facet normal 0 0 1
    outer loop
      vertex 11.3229 11.6326 36.5
      vertex 13.3284 13.3284 36.5
      vertex 12.5 13.9641 36.5
    endloop
  endfacet
  facet normal 0 0 1
    outer loop
      vertex 14.3637 9.46472 36.5
      vertex 11.8315 10.0674 36.5
      vertex 13.9641 8.5 36.5
    endloop
  endfacet
  facet normal -0 0 1
    outer loop
      vertex 11.6326 9.6771 36.5
      vertex 13.9641 8.5 36.5
      vertex 11.8315 10.0674 36.5
    endloop
  endfacet
  facet normal 0 0 1
    outer loop
      vertex 14.3637 11.5353 36.5
      vertex 11.8315 10.9326 36.5
      vertex 11.9 10.5 36.5
    endloop
  endfacet
  facet normal 0 0 1
    outer loop
      vertex 13.9641 12.5 36.5
      vertex 11.6326 11.3229 36.5
      vertex 11.8315 10.9326 36.5
    endloop
  endfacet
  facet normal 0 0 1
    outer loop
      vertex 10.9326 11.8315 36.5
      vertex 12.5 13.9641 36.5
      vertex 11.5353 14.3637 36.5
    endloop
  endfacet
  facet normal 0 0 1
    outer loop
      vertex 13.3284 13.3284 36.5
      vertex 11.3229 11.6326 36.5
      vertex 11.6326 11.3229 36.5
    endloop
  endfacet
  facet normal 0 0 1
    outer loop
      vertex 12.5 13.9641 36.5
      vertex 10.9326 11.8315 36.5
      vertex 11.3229 11.6326 36.5
    endloop
  endfacet
  facet normal 0 0 1
    outer loop
      vertex 10.5 11.9 36.5
      vertex 11.5353 14.3637 36.5
      vertex 10.5 14.5 36.5
    endloop
  endfacet
  facet normal 0 0 1
    outer loop
      vertex 11.5353 14.3637 36.5
      vertex 10.5 11.9 36.5
      vertex 10.9326 11.8315 36.5
    endloop
  endfacet
  facet normal -0 0 1
    outer loop
      vertex 9.46472 14.3637 36.5
      vertex 10.5 11.9 36.5
      vertex 10.5 14.5 36.5
    endloop
  endfacet
  facet normal 0 0 1
    outer loop
      vertex 10.5 11.9 36.5
      vertex 9.46472 14.3637 36.5
      vertex 10.0674 11.8315 36.5
    endloop
  endfacet
  facet normal -0 0 1
    outer loop
      vertex 8.5 13.9641 36.5
      vertex 10.0674 11.8315 36.5
      vertex 9.46472 14.3637 36.5
    endloop
  endfacet
  facet normal 0 0 1
    outer loop
      vertex 10.0674 11.8315 36.5
      vertex 8.5 13.9641 36.5
      vertex 9.6771 11.6326 36.5
    endloop
  endfacet
  facet normal -0 0 1
    outer loop
      vertex 7.67157 13.3284 36.5
      vertex 9.6771 11.6326 36.5
      vertex 8.5 13.9641 36.5
    endloop
  endfacet
  facet normal 0 0 1
    outer loop
      vertex 9.6771 11.6326 36.5
      vertex 7.67157 13.3284 36.5
      vertex 9.36738 11.3229 36.5
    endloop
  endfacet
  facet normal -0 0 1
    outer loop
      vertex 7.0359 12.5 36.5
      vertex 9.36738 11.3229 36.5
      vertex 7.67157 13.3284 36.5
    endloop
  endfacet
  facet normal 0 0 1
    outer loop
      vertex 13.9641 8.5 36.5
      vertex 11.6326 9.6771 36.5
      vertex 13.3284 7.67157 36.5
    endloop
  endfacet
  facet normal -0 0 1
    outer loop
      vertex 11.3229 9.36738 36.5
      vertex 13.3284 7.67157 36.5
      vertex 11.6326 9.6771 36.5
    endloop
  endfacet
  facet normal 0 0 1
    outer loop
      vertex 13.3284 7.67157 36.5
      vertex 11.3229 9.36738 36.5
      vertex 12.5 7.0359 36.5
    endloop
  endfacet
  facet normal -0 0 1
    outer loop
      vertex 10.9326 9.16852 36.5
      vertex 12.5 7.0359 36.5
      vertex 11.3229 9.36738 36.5
    endloop
  endfacet
  facet normal 0 0 1
    outer loop
      vertex 12.5 7.0359 36.5
      vertex 10.9326 9.16852 36.5
      vertex 11.5353 6.6363 36.5
    endloop
  endfacet
  facet normal -0 0 1
    outer loop
      vertex 10.5 9.1 36.5
      vertex 11.5353 6.6363 36.5
      vertex 10.9326 9.16852 36.5
    endloop
  endfacet
  facet normal 0 0 1
    outer loop
      vertex 10.5 9.1 36.5
      vertex 10.5 6.5 36.5
      vertex 11.5353 6.6363 36.5
    endloop
  endfacet
  facet normal 0 0 1
    outer loop
      vertex 9.46472 6.6363 36.5
      vertex 10.5 9.1 36.5
      vertex 10.0674 9.16852 36.5
    endloop
  endfacet
  facet normal 0 0 1
    outer loop
      vertex 8.5 7.0359 36.5
      vertex 10.0674 9.16852 36.5
      vertex 9.6771 9.36738 36.5
    endloop
  endfacet
  facet normal 0 0 1
    outer loop
      vertex 10.5 9.1 36.5
      vertex 9.46472 6.6363 36.5
      vertex 10.5 6.5 36.5
    endloop
  endfacet
  facet normal 0 0 1
    outer loop
      vertex 7.67157 7.67157 36.5
      vertex 9.6771 9.36738 36.5
      vertex 9.36738 9.6771 36.5
    endloop
  endfacet
  facet normal 0 0 1
    outer loop
      vertex 7.0359 8.5 36.5
      vertex 9.36738 9.6771 36.5
      vertex 9.16852 10.0674 36.5
    endloop
  endfacet
  facet normal 0 0 1
    outer loop
      vertex 6.6363 9.46472 36.5
      vertex 9.16852 10.0674 36.5
      vertex 9.1 10.5 36.5
    endloop
  endfacet
  facet normal 0 0 1
    outer loop
      vertex 9.36738 11.3229 36.5
      vertex 7.0359 12.5 36.5
      vertex 9.16852 10.9326 36.5
    endloop
  endfacet
  facet normal 0 0 1
    outer loop
      vertex 10.0674 9.16852 36.5
      vertex 8.5 7.0359 36.5
      vertex 9.46472 6.6363 36.5
    endloop
  endfacet
  facet normal -0 0 1
    outer loop
      vertex 6.6363 11.5353 36.5
      vertex 9.16852 10.9326 36.5
      vertex 7.0359 12.5 36.5
    endloop
  endfacet
  facet normal 0 0 1
    outer loop
      vertex 9.6771 9.36738 36.5
      vertex 7.67157 7.67157 36.5
      vertex 8.5 7.0359 36.5
    endloop
  endfacet
  facet normal 0 0 1
    outer loop
      vertex 9.16852 10.9326 36.5
      vertex 6.6363 11.5353 36.5
      vertex 9.1 10.5 36.5
    endloop
  endfacet
  facet normal 0 0 1
    outer loop
      vertex 9.36738 9.6771 36.5
      vertex 7.0359 8.5 36.5
      vertex 7.67157 7.67157 36.5
    endloop
  endfacet
  facet normal 0 0 1
    outer loop
      vertex 6.5 10.5 36.5
      vertex 9.1 10.5 36.5
      vertex 6.6363 11.5353 36.5
    endloop
  endfacet
  facet normal 0 0 1
    outer loop
      vertex 9.16852 10.0674 36.5
      vertex 6.6363 9.46472 36.5
      vertex 7.0359 8.5 36.5
    endloop
  endfacet
  facet normal 0 0 1
    outer loop
      vertex 9.1 10.5 36.5
      vertex 6.5 10.5 36.5
      vertex 6.6363 9.46472 36.5
    endloop
  endfacet
  facet normal -0.130529 0.991445 0
    outer loop
      vertex 10.5 14.5 2.5
      vertex 9.46472 14.3637 36.5
      vertex 10.5 14.5 36.5
    endloop
  endfacet
  facet normal -0.130529 0.991445 0
    outer loop
      vertex 9.46472 14.3637 36.5
      vertex 10.5 14.5 2.5
      vertex 9.46472 14.3637 2.5
    endloop
  endfacet
  facet normal 0.991445 -0.130529 0
    outer loop
      vertex 14.3637 9.46472 36.5
      vertex 14.5 10.5 2.5
      vertex 14.5 10.5 36.5
    endloop
  endfacet
  facet normal 0.991445 -0.130529 0
    outer loop
      vertex 14.5 10.5 2.5
      vertex 14.3637 9.46472 36.5
      vertex 14.3637 9.46472 2.5
    endloop
  endfacet
  facet normal 0.130526 -0.991445 0
    outer loop
      vertex 10.5 6.5 2.5
      vertex 11.5353 6.6363 36.5
      vertex 10.5 6.5 36.5
    endloop
  endfacet
  facet normal 0.130526 -0.991445 0
    outer loop
      vertex 11.5353 6.6363 36.5
      vertex 10.5 6.5 2.5
      vertex 11.5353 6.6363 2.5
    endloop
  endfacet
  facet normal 0.608771 -0.793346 0
    outer loop
      vertex 12.5 7.0359 2.5
      vertex 13.3284 7.67157 36.5
      vertex 12.5 7.0359 36.5
    endloop
  endfacet
  facet normal 0.608771 -0.793346 0
    outer loop
      vertex 13.3284 7.67157 36.5
      vertex 12.5 7.0359 2.5
      vertex 13.3284 7.67157 2.5
    endloop
  endfacet
  facet normal -0.382683 -0.92388 0
    outer loop
      vertex 8.5 7.0359 2.5
      vertex 9.46472 6.6363 36.5
      vertex 8.5 7.0359 36.5
    endloop
  endfacet
  facet normal -0.382683 -0.92388 -0
    outer loop
      vertex 9.46472 6.6363 36.5
      vertex 8.5 7.0359 2.5
      vertex 9.46472 6.6363 2.5
    endloop
  endfacet
  facet normal -0.793356 -0.608757 0
    outer loop
      vertex 7.67157 7.67157 2.5
      vertex 7.0359 8.5 36.5
      vertex 7.0359 8.5 2.5
    endloop
  endfacet
  facet normal -0.793356 -0.608757 0
    outer loop
      vertex 7.0359 8.5 36.5
      vertex 7.67157 7.67157 2.5
      vertex 7.67157 7.67157 36.5
    endloop
  endfacet
  facet normal -0.991445 -0.130529 0
    outer loop
      vertex 6.6363 9.46472 2.5
      vertex 6.5 10.5 36.5
      vertex 6.5 10.5 2.5
    endloop
  endfacet
  facet normal -0.991445 -0.130529 0
    outer loop
      vertex 6.5 10.5 36.5
      vertex 6.6363 9.46472 2.5
      vertex 6.6363 9.46472 36.5
    endloop
  endfacet
  facet normal 0.38269 -0.923877 0
    outer loop
      vertex 11.5353 6.6363 2.5
      vertex 12.5 7.0359 36.5
      vertex 11.5353 6.6363 36.5
    endloop
  endfacet
  facet normal 0.38269 -0.923877 0
    outer loop
      vertex 12.5 7.0359 36.5
      vertex 11.5353 6.6363 2.5
      vertex 12.5 7.0359 2.5
    endloop
  endfacet
  facet normal 0.793343 -0.608775 0
    outer loop
      vertex 13.3284 7.67157 36.5
      vertex 13.9641 8.5 2.5
      vertex 13.9641 8.5 36.5
    endloop
  endfacet
  facet normal 0.793343 -0.608775 0
    outer loop
      vertex 13.9641 8.5 2.5
      vertex 13.3284 7.67157 36.5
      vertex 13.3284 7.67157 2.5
    endloop
  endfacet
  facet normal -0.130529 -0.991445 0
    outer loop
      vertex 9.46472 6.6363 2.5
      vertex 10.5 6.5 36.5
      vertex 9.46472 6.6363 36.5
    endloop
  endfacet
  facet normal -0.130529 -0.991445 -0
    outer loop
      vertex 10.5 6.5 36.5
      vertex 9.46472 6.6363 2.5
      vertex 10.5 6.5 2.5
    endloop
  endfacet
  facet normal -0.92388 -0.382683 0
    outer loop
      vertex 7.0359 8.5 2.5
      vertex 6.6363 9.46472 36.5
      vertex 6.6363 9.46472 2.5
    endloop
  endfacet
  facet normal -0.92388 -0.382683 0
    outer loop
      vertex 6.6363 9.46472 36.5
      vertex 7.0359 8.5 2.5
      vertex 7.0359 8.5 36.5
    endloop
  endfacet
  facet normal 0.987687 -0.156441 0
    outer loop
      vertex 9.1 10.5 36.5
      vertex 9.16852 10.9326 28.5
      vertex 9.16852 10.9326 36.5
    endloop
  endfacet
  facet normal 0.987687 -0.156441 0
    outer loop
      vertex 9.16852 10.9326 28.5
      vertex 9.1 10.5 36.5
      vertex 9.1 10.5 28.5
    endloop
  endfacet
  facet normal -0.707107 -0.707107 0
    outer loop
      vertex 11.6326 11.3229 28.5
      vertex 11.3229 11.6326 36.5
      vertex 11.3229 11.6326 28.5
    endloop
  endfacet
  facet normal -0.707107 -0.707107 0
    outer loop
      vertex 11.3229 11.6326 36.5
      vertex 11.6326 11.3229 28.5
      vertex 11.6326 11.3229 36.5
    endloop
  endfacet
  facet normal -0.890977 -0.454049 0
    outer loop
      vertex 11.8315 10.9326 28.5
      vertex 11.6326 11.3229 36.5
      vertex 11.6326 11.3229 28.5
    endloop
  endfacet
  facet normal -0.890977 -0.454049 0
    outer loop
      vertex 11.6326 11.3229 36.5
      vertex 11.8315 10.9326 28.5
      vertex 11.8315 10.9326 36.5
    endloop
  endfacet
  facet normal -0.156396 -0.987694 0
    outer loop
      vertex 10.5 11.9 28.5
      vertex 10.9326 11.8315 36.5
      vertex 10.5 11.9 36.5
    endloop
  endfacet
  facet normal -0.156396 -0.987694 -0
    outer loop
      vertex 10.9326 11.8315 36.5
      vertex 10.5 11.9 28.5
      vertex 10.9326 11.8315 28.5
    endloop
  endfacet
  facet normal -0.454049 -0.890977 0
    outer loop
      vertex 10.9326 11.8315 28.5
      vertex 11.3229 11.6326 36.5
      vertex 10.9326 11.8315 36.5
    endloop
  endfacet
  facet normal -0.454049 -0.890977 -0
    outer loop
      vertex 11.3229 11.6326 36.5
      vertex 10.9326 11.8315 28.5
      vertex 11.3229 11.6326 28.5
    endloop
  endfacet
  facet normal 0.454049 -0.890977 0
    outer loop
      vertex 9.6771 11.6326 28.5
      vertex 10.0674 11.8315 36.5
      vertex 9.6771 11.6326 36.5
    endloop
  endfacet
  facet normal 0.454049 -0.890977 0
    outer loop
      vertex 10.0674 11.8315 36.5
      vertex 9.6771 11.6326 28.5
      vertex 10.0674 11.8315 28.5
    endloop
  endfacet
  facet normal 0.707084 -0.70713 0
    outer loop
      vertex 9.36738 11.3229 36.5
      vertex 9.6771 11.6326 28.5
      vertex 9.6771 11.6326 36.5
    endloop
  endfacet
  facet normal 0.707084 -0.70713 0
    outer loop
      vertex 9.6771 11.6326 28.5
      vertex 9.36738 11.3229 36.5
      vertex 9.36738 11.3229 28.5
    endloop
  endfacet
  facet normal -0.987694 0.156396 0
    outer loop
      vertex 11.8315 10.0674 28.5
      vertex 11.9 10.5 36.5
      vertex 11.9 10.5 28.5
    endloop
  endfacet
  facet normal -0.987694 0.156396 0
    outer loop
      vertex 11.9 10.5 36.5
      vertex 11.8315 10.0674 28.5
      vertex 11.8315 10.0674 36.5
    endloop
  endfacet
  facet normal 0.156396 -0.987694 0
    outer loop
      vertex 10.0674 11.8315 28.5
      vertex 10.5 11.9 36.5
      vertex 10.0674 11.8315 36.5
    endloop
  endfacet
  facet normal 0.156396 -0.987694 0
    outer loop
      vertex 10.5 11.9 36.5
      vertex 10.0674 11.8315 28.5
      vertex 10.5 11.9 28.5
    endloop
  endfacet
  facet normal 0.891014 -0.453976 0
    outer loop
      vertex 9.16852 10.9326 36.5
      vertex 9.36738 11.3229 28.5
      vertex 9.36738 11.3229 36.5
    endloop
  endfacet
  facet normal 0.891014 -0.453976 0
    outer loop
      vertex 9.36738 11.3229 28.5
      vertex 9.16852 10.9326 36.5
      vertex 9.16852 10.9326 28.5
    endloop
  endfacet
  facet normal -0.987694 -0.156396 0
    outer loop
      vertex 11.9 10.5 28.5
      vertex 11.8315 10.9326 36.5
      vertex 11.8315 10.9326 28.5
    endloop
  endfacet
  facet normal -0.987694 -0.156396 0
    outer loop
      vertex 11.8315 10.9326 36.5
      vertex 11.9 10.5 28.5
      vertex 11.9 10.5 36.5
    endloop
  endfacet
  facet normal 0.987687 0.156441 0
    outer loop
      vertex 9.16852 10.0674 36.5
      vertex 9.1 10.5 28.5
      vertex 9.1 10.5 36.5
    endloop
  endfacet
  facet normal 0.987687 0.156441 0
    outer loop
      vertex 9.1 10.5 28.5
      vertex 9.16852 10.0674 36.5
      vertex 9.16852 10.0674 28.5
    endloop
  endfacet
  facet normal -0.453976 0.891014 0
    outer loop
      vertex 11.3229 9.36738 28.5
      vertex 10.9326 9.16852 36.5
      vertex 11.3229 9.36738 36.5
    endloop
  endfacet
  facet normal -0.453976 0.891014 0
    outer loop
      vertex 10.9326 9.16852 36.5
      vertex 11.3229 9.36738 28.5
      vertex 10.9326 9.16852 28.5
    endloop
  endfacet
  facet normal -0.70713 0.707084 0
    outer loop
      vertex 11.3229 9.36738 28.5
      vertex 11.6326 9.6771 36.5
      vertex 11.6326 9.6771 28.5
    endloop
  endfacet
  facet normal -0.70713 0.707084 0
    outer loop
      vertex 11.6326 9.6771 36.5
      vertex 11.3229 9.36738 28.5
      vertex 11.3229 9.36738 36.5
    endloop
  endfacet
  facet normal -0.890977 0.454049 0
    outer loop
      vertex 11.6326 9.6771 28.5
      vertex 11.8315 10.0674 36.5
      vertex 11.8315 10.0674 28.5
    endloop
  endfacet
  facet normal -0.890977 0.454049 0
    outer loop
      vertex 11.8315 10.0674 36.5
      vertex 11.6326 9.6771 28.5
      vertex 11.6326 9.6771 36.5
    endloop
  endfacet
  facet normal 0.707107 0.707107 0
    outer loop
      vertex 9.6771 9.36738 36.5
      vertex 9.36738 9.6771 28.5
      vertex 9.36738 9.6771 36.5
    endloop
  endfacet
  facet normal 0.707107 0.707107 0
    outer loop
      vertex 9.36738 9.6771 28.5
      vertex 9.6771 9.36738 36.5
      vertex 9.6771 9.36738 28.5
    endloop
  endfacet
  facet normal 0.453976 0.891014 -0
    outer loop
      vertex 10.0674 9.16852 28.5
      vertex 9.6771 9.36738 36.5
      vertex 10.0674 9.16852 36.5
    endloop
  endfacet
  facet normal 0.453976 0.891014 0
    outer loop
      vertex 9.6771 9.36738 36.5
      vertex 10.0674 9.16852 28.5
      vertex 9.6771 9.36738 28.5
    endloop
  endfacet
  facet normal 0.156441 0.987687 -0
    outer loop
      vertex 10.5 9.1 28.5
      vertex 10.0674 9.16852 36.5
      vertex 10.5 9.1 36.5
    endloop
  endfacet
  facet normal 0.156441 0.987687 0
    outer loop
      vertex 10.0674 9.16852 36.5
      vertex 10.5 9.1 28.5
      vertex 10.0674 9.16852 28.5
    endloop
  endfacet
  facet normal 0 0 1
    outer loop
      vertex 11.8315 10.9326 28.5
      vertex 11.8315 10.0674 28.5
      vertex 11.9 10.5 28.5
    endloop
  endfacet
  facet normal 0 0 1
    outer loop
      vertex 11.6326 11.3229 28.5
      vertex 11.8315 10.0674 28.5
      vertex 11.8315 10.9326 28.5
    endloop
  endfacet
  facet normal 0 0 1
    outer loop
      vertex 11.6326 11.3229 28.5
      vertex 11.6326 9.6771 28.5
      vertex 11.8315 10.0674 28.5
    endloop
  endfacet
  facet normal 0 0 1
    outer loop
      vertex 11.3229 11.6326 28.5
      vertex 11.6326 9.6771 28.5
      vertex 11.6326 11.3229 28.5
    endloop
  endfacet
  facet normal 0 0 1
    outer loop
      vertex 11.3229 11.6326 28.5
      vertex 11.3229 9.36738 28.5
      vertex 11.6326 9.6771 28.5
    endloop
  endfacet
  facet normal 0 0 1
    outer loop
      vertex 10.9326 11.8315 28.5
      vertex 11.3229 9.36738 28.5
      vertex 11.3229 11.6326 28.5
    endloop
  endfacet
  facet normal 0 0 1
    outer loop
      vertex 10.9326 11.8315 28.5
      vertex 10.9326 9.16852 28.5
      vertex 11.3229 9.36738 28.5
    endloop
  endfacet
  facet normal 0 0 1
    outer loop
      vertex 10.5 11.9 28.5
      vertex 10.9326 9.16852 28.5
      vertex 10.9326 11.8315 28.5
    endloop
  endfacet
  facet normal 0 0 1
    outer loop
      vertex 10.5 11.9 28.5
      vertex 10.5 9.1 28.5
      vertex 10.9326 9.16852 28.5
    endloop
  endfacet
  facet normal -0 0 1
    outer loop
      vertex 10.0674 11.8315 28.5
      vertex 10.5 9.1 28.5
      vertex 10.5 11.9 28.5
    endloop
  endfacet
  facet normal 0 0 1
    outer loop
      vertex 10.0674 11.8315 28.5
      vertex 10.0674 9.16852 28.5
      vertex 10.5 9.1 28.5
    endloop
  endfacet
  facet normal -0 0 1
    outer loop
      vertex 9.6771 11.6326 28.5
      vertex 10.0674 9.16852 28.5
      vertex 10.0674 11.8315 28.5
    endloop
  endfacet
  facet normal 0 0 1
    outer loop
      vertex 9.6771 11.6326 28.5
      vertex 9.6771 9.36738 28.5
      vertex 10.0674 9.16852 28.5
    endloop
  endfacet
  facet normal -0 0 1
    outer loop
      vertex 9.36738 11.3229 28.5
      vertex 9.6771 9.36738 28.5
      vertex 9.6771 11.6326 28.5
    endloop
  endfacet
  facet normal 0 0 1
    outer loop
      vertex 9.36738 11.3229 28.5
      vertex 9.36738 9.6771 28.5
      vertex 9.6771 9.36738 28.5
    endloop
  endfacet
  facet normal -0 0 1
    outer loop
      vertex 9.16852 10.9326 28.5
      vertex 9.36738 9.6771 28.5
      vertex 9.36738 11.3229 28.5
    endloop
  endfacet
  facet normal 0 0 1
    outer loop
      vertex 9.16852 10.9326 28.5
      vertex 9.16852 10.0674 28.5
      vertex 9.36738 9.6771 28.5
    endloop
  endfacet
  facet normal 0 -0 1
    outer loop
      vertex 9.16852 10.0674 28.5
      vertex 9.16852 10.9326 28.5
      vertex 9.1 10.5 28.5
    endloop
  endfacet
  facet normal 0.891014 0.453976 0
    outer loop
      vertex 9.36738 9.6771 36.5
      vertex 9.16852 10.0674 28.5
      vertex 9.16852 10.0674 36.5
    endloop
  endfacet
  facet normal 0.891014 0.453976 0
    outer loop
      vertex 9.16852 10.0674 28.5
      vertex 9.36738 9.6771 36.5
      vertex 9.36738 9.6771 28.5
    endloop
  endfacet
  facet normal -0.156441 0.987687 0
    outer loop
      vertex 10.9326 9.16852 28.5
      vertex 10.5 9.1 36.5
      vertex 10.9326 9.16852 36.5
    endloop
  endfacet
  facet normal -0.156441 0.987687 0
    outer loop
      vertex 10.5 9.1 36.5
      vertex 10.9326 9.16852 28.5
      vertex 10.5 9.1 28.5
    endloop
  endfacet
  facet normal 0.991482 0.130244 0
    outer loop
      vertex 241.5 10.5 36.5
      vertex 241.364 11.5353 2.5
      vertex 241.364 11.5353 36.5
    endloop
  endfacet
  facet normal 0.991482 0.130244 0
    outer loop
      vertex 241.364 11.5353 2.5
      vertex 241.5 10.5 36.5
      vertex 241.5 10.5 2.5
    endloop
  endfacet
  facet normal -0.991482 0.130244 0
    outer loop
      vertex 233.5 10.5 2.5
      vertex 233.636 11.5353 36.5
      vertex 233.636 11.5353 2.5
    endloop
  endfacet
  facet normal -0.991482 0.130244 0
    outer loop
      vertex 233.636 11.5353 36.5
      vertex 233.5 10.5 2.5
      vertex 233.5 10.5 36.5
    endloop
  endfacet
  facet normal 0.130564 0.99144 -0
    outer loop
      vertex 238.535 14.3637 2.5
      vertex 237.5 14.5 36.5
      vertex 238.535 14.3637 36.5
    endloop
  endfacet
  facet normal 0.130564 0.99144 0
    outer loop
      vertex 237.5 14.5 36.5
      vertex 238.535 14.3637 2.5
      vertex 237.5 14.5 2.5
    endloop
  endfacet
  facet normal 0.608974 0.79319 -0
    outer loop
      vertex 240.328 13.3284 2.5
      vertex 239.5 13.9641 36.5
      vertex 240.328 13.3284 36.5
    endloop
  endfacet
  facet normal 0.608974 0.79319 0
    outer loop
      vertex 239.5 13.9641 36.5
      vertex 240.328 13.3284 2.5
      vertex 239.5 13.9641 2.5
    endloop
  endfacet
  facet normal 0.923741 0.383017 0
    outer loop
      vertex 241.364 11.5353 36.5
      vertex 240.964 12.5 2.5
      vertex 240.964 12.5 36.5
    endloop
  endfacet
  facet normal 0.923741 0.383017 0
    outer loop
      vertex 240.964 12.5 2.5
      vertex 241.364 11.5353 36.5
      vertex 241.364 11.5353 2.5
    endloop
  endfacet
  facet normal 0.382589 0.923919 -0
    outer loop
      vertex 239.5 13.9641 2.5
      vertex 238.535 14.3637 36.5
      vertex 239.5 13.9641 36.5
    endloop
  endfacet
  facet normal 0.382589 0.923919 0
    outer loop
      vertex 238.535 14.3637 36.5
      vertex 239.5 13.9641 2.5
      vertex 238.535 14.3637 2.5
    endloop
  endfacet
  facet normal -0.608974 0.79319 0
    outer loop
      vertex 235.5 13.9641 2.5
      vertex 234.672 13.3284 36.5
      vertex 235.5 13.9641 36.5
    endloop
  endfacet
  facet normal -0.608974 0.79319 0
    outer loop
      vertex 234.672 13.3284 36.5
      vertex 235.5 13.9641 2.5
      vertex 234.672 13.3284 2.5
    endloop
  endfacet
  facet normal -0.793193 0.60897 0
    outer loop
      vertex 234.036 12.5 2.5
      vertex 234.672 13.3284 36.5
      vertex 234.672 13.3284 2.5
    endloop
  endfacet
  facet normal -0.793193 0.60897 0
    outer loop
      vertex 234.672 13.3284 36.5
      vertex 234.036 12.5 2.5
      vertex 234.036 12.5 36.5
    endloop
  endfacet
  facet normal -0.382589 0.923919 0
    outer loop
      vertex 236.465 14.3637 2.5
      vertex 235.5 13.9641 36.5
      vertex 236.465 14.3637 36.5
    endloop
  endfacet
  facet normal -0.382589 0.923919 0
    outer loop
      vertex 235.5 13.9641 36.5
      vertex 236.465 14.3637 2.5
      vertex 235.5 13.9641 2.5
    endloop
  endfacet
  facet normal 0.923744 -0.38301 0
    outer loop
      vertex 240.964 8.5 36.5
      vertex 241.364 9.46472 2.5
      vertex 241.364 9.46472 36.5
    endloop
  endfacet
  facet normal 0.923744 -0.38301 0
    outer loop
      vertex 241.364 9.46472 2.5
      vertex 240.964 8.5 36.5
      vertex 240.964 8.5 2.5
    endloop
  endfacet
  facet normal -0.608956 -0.793204 0
    outer loop
      vertex 234.672 7.67157 2.5
      vertex 235.5 7.0359 36.5
      vertex 234.672 7.67157 36.5
    endloop
  endfacet
  facet normal -0.608956 -0.793204 -0
    outer loop
      vertex 235.5 7.0359 36.5
      vertex 234.672 7.67157 2.5
      vertex 235.5 7.0359 2.5
    endloop
  endfacet
  facet normal 0.793193 0.60897 0
    outer loop
      vertex 240.964 12.5 36.5
      vertex 240.328 13.3284 2.5
      vertex 240.328 13.3284 36.5
    endloop
  endfacet
  facet normal 0.793193 0.60897 0
    outer loop
      vertex 240.328 13.3284 2.5
      vertex 240.964 12.5 36.5
      vertex 240.964 12.5 2.5
    endloop
  endfacet
  facet normal -0.923741 0.383017 0
    outer loop
      vertex 233.636 11.5353 2.5
      vertex 234.036 12.5 36.5
      vertex 234.036 12.5 2.5
    endloop
  endfacet
  facet normal -0.923741 0.383017 0
    outer loop
      vertex 234.036 12.5 36.5
      vertex 233.636 11.5353 2.5
      vertex 233.636 11.5353 36.5
    endloop
  endfacet
  facet normal 0 0 1
    outer loop
      vertex 238.9 10.5 36.5
      vertex 241.5 10.5 36.5
      vertex 241.364 11.5353 36.5
    endloop
  endfacet
  facet normal 0 0 1
    outer loop
      vertex 238.831 10.9326 36.5
      vertex 241.364 11.5353 36.5
      vertex 240.964 12.5 36.5
    endloop
  endfacet
  facet normal 0 0 1
    outer loop
      vertex 241.5 10.5 36.5
      vertex 238.9 10.5 36.5
      vertex 241.364 9.46472 36.5
    endloop
  endfacet
  facet normal 0 0 1
    outer loop
      vertex 238.633 11.3229 36.5
      vertex 240.964 12.5 36.5
      vertex 240.328 13.3284 36.5
    endloop
  endfacet
  facet normal -0 0 1
    outer loop
      vertex 238.831 10.0674 36.5
      vertex 241.364 9.46472 36.5
      vertex 238.9 10.5 36.5
    endloop
  endfacet
  facet normal 0 0 1
    outer loop
      vertex 238.323 11.6326 36.5
      vertex 240.328 13.3284 36.5
      vertex 239.5 13.9641 36.5
    endloop
  endfacet
  facet normal 0 0 1
    outer loop
      vertex 241.364 9.46472 36.5
      vertex 238.831 10.0674 36.5
      vertex 240.964 8.5 36.5
    endloop
  endfacet
  facet normal -0 0 1
    outer loop
      vertex 238.633 9.6771 36.5
      vertex 240.964 8.5 36.5
      vertex 238.831 10.0674 36.5
    endloop
  endfacet
  facet normal 0 0 1
    outer loop
      vertex 241.364 11.5353 36.5
      vertex 238.831 10.9326 36.5
      vertex 238.9 10.5 36.5
    endloop
  endfacet
  facet normal 0 0 1
    outer loop
      vertex 240.964 12.5 36.5
      vertex 238.633 11.3229 36.5
      vertex 238.831 10.9326 36.5
    endloop
  endfacet
  facet normal 0 0 1
    outer loop
      vertex 237.933 11.8315 36.5
      vertex 239.5 13.9641 36.5
      vertex 238.535 14.3637 36.5
    endloop
  endfacet
  facet normal 0 0 1
    outer loop
      vertex 240.328 13.3284 36.5
      vertex 238.323 11.6326 36.5
      vertex 238.633 11.3229 36.5
    endloop
  endfacet
  facet normal 0 0 1
    outer loop
      vertex 239.5 13.9641 36.5
      vertex 237.933 11.8315 36.5
      vertex 238.323 11.6326 36.5
    endloop
  endfacet
  facet normal 0 0 1
    outer loop
      vertex 237.5 11.9 36.5
      vertex 238.535 14.3637 36.5
      vertex 237.5 14.5 36.5
    endloop
  endfacet
  facet normal 0 0 1
    outer loop
      vertex 238.535 14.3637 36.5
      vertex 237.5 11.9 36.5
      vertex 237.933 11.8315 36.5
    endloop
  endfacet
  facet normal -0 0 1
    outer loop
      vertex 236.465 14.3637 36.5
      vertex 237.5 11.9 36.5
      vertex 237.5 14.5 36.5
    endloop
  endfacet
  facet normal 0 0 1
    outer loop
      vertex 237.5 11.9 36.5
      vertex 236.465 14.3637 36.5
      vertex 237.067 11.8315 36.5
    endloop
  endfacet
  facet normal -0 0 1
    outer loop
      vertex 235.5 13.9641 36.5
      vertex 237.067 11.8315 36.5
      vertex 236.465 14.3637 36.5
    endloop
  endfacet
  facet normal 0 0 1
    outer loop
      vertex 237.067 11.8315 36.5
      vertex 235.5 13.9641 36.5
      vertex 236.677 11.6326 36.5
    endloop
  endfacet
  facet normal -0 0 1
    outer loop
      vertex 234.672 13.3284 36.5
      vertex 236.677 11.6326 36.5
      vertex 235.5 13.9641 36.5
    endloop
  endfacet
  facet normal 0 0 1
    outer loop
      vertex 236.677 11.6326 36.5
      vertex 234.672 13.3284 36.5
      vertex 236.367 11.3229 36.5
    endloop
  endfacet
  facet normal -0 0 1
    outer loop
      vertex 234.036 12.5 36.5
      vertex 236.367 11.3229 36.5
      vertex 234.672 13.3284 36.5
    endloop
  endfacet
  facet normal 0 0 1
    outer loop
      vertex 240.964 8.5 36.5
      vertex 238.633 9.6771 36.5
      vertex 240.328 7.67157 36.5
    endloop
  endfacet
  facet normal -0 0 1
    outer loop
      vertex 238.323 9.36738 36.5
      vertex 240.328 7.67157 36.5
      vertex 238.633 9.6771 36.5
    endloop
  endfacet
  facet normal 0 0 1
    outer loop
      vertex 240.328 7.67157 36.5
      vertex 238.323 9.36738 36.5
      vertex 239.5 7.0359 36.5
    endloop
  endfacet
  facet normal -0 0 1
    outer loop
      vertex 237.933 9.16852 36.5
      vertex 239.5 7.0359 36.5
      vertex 238.323 9.36738 36.5
    endloop
  endfacet
  facet normal 0 0 1
    outer loop
      vertex 239.5 7.0359 36.5
      vertex 237.933 9.16852 36.5
      vertex 238.535 6.6363 36.5
    endloop
  endfacet
  facet normal -0 0 1
    outer loop
      vertex 237.5 9.1 36.5
      vertex 238.535 6.6363 36.5
      vertex 237.933 9.16852 36.5
    endloop
  endfacet
  facet normal 0 0 1
    outer loop
      vertex 237.5 9.1 36.5
      vertex 237.5 6.5 36.5
      vertex 238.535 6.6363 36.5
    endloop
  endfacet
  facet normal 0 0 1
    outer loop
      vertex 236.465 6.6363 36.5
      vertex 237.5 9.1 36.5
      vertex 237.067 9.16852 36.5
    endloop
  endfacet
  facet normal 0 0 1
    outer loop
      vertex 235.5 7.0359 36.5
      vertex 237.067 9.16852 36.5
      vertex 236.677 9.36738 36.5
    endloop
  endfacet
  facet normal 0 0 1
    outer loop
      vertex 237.5 9.1 36.5
      vertex 236.465 6.6363 36.5
      vertex 237.5 6.5 36.5
    endloop
  endfacet
  facet normal 0 0 1
    outer loop
      vertex 234.672 7.67157 36.5
      vertex 236.677 9.36738 36.5
      vertex 236.367 9.6771 36.5
    endloop
  endfacet
  facet normal 0 0 1
    outer loop
      vertex 234.036 8.5 36.5
      vertex 236.367 9.6771 36.5
      vertex 236.169 10.0674 36.5
    endloop
  endfacet
  facet normal 0 0 1
    outer loop
      vertex 233.636 9.46472 36.5
      vertex 236.169 10.0674 36.5
      vertex 236.1 10.5 36.5
    endloop
  endfacet
  facet normal 0 0 1
    outer loop
      vertex 236.367 11.3229 36.5
      vertex 234.036 12.5 36.5
      vertex 236.169 10.9326 36.5
    endloop
  endfacet
  facet normal 0 0 1
    outer loop
      vertex 237.067 9.16852 36.5
      vertex 235.5 7.0359 36.5
      vertex 236.465 6.6363 36.5
    endloop
  endfacet
  facet normal -0 0 1
    outer loop
      vertex 233.636 11.5353 36.5
      vertex 236.169 10.9326 36.5
      vertex 234.036 12.5 36.5
    endloop
  endfacet
  facet normal 0 0 1
    outer loop
      vertex 236.677 9.36738 36.5
      vertex 234.672 7.67157 36.5
      vertex 235.5 7.0359 36.5
    endloop
  endfacet
  facet normal 0 0 1
    outer loop
      vertex 236.169 10.9326 36.5
      vertex 233.636 11.5353 36.5
      vertex 236.1 10.5 36.5
    endloop
  endfacet
  facet normal 0 0 1
    outer loop
      vertex 236.367 9.6771 36.5
      vertex 234.036 8.5 36.5
      vertex 234.672 7.67157 36.5
    endloop
  endfacet
  facet normal 0 0 1
    outer loop
      vertex 233.5 10.5 36.5
      vertex 236.1 10.5 36.5
      vertex 233.636 11.5353 36.5
    endloop
  endfacet
  facet normal 0 0 1
    outer loop
      vertex 236.169 10.0674 36.5
      vertex 233.636 9.46472 36.5
      vertex 234.036 8.5 36.5
    endloop
  endfacet
  facet normal 0 0 1
    outer loop
      vertex 236.1 10.5 36.5
      vertex 233.5 10.5 36.5
      vertex 233.636 9.46472 36.5
    endloop
  endfacet
  facet normal -0.130564 0.99144 0
    outer loop
      vertex 237.5 14.5 2.5
      vertex 236.465 14.3637 36.5
      vertex 237.5 14.5 36.5
    endloop
  endfacet
  facet normal -0.130564 0.99144 0
    outer loop
      vertex 236.465 14.3637 36.5
      vertex 237.5 14.5 2.5
      vertex 236.465 14.3637 2.5
    endloop
  endfacet
  facet normal 0.991482 -0.130246 0
    outer loop
      vertex 241.364 9.46472 36.5
      vertex 241.5 10.5 2.5
      vertex 241.5 10.5 36.5
    endloop
  endfacet
  facet normal 0.991482 -0.130246 0
    outer loop
      vertex 241.5 10.5 2.5
      vertex 241.364 9.46472 36.5
      vertex 241.364 9.46472 2.5
    endloop
  endfacet
  facet normal 0.130564 -0.99144 0
    outer loop
      vertex 237.5 6.5 2.5
      vertex 238.535 6.6363 36.5
      vertex 237.5 6.5 36.5
    endloop
  endfacet
  facet normal 0.130564 -0.99144 0
    outer loop
      vertex 238.535 6.6363 36.5
      vertex 237.5 6.5 2.5
      vertex 238.535 6.6363 2.5
    endloop
  endfacet
  facet normal 0.608956 -0.793204 0
    outer loop
      vertex 239.5 7.0359 2.5
      vertex 240.328 7.67157 36.5
      vertex 239.5 7.0359 36.5
    endloop
  endfacet
  facet normal 0.608956 -0.793204 0
    outer loop
      vertex 240.328 7.67157 36.5
      vertex 239.5 7.0359 2.5
      vertex 240.328 7.67157 2.5
    endloop
  endfacet
  facet normal -0.382589 -0.923919 0
    outer loop
      vertex 235.5 7.0359 2.5
      vertex 236.465 6.6363 36.5
      vertex 235.5 7.0359 36.5
    endloop
  endfacet
  facet normal -0.382589 -0.923919 -0
    outer loop
      vertex 236.465 6.6363 36.5
      vertex 235.5 7.0359 2.5
      vertex 236.465 6.6363 2.5
    endloop
  endfacet
  facet normal -0.793204 -0.608956 0
    outer loop
      vertex 234.672 7.67157 2.5
      vertex 234.036 8.5 36.5
      vertex 234.036 8.5 2.5
    endloop
  endfacet
  facet normal -0.793204 -0.608956 0
    outer loop
      vertex 234.036 8.5 36.5
      vertex 234.672 7.67157 2.5
      vertex 234.672 7.67157 36.5
    endloop
  endfacet
  facet normal -0.991482 -0.130246 0
    outer loop
      vertex 233.636 9.46472 2.5
      vertex 233.5 10.5 36.5
      vertex 233.5 10.5 2.5
    endloop
  endfacet
  facet normal -0.991482 -0.130246 0
    outer loop
      vertex 233.5 10.5 36.5
      vertex 233.636 9.46472 2.5
      vertex 233.636 9.46472 36.5
    endloop
  endfacet
  facet normal 0.382589 -0.923919 0
    outer loop
      vertex 238.535 6.6363 2.5
      vertex 239.5 7.0359 36.5
      vertex 238.535 6.6363 36.5
    endloop
  endfacet
  facet normal 0.382589 -0.923919 0
    outer loop
      vertex 239.5 7.0359 36.5
      vertex 238.535 6.6363 2.5
      vertex 239.5 7.0359 2.5
    endloop
  endfacet
  facet normal 0.793204 -0.608956 0
    outer loop
      vertex 240.328 7.67157 36.5
      vertex 240.964 8.5 2.5
      vertex 240.964 8.5 36.5
    endloop
  endfacet
  facet normal 0.793204 -0.608956 0
    outer loop
      vertex 240.964 8.5 2.5
      vertex 240.328 7.67157 36.5
      vertex 240.328 7.67157 2.5
    endloop
  endfacet
  facet normal -0.130564 -0.99144 0
    outer loop
      vertex 236.465 6.6363 2.5
      vertex 237.5 6.5 36.5
      vertex 236.465 6.6363 36.5
    endloop
  endfacet
  facet normal -0.130564 -0.99144 -0
    outer loop
      vertex 237.5 6.5 36.5
      vertex 236.465 6.6363 2.5
      vertex 237.5 6.5 2.5
    endloop
  endfacet
  facet normal -0.923744 -0.38301 0
    outer loop
      vertex 234.036 8.5 2.5
      vertex 233.636 9.46472 36.5
      vertex 233.636 9.46472 2.5
    endloop
  endfacet
  facet normal -0.923744 -0.38301 0
    outer loop
      vertex 233.636 9.46472 36.5
      vertex 234.036 8.5 2.5
      vertex 234.036 8.5 36.5
    endloop
  endfacet
  facet normal 0.987517 -0.15751 0
    outer loop
      vertex 236.1 10.5 36.5
      vertex 236.169 10.9326 28.5
      vertex 236.169 10.9326 36.5
    endloop
  endfacet
  facet normal 0.987517 -0.15751 0
    outer loop
      vertex 236.169 10.9326 28.5
      vertex 236.1 10.5 36.5
      vertex 236.1 10.5 28.5
    endloop
  endfacet
  facet normal -0.706764 -0.707449 0
    outer loop
      vertex 238.633 11.3229 28.5
      vertex 238.323 11.6326 36.5
      vertex 238.323 11.6326 28.5
    endloop
  endfacet
  facet normal -0.706764 -0.707449 0
    outer loop
      vertex 238.323 11.6326 36.5
      vertex 238.633 11.3229 28.5
      vertex 238.633 11.3229 36.5
    endloop
  endfacet
  facet normal -0.891807 -0.452416 0
    outer loop
      vertex 238.831 10.9326 28.5
      vertex 238.633 11.3229 36.5
      vertex 238.633 11.3229 28.5
    endloop
  endfacet
  facet normal -0.891807 -0.452416 0
    outer loop
      vertex 238.633 11.3229 36.5
      vertex 238.831 10.9326 28.5
      vertex 238.831 10.9326 36.5
    endloop
  endfacet
  facet normal -0.156255 -0.987717 0
    outer loop
      vertex 237.5 11.9 28.5
      vertex 237.933 11.8315 36.5
      vertex 237.5 11.9 36.5
    endloop
  endfacet
  facet normal -0.156255 -0.987717 -0
    outer loop
      vertex 237.933 11.8315 36.5
      vertex 237.5 11.9 28.5
      vertex 237.933 11.8315 28.5
    endloop
  endfacet
  facet normal -0.454326 -0.890835 0
    outer loop
      vertex 237.933 11.8315 28.5
      vertex 238.323 11.6326 36.5
      vertex 237.933 11.8315 36.5
    endloop
  endfacet
  facet normal -0.454326 -0.890835 -0
    outer loop
      vertex 238.323 11.6326 36.5
      vertex 237.933 11.8315 28.5
      vertex 238.323 11.6326 28.5
    endloop
  endfacet
  facet normal 0.454326 -0.890835 0
    outer loop
      vertex 236.677 11.6326 28.5
      vertex 237.067 11.8315 36.5
      vertex 236.677 11.6326 36.5
    endloop
  endfacet
  facet normal 0.454326 -0.890835 0
    outer loop
      vertex 237.067 11.8315 36.5
      vertex 236.677 11.6326 28.5
      vertex 237.067 11.8315 28.5
    endloop
  endfacet
  facet normal 0.706764 -0.707449 0
    outer loop
      vertex 236.367 11.3229 36.5
      vertex 236.677 11.6326 28.5
      vertex 236.677 11.6326 36.5
    endloop
  endfacet
  facet normal 0.706764 -0.707449 0
    outer loop
      vertex 236.677 11.6326 28.5
      vertex 236.367 11.3229 36.5
      vertex 236.367 11.3229 28.5
    endloop
  endfacet
  facet normal -0.987517 0.15751 0
    outer loop
      vertex 238.831 10.0674 28.5
      vertex 238.9 10.5 36.5
      vertex 238.9 10.5 28.5
    endloop
  endfacet
  facet normal -0.987517 0.15751 0
    outer loop
      vertex 238.9 10.5 36.5
      vertex 238.831 10.0674 28.5
      vertex 238.831 10.0674 36.5
    endloop
  endfacet
  facet normal 0.156255 -0.987717 0
    outer loop
      vertex 237.067 11.8315 28.5
      vertex 237.5 11.9 36.5
      vertex 237.067 11.8315 36.5
    endloop
  endfacet
  facet normal 0.156255 -0.987717 0
    outer loop
      vertex 237.5 11.9 36.5
      vertex 237.067 11.8315 28.5
      vertex 237.5 11.9 28.5
    endloop
  endfacet
  facet normal 0.891807 -0.452416 0
    outer loop
      vertex 236.169 10.9326 36.5
      vertex 236.367 11.3229 28.5
      vertex 236.367 11.3229 36.5
    endloop
  endfacet
  facet normal 0.891807 -0.452416 0
    outer loop
      vertex 236.367 11.3229 28.5
      vertex 236.169 10.9326 36.5
      vertex 236.169 10.9326 28.5
    endloop
  endfacet
  facet normal -0.987517 -0.15751 0
    outer loop
      vertex 238.9 10.5 28.5
      vertex 238.831 10.9326 36.5
      vertex 238.831 10.9326 28.5
    endloop
  endfacet
  facet normal -0.987517 -0.15751 0
    outer loop
      vertex 238.831 10.9326 36.5
      vertex 238.9 10.5 28.5
      vertex 238.9 10.5 36.5
    endloop
  endfacet
  facet normal 0.987517 0.15751 0
    outer loop
      vertex 236.169 10.0674 36.5
      vertex 236.1 10.5 28.5
      vertex 236.1 10.5 36.5
    endloop
  endfacet
  facet normal 0.987517 0.15751 0
    outer loop
      vertex 236.1 10.5 28.5
      vertex 236.169 10.0674 36.5
      vertex 236.169 10.0674 28.5
    endloop
  endfacet
  facet normal -0.454254 0.890872 0
    outer loop
      vertex 238.323 9.36738 28.5
      vertex 237.933 9.16852 36.5
      vertex 238.323 9.36738 36.5
    endloop
  endfacet
  facet normal -0.454254 0.890872 0
    outer loop
      vertex 237.933 9.16852 36.5
      vertex 238.323 9.36738 28.5
      vertex 237.933 9.16852 28.5
    endloop
  endfacet
  facet normal -0.706787 0.707426 0
    outer loop
      vertex 238.323 9.36738 28.5
      vertex 238.633 9.6771 36.5
      vertex 238.633 9.6771 28.5
    endloop
  endfacet
  facet normal -0.706787 0.707426 0
    outer loop
      vertex 238.633 9.6771 36.5
      vertex 238.323 9.36738 28.5
      vertex 238.323 9.36738 36.5
    endloop
  endfacet
  facet normal -0.891807 0.452416 0
    outer loop
      vertex 238.633 9.6771 28.5
      vertex 238.831 10.0674 36.5
      vertex 238.831 10.0674 28.5
    endloop
  endfacet
  facet normal -0.891807 0.452416 0
    outer loop
      vertex 238.831 10.0674 36.5
      vertex 238.633 9.6771 28.5
      vertex 238.633 9.6771 36.5
    endloop
  endfacet
  facet normal 0.706787 0.707426 0
    outer loop
      vertex 236.677 9.36738 36.5
      vertex 236.367 9.6771 28.5
      vertex 236.367 9.6771 36.5
    endloop
  endfacet
  facet normal 0.706787 0.707426 0
    outer loop
      vertex 236.367 9.6771 28.5
      vertex 236.677 9.36738 36.5
      vertex 236.677 9.36738 28.5
    endloop
  endfacet
  facet normal 0.454254 0.890872 -0
    outer loop
      vertex 237.067 9.16852 28.5
      vertex 236.677 9.36738 36.5
      vertex 237.067 9.16852 36.5
    endloop
  endfacet
  facet normal 0.454254 0.890872 0
    outer loop
      vertex 236.677 9.36738 36.5
      vertex 237.067 9.16852 28.5
      vertex 236.677 9.36738 28.5
    endloop
  endfacet
  facet normal 0.1563 0.98771 -0
    outer loop
      vertex 237.5 9.1 28.5
      vertex 237.067 9.16852 36.5
      vertex 237.5 9.1 36.5
    endloop
  endfacet
  facet normal 0.1563 0.98771 0
    outer loop
      vertex 237.067 9.16852 36.5
      vertex 237.5 9.1 28.5
      vertex 237.067 9.16852 28.5
    endloop
  endfacet
  facet normal 0 0 1
    outer loop
      vertex 238.831 10.9326 28.5
      vertex 238.831 10.0674 28.5
      vertex 238.9 10.5 28.5
    endloop
  endfacet
  facet normal 0 0 1
    outer loop
      vertex 238.633 11.3229 28.5
      vertex 238.831 10.0674 28.5
      vertex 238.831 10.9326 28.5
    endloop
  endfacet
  facet normal 0 0 1
    outer loop
      vertex 238.633 11.3229 28.5
      vertex 238.633 9.6771 28.5
      vertex 238.831 10.0674 28.5
    endloop
  endfacet
  facet normal 0 0 1
    outer loop
      vertex 238.323 11.6326 28.5
      vertex 238.633 9.6771 28.5
      vertex 238.633 11.3229 28.5
    endloop
  endfacet
  facet normal 0 0 1
    outer loop
      vertex 238.323 11.6326 28.5
      vertex 238.323 9.36738 28.5
      vertex 238.633 9.6771 28.5
    endloop
  endfacet
  facet normal 0 0 1
    outer loop
      vertex 237.933 11.8315 28.5
      vertex 238.323 9.36738 28.5
      vertex 238.323 11.6326 28.5
    endloop
  endfacet
  facet normal 0 0 1
    outer loop
      vertex 237.933 11.8315 28.5
      vertex 237.933 9.16852 28.5
      vertex 238.323 9.36738 28.5
    endloop
  endfacet
  facet normal 0 0 1
    outer loop
      vertex 237.5 11.9 28.5
      vertex 237.933 9.16852 28.5
      vertex 237.933 11.8315 28.5
    endloop
  endfacet
  facet normal 0 0 1
    outer loop
      vertex 237.5 11.9 28.5
      vertex 237.5 9.1 28.5
      vertex 237.933 9.16852 28.5
    endloop
  endfacet
  facet normal -0 0 1
    outer loop
      vertex 237.067 11.8315 28.5
      vertex 237.5 9.1 28.5
      vertex 237.5 11.9 28.5
    endloop
  endfacet
  facet normal 0 0 1
    outer loop
      vertex 237.067 11.8315 28.5
      vertex 237.067 9.16852 28.5
      vertex 237.5 9.1 28.5
    endloop
  endfacet
  facet normal -0 0 1
    outer loop
      vertex 236.677 11.6326 28.5
      vertex 237.067 9.16852 28.5
      vertex 237.067 11.8315 28.5
    endloop
  endfacet
  facet normal 0 0 1
    outer loop
      vertex 236.677 11.6326 28.5
      vertex 236.677 9.36738 28.5
      vertex 237.067 9.16852 28.5
    endloop
  endfacet
  facet normal -0 0 1
    outer loop
      vertex 236.367 11.3229 28.5
      vertex 236.677 9.36738 28.5
      vertex 236.677 11.6326 28.5
    endloop
  endfacet
  facet normal 0 0 1
    outer loop
      vertex 236.367 11.3229 28.5
      vertex 236.367 9.6771 28.5
      vertex 236.677 9.36738 28.5
    endloop
  endfacet
  facet normal -0 0 1
    outer loop
      vertex 236.169 10.9326 28.5
      vertex 236.367 9.6771 28.5
      vertex 236.367 11.3229 28.5
    endloop
  endfacet
  facet normal 0 0 1
    outer loop
      vertex 236.169 10.9326 28.5
      vertex 236.169 10.0674 28.5
      vertex 236.367 9.6771 28.5
    endloop
  endfacet
  facet normal 0 -0 1
    outer loop
      vertex 236.169 10.0674 28.5
      vertex 236.169 10.9326 28.5
      vertex 236.1 10.5 28.5
    endloop
  endfacet
  facet normal 0.891807 0.452416 0
    outer loop
      vertex 236.367 9.6771 36.5
      vertex 236.169 10.0674 28.5
      vertex 236.169 10.0674 36.5
    endloop
  endfacet
  facet normal 0.891807 0.452416 0
    outer loop
      vertex 236.169 10.0674 28.5
      vertex 236.367 9.6771 36.5
      vertex 236.367 9.6771 28.5
    endloop
  endfacet
  facet normal -0.1563 0.98771 0
    outer loop
      vertex 237.933 9.16852 28.5
      vertex 237.5 9.1 36.5
      vertex 237.933 9.16852 36.5
    endloop
  endfacet
  facet normal -0.1563 0.98771 0
    outer loop
      vertex 237.5 9.1 36.5
      vertex 237.933 9.16852 28.5
      vertex 237.5 9.1 28.5
    endloop
  endfacet
  facet normal 0.99144 0.130564 0
    outer loop
      vertex 14.5 139.5 36.5
      vertex 14.3637 140.535 2.5
      vertex 14.3637 140.535 36.5
    endloop
  endfacet
  facet normal 0.99144 0.130564 0
    outer loop
      vertex 14.3637 140.535 2.5
      vertex 14.5 139.5 36.5
      vertex 14.5 139.5 2.5
    endloop
  endfacet
  facet normal -0.99144 0.130564 0
    outer loop
      vertex 6.5 139.5 2.5
      vertex 6.6363 140.535 36.5
      vertex 6.6363 140.535 2.5
    endloop
  endfacet
  facet normal -0.99144 0.130564 0
    outer loop
      vertex 6.6363 140.535 36.5
      vertex 6.5 139.5 2.5
      vertex 6.5 139.5 36.5
    endloop
  endfacet
  facet normal 0.130244 0.991482 -0
    outer loop
      vertex 11.5353 143.364 2.5
      vertex 10.5 143.5 36.5
      vertex 11.5353 143.364 36.5
    endloop
  endfacet
  facet normal 0.130244 0.991482 0
    outer loop
      vertex 10.5 143.5 36.5
      vertex 11.5353 143.364 2.5
      vertex 10.5 143.5 2.5
    endloop
  endfacet
  facet normal 0.60897 0.793193 -0
    outer loop
      vertex 13.3284 142.328 2.5
      vertex 12.5 142.964 36.5
      vertex 13.3284 142.328 36.5
    endloop
  endfacet
  facet normal 0.60897 0.793193 0
    outer loop
      vertex 12.5 142.964 36.5
      vertex 13.3284 142.328 2.5
      vertex 12.5 142.964 2.5
    endloop
  endfacet
  facet normal 0.923919 0.382589 0
    outer loop
      vertex 14.3637 140.535 36.5
      vertex 13.9641 141.5 2.5
      vertex 13.9641 141.5 36.5
    endloop
  endfacet
  facet normal 0.923919 0.382589 0
    outer loop
      vertex 13.9641 141.5 2.5
      vertex 14.3637 140.535 36.5
      vertex 14.3637 140.535 2.5
    endloop
  endfacet
  facet normal 0.383017 0.923741 -0
    outer loop
      vertex 12.5 142.964 2.5
      vertex 11.5353 143.364 36.5
      vertex 12.5 142.964 36.5
    endloop
  endfacet
  facet normal 0.383017 0.923741 0
    outer loop
      vertex 11.5353 143.364 36.5
      vertex 12.5 142.964 2.5
      vertex 11.5353 143.364 2.5
    endloop
  endfacet
  facet normal -0.608956 0.793204 0
    outer loop
      vertex 8.5 142.964 2.5
      vertex 7.67157 142.328 36.5
      vertex 8.5 142.964 36.5
    endloop
  endfacet
  facet normal -0.608956 0.793204 0
    outer loop
      vertex 7.67157 142.328 36.5
      vertex 8.5 142.964 2.5
      vertex 7.67157 142.328 2.5
    endloop
  endfacet
  facet normal -0.793204 0.608956 0
    outer loop
      vertex 7.0359 141.5 2.5
      vertex 7.67157 142.328 36.5
      vertex 7.67157 142.328 2.5
    endloop
  endfacet
  facet normal -0.793204 0.608956 0
    outer loop
      vertex 7.67157 142.328 36.5
      vertex 7.0359 141.5 2.5
      vertex 7.0359 141.5 36.5
    endloop
  endfacet
  facet normal -0.38301 0.923744 0
    outer loop
      vertex 9.46472 143.364 2.5
      vertex 8.5 142.964 36.5
      vertex 9.46472 143.364 36.5
    endloop
  endfacet
  facet normal -0.38301 0.923744 0
    outer loop
      vertex 8.5 142.964 36.5
      vertex 9.46472 143.364 2.5
      vertex 8.5 142.964 2.5
    endloop
  endfacet
  facet normal 0.923919 -0.382589 0
    outer loop
      vertex 13.9641 137.5 36.5
      vertex 14.3637 138.465 2.5
      vertex 14.3637 138.465 36.5
    endloop
  endfacet
  facet normal 0.923919 -0.382589 0
    outer loop
      vertex 14.3637 138.465 2.5
      vertex 13.9641 137.5 36.5
      vertex 13.9641 137.5 2.5
    endloop
  endfacet
  facet normal -0.608956 -0.793204 0
    outer loop
      vertex 7.67157 136.672 2.5
      vertex 8.5 136.036 36.5
      vertex 7.67157 136.672 36.5
    endloop
  endfacet
  facet normal -0.608956 -0.793204 -0
    outer loop
      vertex 8.5 136.036 36.5
      vertex 7.67157 136.672 2.5
      vertex 8.5 136.036 2.5
    endloop
  endfacet
  facet normal 0.79319 0.608974 0
    outer loop
      vertex 13.9641 141.5 36.5
      vertex 13.3284 142.328 2.5
      vertex 13.3284 142.328 36.5
    endloop
  endfacet
  facet normal 0.79319 0.608974 0
    outer loop
      vertex 13.3284 142.328 2.5
      vertex 13.9641 141.5 36.5
      vertex 13.9641 141.5 2.5
    endloop
  endfacet
  facet normal -0.923919 0.382589 0
    outer loop
      vertex 6.6363 140.535 2.5
      vertex 7.0359 141.5 36.5
      vertex 7.0359 141.5 2.5
    endloop
  endfacet
  facet normal -0.923919 0.382589 0
    outer loop
      vertex 7.0359 141.5 36.5
      vertex 6.6363 140.535 2.5
      vertex 6.6363 140.535 36.5
    endloop
  endfacet
  facet normal 0 0 1
    outer loop
      vertex 11.9 139.5 36.5
      vertex 14.5 139.5 36.5
      vertex 14.3637 140.535 36.5
    endloop
  endfacet
  facet normal 0 0 1
    outer loop
      vertex 11.8315 139.933 36.5
      vertex 14.3637 140.535 36.5
      vertex 13.9641 141.5 36.5
    endloop
  endfacet
  facet normal 0 0 1
    outer loop
      vertex 14.5 139.5 36.5
      vertex 11.9 139.5 36.5
      vertex 14.3637 138.465 36.5
    endloop
  endfacet
  facet normal 0 0 1
    outer loop
      vertex 11.6326 140.323 36.5
      vertex 13.9641 141.5 36.5
      vertex 13.3284 142.328 36.5
    endloop
  endfacet
  facet normal -0 0 1
    outer loop
      vertex 11.8315 139.067 36.5
      vertex 14.3637 138.465 36.5
      vertex 11.9 139.5 36.5
    endloop
  endfacet
  facet normal 0 0 1
    outer loop
      vertex 11.3229 140.633 36.5
      vertex 13.3284 142.328 36.5
      vertex 12.5 142.964 36.5
    endloop
  endfacet
  facet normal 0 0 1
    outer loop
      vertex 14.3637 138.465 36.5
      vertex 11.8315 139.067 36.5
      vertex 13.9641 137.5 36.5
    endloop
  endfacet
  facet normal -0 0 1
    outer loop
      vertex 11.6326 138.677 36.5
      vertex 13.9641 137.5 36.5
      vertex 11.8315 139.067 36.5
    endloop
  endfacet
  facet normal 0 0 1
    outer loop
      vertex 14.3637 140.535 36.5
      vertex 11.8315 139.933 36.5
      vertex 11.9 139.5 36.5
    endloop
  endfacet
  facet normal 0 0 1
    outer loop
      vertex 13.9641 141.5 36.5
      vertex 11.6326 140.323 36.5
      vertex 11.8315 139.933 36.5
    endloop
  endfacet
  facet normal 0 0 1
    outer loop
      vertex 10.9326 140.831 36.5
      vertex 12.5 142.964 36.5
      vertex 11.5353 143.364 36.5
    endloop
  endfacet
  facet normal 0 0 1
    outer loop
      vertex 13.3284 142.328 36.5
      vertex 11.3229 140.633 36.5
      vertex 11.6326 140.323 36.5
    endloop
  endfacet
  facet normal 0 0 1
    outer loop
      vertex 12.5 142.964 36.5
      vertex 10.9326 140.831 36.5
      vertex 11.3229 140.633 36.5
    endloop
  endfacet
  facet normal 0 0 1
    outer loop
      vertex 10.5 140.9 36.5
      vertex 11.5353 143.364 36.5
      vertex 10.5 143.5 36.5
    endloop
  endfacet
  facet normal 0 0 1
    outer loop
      vertex 11.5353 143.364 36.5
      vertex 10.5 140.9 36.5
      vertex 10.9326 140.831 36.5
    endloop
  endfacet
  facet normal -0 0 1
    outer loop
      vertex 9.46472 143.364 36.5
      vertex 10.5 140.9 36.5
      vertex 10.5 143.5 36.5
    endloop
  endfacet
  facet normal 0 0 1
    outer loop
      vertex 10.5 140.9 36.5
      vertex 9.46472 143.364 36.5
      vertex 10.0674 140.831 36.5
    endloop
  endfacet
  facet normal -0 0 1
    outer loop
      vertex 8.5 142.964 36.5
      vertex 10.0674 140.831 36.5
      vertex 9.46472 143.364 36.5
    endloop
  endfacet
  facet normal 0 0 1
    outer loop
      vertex 10.0674 140.831 36.5
      vertex 8.5 142.964 36.5
      vertex 9.6771 140.633 36.5
    endloop
  endfacet
  facet normal -0 0 1
    outer loop
      vertex 7.67157 142.328 36.5
      vertex 9.6771 140.633 36.5
      vertex 8.5 142.964 36.5
    endloop
  endfacet
  facet normal 0 0 1
    outer loop
      vertex 9.6771 140.633 36.5
      vertex 7.67157 142.328 36.5
      vertex 9.36738 140.323 36.5
    endloop
  endfacet
  facet normal -0 0 1
    outer loop
      vertex 7.0359 141.5 36.5
      vertex 9.36738 140.323 36.5
      vertex 7.67157 142.328 36.5
    endloop
  endfacet
  facet normal 0 0 1
    outer loop
      vertex 13.9641 137.5 36.5
      vertex 11.6326 138.677 36.5
      vertex 13.3284 136.672 36.5
    endloop
  endfacet
  facet normal -0 0 1
    outer loop
      vertex 11.3229 138.367 36.5
      vertex 13.3284 136.672 36.5
      vertex 11.6326 138.677 36.5
    endloop
  endfacet
  facet normal 0 0 1
    outer loop
      vertex 13.3284 136.672 36.5
      vertex 11.3229 138.367 36.5
      vertex 12.5 136.036 36.5
    endloop
  endfacet
  facet normal -0 0 1
    outer loop
      vertex 10.9326 138.169 36.5
      vertex 12.5 136.036 36.5
      vertex 11.3229 138.367 36.5
    endloop
  endfacet
  facet normal 0 0 1
    outer loop
      vertex 12.5 136.036 36.5
      vertex 10.9326 138.169 36.5
      vertex 11.5353 135.636 36.5
    endloop
  endfacet
  facet normal -0 0 1
    outer loop
      vertex 10.5 138.1 36.5
      vertex 11.5353 135.636 36.5
      vertex 10.9326 138.169 36.5
    endloop
  endfacet
  facet normal 0 0 1
    outer loop
      vertex 10.5 138.1 36.5
      vertex 10.5 135.5 36.5
      vertex 11.5353 135.636 36.5
    endloop
  endfacet
  facet normal 0 0 1
    outer loop
      vertex 9.46472 135.636 36.5
      vertex 10.5 138.1 36.5
      vertex 10.0674 138.169 36.5
    endloop
  endfacet
  facet normal 0 0 1
    outer loop
      vertex 8.5 136.036 36.5
      vertex 10.0674 138.169 36.5
      vertex 9.6771 138.367 36.5
    endloop
  endfacet
  facet normal 0 0 1
    outer loop
      vertex 10.5 138.1 36.5
      vertex 9.46472 135.636 36.5
      vertex 10.5 135.5 36.5
    endloop
  endfacet
  facet normal 0 0 1
    outer loop
      vertex 7.67157 136.672 36.5
      vertex 9.6771 138.367 36.5
      vertex 9.36738 138.677 36.5
    endloop
  endfacet
  facet normal 0 0 1
    outer loop
      vertex 7.0359 137.5 36.5
      vertex 9.36738 138.677 36.5
      vertex 9.16852 139.067 36.5
    endloop
  endfacet
  facet normal 0 0 1
    outer loop
      vertex 6.6363 138.465 36.5
      vertex 9.16852 139.067 36.5
      vertex 9.1 139.5 36.5
    endloop
  endfacet
  facet normal 0 0 1
    outer loop
      vertex 9.36738 140.323 36.5
      vertex 7.0359 141.5 36.5
      vertex 9.16852 139.933 36.5
    endloop
  endfacet
  facet normal 0 0 1
    outer loop
      vertex 10.0674 138.169 36.5
      vertex 8.5 136.036 36.5
      vertex 9.46472 135.636 36.5
    endloop
  endfacet
  facet normal -0 0 1
    outer loop
      vertex 6.6363 140.535 36.5
      vertex 9.16852 139.933 36.5
      vertex 7.0359 141.5 36.5
    endloop
  endfacet
  facet normal 0 0 1
    outer loop
      vertex 9.6771 138.367 36.5
      vertex 7.67157 136.672 36.5
      vertex 8.5 136.036 36.5
    endloop
  endfacet
  facet normal 0 0 1
    outer loop
      vertex 9.16852 139.933 36.5
      vertex 6.6363 140.535 36.5
      vertex 9.1 139.5 36.5
    endloop
  endfacet
  facet normal 0 0 1
    outer loop
      vertex 9.36738 138.677 36.5
      vertex 7.0359 137.5 36.5
      vertex 7.67157 136.672 36.5
    endloop
  endfacet
  facet normal 0 0 1
    outer loop
      vertex 6.5 139.5 36.5
      vertex 9.1 139.5 36.5
      vertex 6.6363 140.535 36.5
    endloop
  endfacet
  facet normal 0 0 1
    outer loop
      vertex 9.16852 139.067 36.5
      vertex 6.6363 138.465 36.5
      vertex 7.0359 137.5 36.5
    endloop
  endfacet
  facet normal 0 0 1
    outer loop
      vertex 9.1 139.5 36.5
      vertex 6.5 139.5 36.5
      vertex 6.6363 138.465 36.5
    endloop
  endfacet
  facet normal -0.130246 0.991482 0
    outer loop
      vertex 10.5 143.5 2.5
      vertex 9.46472 143.364 36.5
      vertex 10.5 143.5 36.5
    endloop
  endfacet
  facet normal -0.130246 0.991482 0
    outer loop
      vertex 9.46472 143.364 36.5
      vertex 10.5 143.5 2.5
      vertex 9.46472 143.364 2.5
    endloop
  endfacet
  facet normal 0.99144 -0.130564 0
    outer loop
      vertex 14.3637 138.465 36.5
      vertex 14.5 139.5 2.5
      vertex 14.5 139.5 36.5
    endloop
  endfacet
  facet normal 0.99144 -0.130564 0
    outer loop
      vertex 14.5 139.5 2.5
      vertex 14.3637 138.465 36.5
      vertex 14.3637 138.465 2.5
    endloop
  endfacet
  facet normal 0.130244 -0.991482 0
    outer loop
      vertex 10.5 135.5 2.5
      vertex 11.5353 135.636 36.5
      vertex 10.5 135.5 36.5
    endloop
  endfacet
  facet normal 0.130244 -0.991482 0
    outer loop
      vertex 11.5353 135.636 36.5
      vertex 10.5 135.5 2.5
      vertex 11.5353 135.636 2.5
    endloop
  endfacet
  facet normal 0.60897 -0.793193 0
    outer loop
      vertex 12.5 136.036 2.5
      vertex 13.3284 136.672 36.5
      vertex 12.5 136.036 36.5
    endloop
  endfacet
  facet normal 0.60897 -0.793193 0
    outer loop
      vertex 13.3284 136.672 36.5
      vertex 12.5 136.036 2.5
      vertex 13.3284 136.672 2.5
    endloop
  endfacet
  facet normal -0.38301 -0.923744 0
    outer loop
      vertex 8.5 136.036 2.5
      vertex 9.46472 135.636 36.5
      vertex 8.5 136.036 36.5
    endloop
  endfacet
  facet normal -0.38301 -0.923744 -0
    outer loop
      vertex 9.46472 135.636 36.5
      vertex 8.5 136.036 2.5
      vertex 9.46472 135.636 2.5
    endloop
  endfacet
  facet normal -0.793204 -0.608956 0
    outer loop
      vertex 7.67157 136.672 2.5
      vertex 7.0359 137.5 36.5
      vertex 7.0359 137.5 2.5
    endloop
  endfacet
  facet normal -0.793204 -0.608956 0
    outer loop
      vertex 7.0359 137.5 36.5
      vertex 7.67157 136.672 2.5
      vertex 7.67157 136.672 36.5
    endloop
  endfacet
  facet normal -0.99144 -0.130564 0
    outer loop
      vertex 6.6363 138.465 2.5
      vertex 6.5 139.5 36.5
      vertex 6.5 139.5 2.5
    endloop
  endfacet
  facet normal -0.99144 -0.130564 0
    outer loop
      vertex 6.5 139.5 36.5
      vertex 6.6363 138.465 2.5
      vertex 6.6363 138.465 36.5
    endloop
  endfacet
  facet normal 0.383017 -0.923741 0
    outer loop
      vertex 11.5353 135.636 2.5
      vertex 12.5 136.036 36.5
      vertex 11.5353 135.636 36.5
    endloop
  endfacet
  facet normal 0.383017 -0.923741 0
    outer loop
      vertex 12.5 136.036 36.5
      vertex 11.5353 135.636 2.5
      vertex 12.5 136.036 2.5
    endloop
  endfacet
  facet normal 0.79319 -0.608974 0
    outer loop
      vertex 13.3284 136.672 36.5
      vertex 13.9641 137.5 2.5
      vertex 13.9641 137.5 36.5
    endloop
  endfacet
  facet normal 0.79319 -0.608974 0
    outer loop
      vertex 13.9641 137.5 2.5
      vertex 13.3284 136.672 36.5
      vertex 13.3284 136.672 2.5
    endloop
  endfacet
  facet normal -0.130246 -0.991482 0
    outer loop
      vertex 9.46472 135.636 2.5
      vertex 10.5 135.5 36.5
      vertex 9.46472 135.636 36.5
    endloop
  endfacet
  facet normal -0.130246 -0.991482 -0
    outer loop
      vertex 10.5 135.5 36.5
      vertex 9.46472 135.636 2.5
      vertex 10.5 135.5 2.5
    endloop
  endfacet
  facet normal -0.923919 -0.382589 0
    outer loop
      vertex 7.0359 137.5 2.5
      vertex 6.6363 138.465 36.5
      vertex 6.6363 138.465 2.5
    endloop
  endfacet
  facet normal -0.923919 -0.382589 0
    outer loop
      vertex 6.6363 138.465 36.5
      vertex 7.0359 137.5 2.5
      vertex 7.0359 137.5 36.5
    endloop
  endfacet
  facet normal 0.98771 -0.1563 0
    outer loop
      vertex 9.1 139.5 36.5
      vertex 9.16852 139.933 28.5
      vertex 9.16852 139.933 36.5
    endloop
  endfacet
  facet normal 0.98771 -0.1563 0
    outer loop
      vertex 9.16852 139.933 28.5
      vertex 9.1 139.5 36.5
      vertex 9.1 139.5 28.5
    endloop
  endfacet
  facet normal -0.707449 -0.706764 0
    outer loop
      vertex 11.3229 140.633 28.5
      vertex 11.6326 140.323 36.5
      vertex 11.3229 140.633 36.5
    endloop
  endfacet
  facet normal -0.707449 -0.706764 -0
    outer loop
      vertex 11.6326 140.323 36.5
      vertex 11.3229 140.633 28.5
      vertex 11.6326 140.323 28.5
    endloop
  endfacet
  facet normal -0.890835 -0.454326 0
    outer loop
      vertex 11.8315 139.933 28.5
      vertex 11.6326 140.323 36.5
      vertex 11.6326 140.323 28.5
    endloop
  endfacet
  facet normal -0.890835 -0.454326 0
    outer loop
      vertex 11.6326 140.323 36.5
      vertex 11.8315 139.933 28.5
      vertex 11.8315 139.933 36.5
    endloop
  endfacet
  facet normal -0.15751 -0.987517 0
    outer loop
      vertex 10.5 140.9 28.5
      vertex 10.9326 140.831 36.5
      vertex 10.5 140.9 36.5
    endloop
  endfacet
  facet normal -0.15751 -0.987517 -0
    outer loop
      vertex 10.9326 140.831 36.5
      vertex 10.5 140.9 28.5
      vertex 10.9326 140.831 28.5
    endloop
  endfacet
  facet normal -0.452416 -0.891807 0
    outer loop
      vertex 10.9326 140.831 28.5
      vertex 11.3229 140.633 36.5
      vertex 10.9326 140.831 36.5
    endloop
  endfacet
  facet normal -0.452416 -0.891807 -0
    outer loop
      vertex 11.3229 140.633 36.5
      vertex 10.9326 140.831 28.5
      vertex 11.3229 140.633 28.5
    endloop
  endfacet
  facet normal 0.452416 -0.891807 0
    outer loop
      vertex 9.6771 140.633 28.5
      vertex 10.0674 140.831 36.5
      vertex 9.6771 140.633 36.5
    endloop
  endfacet
  facet normal 0.452416 -0.891807 0
    outer loop
      vertex 10.0674 140.831 36.5
      vertex 9.6771 140.633 28.5
      vertex 10.0674 140.831 28.5
    endloop
  endfacet
  facet normal 0.707426 -0.706787 0
    outer loop
      vertex 9.36738 140.323 28.5
      vertex 9.6771 140.633 36.5
      vertex 9.36738 140.323 36.5
    endloop
  endfacet
  facet normal 0.707426 -0.706787 0
    outer loop
      vertex 9.6771 140.633 36.5
      vertex 9.36738 140.323 28.5
      vertex 9.6771 140.633 28.5
    endloop
  endfacet
  facet normal -0.987717 0.156255 0
    outer loop
      vertex 11.8315 139.067 28.5
      vertex 11.9 139.5 36.5
      vertex 11.9 139.5 28.5
    endloop
  endfacet
  facet normal -0.987717 0.156255 0
    outer loop
      vertex 11.9 139.5 36.5
      vertex 11.8315 139.067 28.5
      vertex 11.8315 139.067 36.5
    endloop
  endfacet
  facet normal 0.15751 -0.987517 0
    outer loop
      vertex 10.0674 140.831 28.5
      vertex 10.5 140.9 36.5
      vertex 10.0674 140.831 36.5
    endloop
  endfacet
  facet normal 0.15751 -0.987517 0
    outer loop
      vertex 10.5 140.9 36.5
      vertex 10.0674 140.831 28.5
      vertex 10.5 140.9 28.5
    endloop
  endfacet
  facet normal 0.890872 -0.454254 0
    outer loop
      vertex 9.16852 139.933 36.5
      vertex 9.36738 140.323 28.5
      vertex 9.36738 140.323 36.5
    endloop
  endfacet
  facet normal 0.890872 -0.454254 0
    outer loop
      vertex 9.36738 140.323 28.5
      vertex 9.16852 139.933 36.5
      vertex 9.16852 139.933 28.5
    endloop
  endfacet
  facet normal -0.987717 -0.156255 0
    outer loop
      vertex 11.9 139.5 28.5
      vertex 11.8315 139.933 36.5
      vertex 11.8315 139.933 28.5
    endloop
  endfacet
  facet normal -0.987717 -0.156255 0
    outer loop
      vertex 11.8315 139.933 36.5
      vertex 11.9 139.5 28.5
      vertex 11.9 139.5 36.5
    endloop
  endfacet
  facet normal 0.98771 0.1563 0
    outer loop
      vertex 9.16852 139.067 36.5
      vertex 9.1 139.5 28.5
      vertex 9.1 139.5 36.5
    endloop
  endfacet
  facet normal 0.98771 0.1563 0
    outer loop
      vertex 9.1 139.5 28.5
      vertex 9.16852 139.067 36.5
      vertex 9.16852 139.067 28.5
    endloop
  endfacet
  facet normal -0.452416 0.891807 0
    outer loop
      vertex 11.3229 138.367 28.5
      vertex 10.9326 138.169 36.5
      vertex 11.3229 138.367 36.5
    endloop
  endfacet
  facet normal -0.452416 0.891807 0
    outer loop
      vertex 10.9326 138.169 36.5
      vertex 11.3229 138.367 28.5
      vertex 10.9326 138.169 28.5
    endloop
  endfacet
  facet normal -0.707449 0.706764 0
    outer loop
      vertex 11.6326 138.677 28.5
      vertex 11.3229 138.367 36.5
      vertex 11.6326 138.677 36.5
    endloop
  endfacet
  facet normal -0.707449 0.706764 0
    outer loop
      vertex 11.3229 138.367 36.5
      vertex 11.6326 138.677 28.5
      vertex 11.3229 138.367 28.5
    endloop
  endfacet
  facet normal -0.890835 0.454326 0
    outer loop
      vertex 11.6326 138.677 28.5
      vertex 11.8315 139.067 36.5
      vertex 11.8315 139.067 28.5
    endloop
  endfacet
  facet normal -0.890835 0.454326 0
    outer loop
      vertex 11.8315 139.067 36.5
      vertex 11.6326 138.677 28.5
      vertex 11.6326 138.677 36.5
    endloop
  endfacet
  facet normal 0.707426 0.706787 -0
    outer loop
      vertex 9.6771 138.367 28.5
      vertex 9.36738 138.677 36.5
      vertex 9.6771 138.367 36.5
    endloop
  endfacet
  facet normal 0.707426 0.706787 0
    outer loop
      vertex 9.36738 138.677 36.5
      vertex 9.6771 138.367 28.5
      vertex 9.36738 138.677 28.5
    endloop
  endfacet
  facet normal 0.452416 0.891807 -0
    outer loop
      vertex 10.0674 138.169 28.5
      vertex 9.6771 138.367 36.5
      vertex 10.0674 138.169 36.5
    endloop
  endfacet
  facet normal 0.452416 0.891807 0
    outer loop
      vertex 9.6771 138.367 36.5
      vertex 10.0674 138.169 28.5
      vertex 9.6771 138.367 28.5
    endloop
  endfacet
  facet normal 0.15751 0.987517 -0
    outer loop
      vertex 10.5 138.1 28.5
      vertex 10.0674 138.169 36.5
      vertex 10.5 138.1 36.5
    endloop
  endfacet
  facet normal 0.15751 0.987517 0
    outer loop
      vertex 10.0674 138.169 36.5
      vertex 10.5 138.1 28.5
      vertex 10.0674 138.169 28.5
    endloop
  endfacet
  facet normal 0 0 1
    outer loop
      vertex 11.8315 139.933 28.5
      vertex 11.8315 139.067 28.5
      vertex 11.9 139.5 28.5
    endloop
  endfacet
  facet normal 0 0 1
    outer loop
      vertex 11.6326 140.323 28.5
      vertex 11.8315 139.067 28.5
      vertex 11.8315 139.933 28.5
    endloop
  endfacet
  facet normal 0 0 1
    outer loop
      vertex 11.6326 140.323 28.5
      vertex 11.6326 138.677 28.5
      vertex 11.8315 139.067 28.5
    endloop
  endfacet
  facet normal 0 0 1
    outer loop
      vertex 11.3229 140.633 28.5
      vertex 11.6326 138.677 28.5
      vertex 11.6326 140.323 28.5
    endloop
  endfacet
  facet normal 0 0 1
    outer loop
      vertex 11.3229 140.633 28.5
      vertex 11.3229 138.367 28.5
      vertex 11.6326 138.677 28.5
    endloop
  endfacet
  facet normal 0 0 1
    outer loop
      vertex 10.9326 140.831 28.5
      vertex 11.3229 138.367 28.5
      vertex 11.3229 140.633 28.5
    endloop
  endfacet
  facet normal 0 0 1
    outer loop
      vertex 10.9326 140.831 28.5
      vertex 10.9326 138.169 28.5
      vertex 11.3229 138.367 28.5
    endloop
  endfacet
  facet normal 0 0 1
    outer loop
      vertex 10.5 140.9 28.5
      vertex 10.9326 138.169 28.5
      vertex 10.9326 140.831 28.5
    endloop
  endfacet
  facet normal 0 0 1
    outer loop
      vertex 10.5 140.9 28.5
      vertex 10.5 138.1 28.5
      vertex 10.9326 138.169 28.5
    endloop
  endfacet
  facet normal -0 0 1
    outer loop
      vertex 10.0674 140.831 28.5
      vertex 10.5 138.1 28.5
      vertex 10.5 140.9 28.5
    endloop
  endfacet
  facet normal 0 0 1
    outer loop
      vertex 10.0674 140.831 28.5
      vertex 10.0674 138.169 28.5
      vertex 10.5 138.1 28.5
    endloop
  endfacet
  facet normal -0 0 1
    outer loop
      vertex 9.6771 140.633 28.5
      vertex 10.0674 138.169 28.5
      vertex 10.0674 140.831 28.5
    endloop
  endfacet
  facet normal 0 0 1
    outer loop
      vertex 9.6771 140.633 28.5
      vertex 9.6771 138.367 28.5
      vertex 10.0674 138.169 28.5
    endloop
  endfacet
  facet normal -0 0 1
    outer loop
      vertex 9.36738 140.323 28.5
      vertex 9.6771 138.367 28.5
      vertex 9.6771 140.633 28.5
    endloop
  endfacet
  facet normal 0 0 1
    outer loop
      vertex 9.36738 140.323 28.5
      vertex 9.36738 138.677 28.5
      vertex 9.6771 138.367 28.5
    endloop
  endfacet
  facet normal -0 0 1
    outer loop
      vertex 9.16852 139.933 28.5
      vertex 9.36738 138.677 28.5
      vertex 9.36738 140.323 28.5
    endloop
  endfacet
  facet normal 0 0 1
    outer loop
      vertex 9.16852 139.933 28.5
      vertex 9.16852 139.067 28.5
      vertex 9.36738 138.677 28.5
    endloop
  endfacet
  facet normal 0 -0 1
    outer loop
      vertex 9.16852 139.067 28.5
      vertex 9.16852 139.933 28.5
      vertex 9.1 139.5 28.5
    endloop
  endfacet
  facet normal 0.890872 0.454254 0
    outer loop
      vertex 9.36738 138.677 36.5
      vertex 9.16852 139.067 28.5
      vertex 9.16852 139.067 36.5
    endloop
  endfacet
  facet normal 0.890872 0.454254 0
    outer loop
      vertex 9.16852 139.067 28.5
      vertex 9.36738 138.677 36.5
      vertex 9.36738 138.677 28.5
    endloop
  endfacet
  facet normal -0.15751 0.987517 0
    outer loop
      vertex 10.9326 138.169 28.5
      vertex 10.5 138.1 36.5
      vertex 10.9326 138.169 36.5
    endloop
  endfacet
  facet normal -0.15751 0.987517 0
    outer loop
      vertex 10.5 138.1 36.5
      vertex 10.9326 138.169 28.5
      vertex 10.5 138.1 28.5
    endloop
  endfacet
  facet normal 0.991477 0.130281 0
    outer loop
      vertex 241.5 139.5 36.5
      vertex 241.364 140.535 2.5
      vertex 241.364 140.535 36.5
    endloop
  endfacet
  facet normal 0.991477 0.130281 0
    outer loop
      vertex 241.364 140.535 2.5
      vertex 241.5 139.5 36.5
      vertex 241.5 139.5 2.5
    endloop
  endfacet
  facet normal -0.991477 0.130281 0
    outer loop
      vertex 233.5 139.5 2.5
      vertex 233.636 140.535 36.5
      vertex 233.636 140.535 2.5
    endloop
  endfacet
  facet normal -0.991477 0.130281 0
    outer loop
      vertex 233.636 140.535 36.5
      vertex 233.5 139.5 2.5
      vertex 233.5 139.5 36.5
    endloop
  endfacet
  facet normal 0.130281 0.991477 -0
    outer loop
      vertex 238.535 143.364 2.5
      vertex 237.5 143.5 36.5
      vertex 238.535 143.364 36.5
    endloop
  endfacet
  facet normal 0.130281 0.991477 0
    outer loop
      vertex 237.5 143.5 36.5
      vertex 238.535 143.364 2.5
      vertex 237.5 143.5 2.5
    endloop
  endfacet
  facet normal 0.609155 0.793051 -0
    outer loop
      vertex 240.328 142.328 2.5
      vertex 239.5 142.964 36.5
      vertex 240.328 142.328 36.5
    endloop
  endfacet
  facet normal 0.609155 0.793051 0
    outer loop
      vertex 239.5 142.964 36.5
      vertex 240.328 142.328 2.5
      vertex 239.5 142.964 2.5
    endloop
  endfacet
  facet normal 0.923783 0.382915 0
    outer loop
      vertex 241.364 140.535 36.5
      vertex 240.964 141.5 2.5
      vertex 240.964 141.5 36.5
    endloop
  endfacet
  facet normal 0.923783 0.382915 0
    outer loop
      vertex 240.964 141.5 2.5
      vertex 241.364 140.535 36.5
      vertex 241.364 140.535 2.5
    endloop
  endfacet
  facet normal 0.382915 0.923783 -0
    outer loop
      vertex 239.5 142.964 2.5
      vertex 238.535 143.364 36.5
      vertex 239.5 142.964 36.5
    endloop
  endfacet
  facet normal 0.382915 0.923783 0
    outer loop
      vertex 238.535 143.364 36.5
      vertex 239.5 142.964 2.5
      vertex 238.535 143.364 2.5
    endloop
  endfacet
  facet normal -0.609155 0.793051 0
    outer loop
      vertex 235.5 142.964 2.5
      vertex 234.672 142.328 36.5
      vertex 235.5 142.964 36.5
    endloop
  endfacet
  facet normal -0.609155 0.793051 0
    outer loop
      vertex 234.672 142.328 36.5
      vertex 235.5 142.964 2.5
      vertex 234.672 142.328 2.5
    endloop
  endfacet
  facet normal -0.793051 0.609155 0
    outer loop
      vertex 234.036 141.5 2.5
      vertex 234.672 142.328 36.5
      vertex 234.672 142.328 2.5
    endloop
  endfacet
  facet normal -0.793051 0.609155 0
    outer loop
      vertex 234.672 142.328 36.5
      vertex 234.036 141.5 2.5
      vertex 234.036 141.5 36.5
    endloop
  endfacet
  facet normal -0.382915 0.923783 0
    outer loop
      vertex 236.465 143.364 2.5
      vertex 235.5 142.964 36.5
      vertex 236.465 143.364 36.5
    endloop
  endfacet
  facet normal -0.382915 0.923783 0
    outer loop
      vertex 235.5 142.964 36.5
      vertex 236.465 143.364 2.5
      vertex 235.5 142.964 2.5
    endloop
  endfacet
  facet normal 0.923783 -0.382915 0
    outer loop
      vertex 240.964 137.5 36.5
      vertex 241.364 138.465 2.5
      vertex 241.364 138.465 36.5
    endloop
  endfacet
  facet normal 0.923783 -0.382915 0
    outer loop
      vertex 241.364 138.465 2.5
      vertex 240.964 137.5 36.5
      vertex 240.964 137.5 2.5
    endloop
  endfacet
  facet normal -0.609155 -0.793051 0
    outer loop
      vertex 234.672 136.672 2.5
      vertex 235.5 136.036 36.5
      vertex 234.672 136.672 36.5
    endloop
  endfacet
  facet normal -0.609155 -0.793051 -0
    outer loop
      vertex 235.5 136.036 36.5
      vertex 234.672 136.672 2.5
      vertex 235.5 136.036 2.5
    endloop
  endfacet
  facet normal 0.793051 0.609155 0
    outer loop
      vertex 240.964 141.5 36.5
      vertex 240.328 142.328 2.5
      vertex 240.328 142.328 36.5
    endloop
  endfacet
  facet normal 0.793051 0.609155 0
    outer loop
      vertex 240.328 142.328 2.5
      vertex 240.964 141.5 36.5
      vertex 240.964 141.5 2.5
    endloop
  endfacet
  facet normal -0.923783 0.382915 0
    outer loop
      vertex 233.636 140.535 2.5
      vertex 234.036 141.5 36.5
      vertex 234.036 141.5 2.5
    endloop
  endfacet
  facet normal -0.923783 0.382915 0
    outer loop
      vertex 234.036 141.5 36.5
      vertex 233.636 140.535 2.5
      vertex 233.636 140.535 36.5
    endloop
  endfacet
  facet normal 0 0 1
    outer loop
      vertex 238.9 139.5 36.5
      vertex 241.5 139.5 36.5
      vertex 241.364 140.535 36.5
    endloop
  endfacet
  facet normal 0 0 1
    outer loop
      vertex 238.831 139.933 36.5
      vertex 241.364 140.535 36.5
      vertex 240.964 141.5 36.5
    endloop
  endfacet
  facet normal 0 0 1
    outer loop
      vertex 241.5 139.5 36.5
      vertex 238.9 139.5 36.5
      vertex 241.364 138.465 36.5
    endloop
  endfacet
  facet normal 0 0 1
    outer loop
      vertex 238.633 140.323 36.5
      vertex 240.964 141.5 36.5
      vertex 240.328 142.328 36.5
    endloop
  endfacet
  facet normal -0 0 1
    outer loop
      vertex 238.831 139.067 36.5
      vertex 241.364 138.465 36.5
      vertex 238.9 139.5 36.5
    endloop
  endfacet
  facet normal 0 0 1
    outer loop
      vertex 238.323 140.633 36.5
      vertex 240.328 142.328 36.5
      vertex 239.5 142.964 36.5
    endloop
  endfacet
  facet normal 0 0 1
    outer loop
      vertex 241.364 138.465 36.5
      vertex 238.831 139.067 36.5
      vertex 240.964 137.5 36.5
    endloop
  endfacet
  facet normal -0 0 1
    outer loop
      vertex 238.633 138.677 36.5
      vertex 240.964 137.5 36.5
      vertex 238.831 139.067 36.5
    endloop
  endfacet
  facet normal 0 0 1
    outer loop
      vertex 241.364 140.535 36.5
      vertex 238.831 139.933 36.5
      vertex 238.9 139.5 36.5
    endloop
  endfacet
  facet normal 0 0 1
    outer loop
      vertex 240.964 141.5 36.5
      vertex 238.633 140.323 36.5
      vertex 238.831 139.933 36.5
    endloop
  endfacet
  facet normal 0 0 1
    outer loop
      vertex 237.933 140.831 36.5
      vertex 239.5 142.964 36.5
      vertex 238.535 143.364 36.5
    endloop
  endfacet
  facet normal 0 0 1
    outer loop
      vertex 240.328 142.328 36.5
      vertex 238.323 140.633 36.5
      vertex 238.633 140.323 36.5
    endloop
  endfacet
  facet normal 0 0 1
    outer loop
      vertex 239.5 142.964 36.5
      vertex 237.933 140.831 36.5
      vertex 238.323 140.633 36.5
    endloop
  endfacet
  facet normal 0 0 1
    outer loop
      vertex 237.5 140.9 36.5
      vertex 238.535 143.364 36.5
      vertex 237.5 143.5 36.5
    endloop
  endfacet
  facet normal 0 0 1
    outer loop
      vertex 238.535 143.364 36.5
      vertex 237.5 140.9 36.5
      vertex 237.933 140.831 36.5
    endloop
  endfacet
  facet normal -0 0 1
    outer loop
      vertex 236.465 143.364 36.5
      vertex 237.5 140.9 36.5
      vertex 237.5 143.5 36.5
    endloop
  endfacet
  facet normal 0 0 1
    outer loop
      vertex 237.5 140.9 36.5
      vertex 236.465 143.364 36.5
      vertex 237.067 140.831 36.5
    endloop
  endfacet
  facet normal -0 0 1
    outer loop
      vertex 235.5 142.964 36.5
      vertex 237.067 140.831 36.5
      vertex 236.465 143.364 36.5
    endloop
  endfacet
  facet normal 0 0 1
    outer loop
      vertex 237.067 140.831 36.5
      vertex 235.5 142.964 36.5
      vertex 236.677 140.633 36.5
    endloop
  endfacet
  facet normal -0 0 1
    outer loop
      vertex 234.672 142.328 36.5
      vertex 236.677 140.633 36.5
      vertex 235.5 142.964 36.5
    endloop
  endfacet
  facet normal 0 0 1
    outer loop
      vertex 236.677 140.633 36.5
      vertex 234.672 142.328 36.5
      vertex 236.367 140.323 36.5
    endloop
  endfacet
  facet normal -0 0 1
    outer loop
      vertex 234.036 141.5 36.5
      vertex 236.367 140.323 36.5
      vertex 234.672 142.328 36.5
    endloop
  endfacet
  facet normal 0 0 1
    outer loop
      vertex 240.964 137.5 36.5
      vertex 238.633 138.677 36.5
      vertex 240.328 136.672 36.5
    endloop
  endfacet
  facet normal -0 0 1
    outer loop
      vertex 238.323 138.367 36.5
      vertex 240.328 136.672 36.5
      vertex 238.633 138.677 36.5
    endloop
  endfacet
  facet normal 0 0 1
    outer loop
      vertex 240.328 136.672 36.5
      vertex 238.323 138.367 36.5
      vertex 239.5 136.036 36.5
    endloop
  endfacet
  facet normal -0 0 1
    outer loop
      vertex 237.933 138.169 36.5
      vertex 239.5 136.036 36.5
      vertex 238.323 138.367 36.5
    endloop
  endfacet
  facet normal 0 0 1
    outer loop
      vertex 239.5 136.036 36.5
      vertex 237.933 138.169 36.5
      vertex 238.535 135.636 36.5
    endloop
  endfacet
  facet normal -0 0 1
    outer loop
      vertex 237.5 138.1 36.5
      vertex 238.535 135.636 36.5
      vertex 237.933 138.169 36.5
    endloop
  endfacet
  facet normal 0 0 1
    outer loop
      vertex 237.5 138.1 36.5
      vertex 237.5 135.5 36.5
      vertex 238.535 135.636 36.5
    endloop
  endfacet
  facet normal 0 0 1
    outer loop
      vertex 236.465 135.636 36.5
      vertex 237.5 138.1 36.5
      vertex 237.067 138.169 36.5
    endloop
  endfacet
  facet normal 0 0 1
    outer loop
      vertex 235.5 136.036 36.5
      vertex 237.067 138.169 36.5
      vertex 236.677 138.367 36.5
    endloop
  endfacet
  facet normal 0 0 1
    outer loop
      vertex 237.5 138.1 36.5
      vertex 236.465 135.636 36.5
      vertex 237.5 135.5 36.5
    endloop
  endfacet
  facet normal 0 0 1
    outer loop
      vertex 234.672 136.672 36.5
      vertex 236.677 138.367 36.5
      vertex 236.367 138.677 36.5
    endloop
  endfacet
  facet normal 0 0 1
    outer loop
      vertex 234.036 137.5 36.5
      vertex 236.367 138.677 36.5
      vertex 236.169 139.067 36.5
    endloop
  endfacet
  facet normal 0 0 1
    outer loop
      vertex 233.636 138.465 36.5
      vertex 236.169 139.067 36.5
      vertex 236.1 139.5 36.5
    endloop
  endfacet
  facet normal 0 0 1
    outer loop
      vertex 236.367 140.323 36.5
      vertex 234.036 141.5 36.5
      vertex 236.169 139.933 36.5
    endloop
  endfacet
  facet normal 0 0 1
    outer loop
      vertex 237.067 138.169 36.5
      vertex 235.5 136.036 36.5
      vertex 236.465 135.636 36.5
    endloop
  endfacet
  facet normal -0 0 1
    outer loop
      vertex 233.636 140.535 36.5
      vertex 236.169 139.933 36.5
      vertex 234.036 141.5 36.5
    endloop
  endfacet
  facet normal 0 0 1
    outer loop
      vertex 236.677 138.367 36.5
      vertex 234.672 136.672 36.5
      vertex 235.5 136.036 36.5
    endloop
  endfacet
  facet normal 0 0 1
    outer loop
      vertex 236.169 139.933 36.5
      vertex 233.636 140.535 36.5
      vertex 236.1 139.5 36.5
    endloop
  endfacet
  facet normal 0 0 1
    outer loop
      vertex 236.367 138.677 36.5
      vertex 234.036 137.5 36.5
      vertex 234.672 136.672 36.5
    endloop
  endfacet
  facet normal 0 0 1
    outer loop
      vertex 233.5 139.5 36.5
      vertex 236.1 139.5 36.5
      vertex 233.636 140.535 36.5
    endloop
  endfacet
  facet normal 0 0 1
    outer loop
      vertex 236.169 139.067 36.5
      vertex 233.636 138.465 36.5
      vertex 234.036 137.5 36.5
    endloop
  endfacet
  facet normal 0 0 1
    outer loop
      vertex 236.1 139.5 36.5
      vertex 233.5 139.5 36.5
      vertex 233.636 138.465 36.5
    endloop
  endfacet
  facet normal -0.130281 0.991477 0
    outer loop
      vertex 237.5 143.5 2.5
      vertex 236.465 143.364 36.5
      vertex 237.5 143.5 36.5
    endloop
  endfacet
  facet normal -0.130281 0.991477 0
    outer loop
      vertex 236.465 143.364 36.5
      vertex 237.5 143.5 2.5
      vertex 236.465 143.364 2.5
    endloop
  endfacet
  facet normal 0.991477 -0.130281 0
    outer loop
      vertex 241.364 138.465 36.5
      vertex 241.5 139.5 2.5
      vertex 241.5 139.5 36.5
    endloop
  endfacet
  facet normal 0.991477 -0.130281 0
    outer loop
      vertex 241.5 139.5 2.5
      vertex 241.364 138.465 36.5
      vertex 241.364 138.465 2.5
    endloop
  endfacet
  facet normal 0.130281 -0.991477 0
    outer loop
      vertex 237.5 135.5 2.5
      vertex 238.535 135.636 36.5
      vertex 237.5 135.5 36.5
    endloop
  endfacet
  facet normal 0.130281 -0.991477 0
    outer loop
      vertex 238.535 135.636 36.5
      vertex 237.5 135.5 2.5
      vertex 238.535 135.636 2.5
    endloop
  endfacet
  facet normal 0.609155 -0.793051 0
    outer loop
      vertex 239.5 136.036 2.5
      vertex 240.328 136.672 36.5
      vertex 239.5 136.036 36.5
    endloop
  endfacet
  facet normal 0.609155 -0.793051 0
    outer loop
      vertex 240.328 136.672 36.5
      vertex 239.5 136.036 2.5
      vertex 240.328 136.672 2.5
    endloop
  endfacet
  facet normal -0.382915 -0.923783 0
    outer loop
      vertex 235.5 136.036 2.5
      vertex 236.465 135.636 36.5
      vertex 235.5 136.036 36.5
    endloop
  endfacet
  facet normal -0.382915 -0.923783 -0
    outer loop
      vertex 236.465 135.636 36.5
      vertex 235.5 136.036 2.5
      vertex 236.465 135.636 2.5
    endloop
  endfacet
  facet normal -0.793051 -0.609155 0
    outer loop
      vertex 234.672 136.672 2.5
      vertex 234.036 137.5 36.5
      vertex 234.036 137.5 2.5
    endloop
  endfacet
  facet normal -0.793051 -0.609155 0
    outer loop
      vertex 234.036 137.5 36.5
      vertex 234.672 136.672 2.5
      vertex 234.672 136.672 36.5
    endloop
  endfacet
  facet normal -0.991477 -0.130281 0
    outer loop
      vertex 233.636 138.465 2.5
      vertex 233.5 139.5 36.5
      vertex 233.5 139.5 2.5
    endloop
  endfacet
  facet normal -0.991477 -0.130281 0
    outer loop
      vertex 233.5 139.5 36.5
      vertex 233.636 138.465 2.5
      vertex 233.636 138.465 36.5
    endloop
  endfacet
  facet normal 0.382915 -0.923783 0
    outer loop
      vertex 238.535 135.636 2.5
      vertex 239.5 136.036 36.5
      vertex 238.535 135.636 36.5
    endloop
  endfacet
  facet normal 0.382915 -0.923783 0
    outer loop
      vertex 239.5 136.036 36.5
      vertex 238.535 135.636 2.5
      vertex 239.5 136.036 2.5
    endloop
  endfacet
  facet normal 0.793051 -0.609155 0
    outer loop
      vertex 240.328 136.672 36.5
      vertex 240.964 137.5 2.5
      vertex 240.964 137.5 36.5
    endloop
  endfacet
  facet normal 0.793051 -0.609155 0
    outer loop
      vertex 240.964 137.5 2.5
      vertex 240.328 136.672 36.5
      vertex 240.328 136.672 2.5
    endloop
  endfacet
  facet normal -0.130281 -0.991477 0
    outer loop
      vertex 236.465 135.636 2.5
      vertex 237.5 135.5 36.5
      vertex 236.465 135.636 36.5
    endloop
  endfacet
  facet normal -0.130281 -0.991477 -0
    outer loop
      vertex 237.5 135.5 36.5
      vertex 236.465 135.636 2.5
      vertex 237.5 135.5 2.5
    endloop
  endfacet
  facet normal -0.923783 -0.382915 0
    outer loop
      vertex 234.036 137.5 2.5
      vertex 233.636 138.465 36.5
      vertex 233.636 138.465 2.5
    endloop
  endfacet
  facet normal -0.923783 -0.382915 0
    outer loop
      vertex 233.636 138.465 36.5
      vertex 234.036 137.5 2.5
      vertex 234.036 137.5 36.5
    endloop
  endfacet
  facet normal 0.98754 -0.157368 0
    outer loop
      vertex 236.1 139.5 36.5
      vertex 236.169 139.933 28.5
      vertex 236.169 139.933 36.5
    endloop
  endfacet
  facet normal 0.98754 -0.157368 0
    outer loop
      vertex 236.169 139.933 28.5
      vertex 236.1 139.5 36.5
      vertex 236.1 139.5 28.5
    endloop
  endfacet
  facet normal -0.707107 -0.707107 0
    outer loop
      vertex 238.633 140.323 28.5
      vertex 238.323 140.633 36.5
      vertex 238.323 140.633 28.5
    endloop
  endfacet
  facet normal -0.707107 -0.707107 0
    outer loop
      vertex 238.323 140.633 36.5
      vertex 238.633 140.323 28.5
      vertex 238.633 140.323 36.5
    endloop
  endfacet
  facet normal -0.891667 -0.452692 0
    outer loop
      vertex 238.831 139.933 28.5
      vertex 238.633 140.323 36.5
      vertex 238.633 140.323 28.5
    endloop
  endfacet
  facet normal -0.891667 -0.452692 0
    outer loop
      vertex 238.633 140.323 36.5
      vertex 238.831 139.933 28.5
      vertex 238.831 139.933 36.5
    endloop
  endfacet
  facet normal -0.157368 -0.98754 0
    outer loop
      vertex 237.5 140.9 28.5
      vertex 237.933 140.831 36.5
      vertex 237.5 140.9 36.5
    endloop
  endfacet
  facet normal -0.157368 -0.98754 -0
    outer loop
      vertex 237.933 140.831 36.5
      vertex 237.5 140.9 28.5
      vertex 237.933 140.831 28.5
    endloop
  endfacet
  facet normal -0.452692 -0.891667 0
    outer loop
      vertex 237.933 140.831 28.5
      vertex 238.323 140.633 36.5
      vertex 237.933 140.831 36.5
    endloop
  endfacet
  facet normal -0.452692 -0.891667 -0
    outer loop
      vertex 238.323 140.633 36.5
      vertex 237.933 140.831 28.5
      vertex 238.323 140.633 28.5
    endloop
  endfacet
  facet normal 0.452692 -0.891667 0
    outer loop
      vertex 236.677 140.633 28.5
      vertex 237.067 140.831 36.5
      vertex 236.677 140.633 36.5
    endloop
  endfacet
  facet normal 0.452692 -0.891667 0
    outer loop
      vertex 237.067 140.831 36.5
      vertex 236.677 140.633 28.5
      vertex 237.067 140.831 28.5
    endloop
  endfacet
  facet normal 0.707107 -0.707107 0
    outer loop
      vertex 236.367 140.323 36.5
      vertex 236.677 140.633 28.5
      vertex 236.677 140.633 36.5
    endloop
  endfacet
  facet normal 0.707107 -0.707107 0
    outer loop
      vertex 236.677 140.633 28.5
      vertex 236.367 140.323 36.5
      vertex 236.367 140.323 28.5
    endloop
  endfacet
  facet normal -0.98754 0.157368 0
    outer loop
      vertex 238.831 139.067 28.5
      vertex 238.9 139.5 36.5
      vertex 238.9 139.5 28.5
    endloop
  endfacet
  facet normal -0.98754 0.157368 0
    outer loop
      vertex 238.9 139.5 36.5
      vertex 238.831 139.067 28.5
      vertex 238.831 139.067 36.5
    endloop
  endfacet
  facet normal 0.157368 -0.98754 0
    outer loop
      vertex 237.067 140.831 28.5
      vertex 237.5 140.9 36.5
      vertex 237.067 140.831 36.5
    endloop
  endfacet
  facet normal 0.157368 -0.98754 0
    outer loop
      vertex 237.5 140.9 36.5
      vertex 237.067 140.831 28.5
      vertex 237.5 140.9 28.5
    endloop
  endfacet
  facet normal 0.891667 -0.452692 0
    outer loop
      vertex 236.169 139.933 36.5
      vertex 236.367 140.323 28.5
      vertex 236.367 140.323 36.5
    endloop
  endfacet
  facet normal 0.891667 -0.452692 0
    outer loop
      vertex 236.367 140.323 28.5
      vertex 236.169 139.933 36.5
      vertex 236.169 139.933 28.5
    endloop
  endfacet
  facet normal -0.98754 -0.157368 0
    outer loop
      vertex 238.9 139.5 28.5
      vertex 238.831 139.933 36.5
      vertex 238.831 139.933 28.5
    endloop
  endfacet
  facet normal -0.98754 -0.157368 0
    outer loop
      vertex 238.831 139.933 36.5
      vertex 238.9 139.5 28.5
      vertex 238.9 139.5 36.5
    endloop
  endfacet
  facet normal 0.98754 0.157368 0
    outer loop
      vertex 236.169 139.067 36.5
      vertex 236.1 139.5 28.5
      vertex 236.1 139.5 36.5
    endloop
  endfacet
  facet normal 0.98754 0.157368 0
    outer loop
      vertex 236.1 139.5 28.5
      vertex 236.169 139.067 36.5
      vertex 236.169 139.067 28.5
    endloop
  endfacet
  facet normal -0.452692 0.891667 0
    outer loop
      vertex 238.323 138.367 28.5
      vertex 237.933 138.169 36.5
      vertex 238.323 138.367 36.5
    endloop
  endfacet
  facet normal -0.452692 0.891667 0
    outer loop
      vertex 237.933 138.169 36.5
      vertex 238.323 138.367 28.5
      vertex 237.933 138.169 28.5
    endloop
  endfacet
  facet normal -0.707107 0.707107 0
    outer loop
      vertex 238.323 138.367 28.5
      vertex 238.633 138.677 36.5
      vertex 238.633 138.677 28.5
    endloop
  endfacet
  facet normal -0.707107 0.707107 0
    outer loop
      vertex 238.633 138.677 36.5
      vertex 238.323 138.367 28.5
      vertex 238.323 138.367 36.5
    endloop
  endfacet
  facet normal -0.891667 0.452692 0
    outer loop
      vertex 238.633 138.677 28.5
      vertex 238.831 139.067 36.5
      vertex 238.831 139.067 28.5
    endloop
  endfacet
  facet normal -0.891667 0.452692 0
    outer loop
      vertex 238.831 139.067 36.5
      vertex 238.633 138.677 28.5
      vertex 238.633 138.677 36.5
    endloop
  endfacet
  facet normal 0.707107 0.707107 0
    outer loop
      vertex 236.677 138.367 36.5
      vertex 236.367 138.677 28.5
      vertex 236.367 138.677 36.5
    endloop
  endfacet
  facet normal 0.707107 0.707107 0
    outer loop
      vertex 236.367 138.677 28.5
      vertex 236.677 138.367 36.5
      vertex 236.677 138.367 28.5
    endloop
  endfacet
  facet normal 0.452692 0.891667 -0
    outer loop
      vertex 237.067 138.169 28.5
      vertex 236.677 138.367 36.5
      vertex 237.067 138.169 36.5
    endloop
  endfacet
  facet normal 0.452692 0.891667 0
    outer loop
      vertex 236.677 138.367 36.5
      vertex 237.067 138.169 28.5
      vertex 236.677 138.367 28.5
    endloop
  endfacet
  facet normal 0.157368 0.98754 -0
    outer loop
      vertex 237.5 138.1 28.5
      vertex 237.067 138.169 36.5
      vertex 237.5 138.1 36.5
    endloop
  endfacet
  facet normal 0.157368 0.98754 0
    outer loop
      vertex 237.067 138.169 36.5
      vertex 237.5 138.1 28.5
      vertex 237.067 138.169 28.5
    endloop
  endfacet
  facet normal 0 0 1
    outer loop
      vertex 238.831 139.933 28.5
      vertex 238.831 139.067 28.5
      vertex 238.9 139.5 28.5
    endloop
  endfacet
  facet normal 0 0 1
    outer loop
      vertex 238.633 140.323 28.5
      vertex 238.831 139.067 28.5
      vertex 238.831 139.933 28.5
    endloop
  endfacet
  facet normal 0 0 1
    outer loop
      vertex 238.633 140.323 28.5
      vertex 238.633 138.677 28.5
      vertex 238.831 139.067 28.5
    endloop
  endfacet
  facet normal 0 0 1
    outer loop
      vertex 238.323 140.633 28.5
      vertex 238.633 138.677 28.5
      vertex 238.633 140.323 28.5
    endloop
  endfacet
  facet normal 0 0 1
    outer loop
      vertex 238.323 140.633 28.5
      vertex 238.323 138.367 28.5
      vertex 238.633 138.677 28.5
    endloop
  endfacet
  facet normal 0 0 1
    outer loop
      vertex 237.933 140.831 28.5
      vertex 238.323 138.367 28.5
      vertex 238.323 140.633 28.5
    endloop
  endfacet
  facet normal 0 0 1
    outer loop
      vertex 237.933 140.831 28.5
      vertex 237.933 138.169 28.5
      vertex 238.323 138.367 28.5
    endloop
  endfacet
  facet normal 0 0 1
    outer loop
      vertex 237.5 140.9 28.5
      vertex 237.933 138.169 28.5
      vertex 237.933 140.831 28.5
    endloop
  endfacet
  facet normal 0 0 1
    outer loop
      vertex 237.5 140.9 28.5
      vertex 237.5 138.1 28.5
      vertex 237.933 138.169 28.5
    endloop
  endfacet
  facet normal -0 0 1
    outer loop
      vertex 237.067 140.831 28.5
      vertex 237.5 138.1 28.5
      vertex 237.5 140.9 28.5
    endloop
  endfacet
  facet normal 0 0 1
    outer loop
      vertex 237.067 140.831 28.5
      vertex 237.067 138.169 28.5
      vertex 237.5 138.1 28.5
    endloop
  endfacet
  facet normal -0 0 1
    outer loop
      vertex 236.677 140.633 28.5
      vertex 237.067 138.169 28.5
      vertex 237.067 140.831 28.5
    endloop
  endfacet
  facet normal 0 0 1
    outer loop
      vertex 236.677 140.633 28.5
      vertex 236.677 138.367 28.5
      vertex 237.067 138.169 28.5
    endloop
  endfacet
  facet normal -0 0 1
    outer loop
      vertex 236.367 140.323 28.5
      vertex 236.677 138.367 28.5
      vertex 236.677 140.633 28.5
    endloop
  endfacet
  facet normal 0 0 1
    outer loop
      vertex 236.367 140.323 28.5
      vertex 236.367 138.677 28.5
      vertex 236.677 138.367 28.5
    endloop
  endfacet
  facet normal -0 0 1
    outer loop
      vertex 236.169 139.933 28.5
      vertex 236.367 138.677 28.5
      vertex 236.367 140.323 28.5
    endloop
  endfacet
  facet normal 0 0 1
    outer loop
      vertex 236.169 139.933 28.5
      vertex 236.169 139.067 28.5
      vertex 236.367 138.677 28.5
    endloop
  endfacet
  facet normal 0 -0 1
    outer loop
      vertex 236.169 139.067 28.5
      vertex 236.169 139.933 28.5
      vertex 236.1 139.5 28.5
    endloop
  endfacet
  facet normal 0.891667 0.452692 0
    outer loop
      vertex 236.367 138.677 36.5
      vertex 236.169 139.067 28.5
      vertex 236.169 139.067 36.5
    endloop
  endfacet
  facet normal 0.891667 0.452692 0
    outer loop
      vertex 236.169 139.067 28.5
      vertex 236.367 138.677 36.5
      vertex 236.367 138.677 28.5
    endloop
  endfacet
  facet normal -0.157368 0.98754 0
    outer loop
      vertex 237.933 138.169 28.5
      vertex 237.5 138.1 36.5
      vertex 237.933 138.169 36.5
    endloop
  endfacet
  facet normal -0.157368 0.98754 0
    outer loop
      vertex 237.5 138.1 36.5
      vertex 237.933 138.169 28.5
      vertex 237.5 138.1 28.5
    endloop
  endfacet
endsolid OpenSCAD_Model
